# Blender v3.0.1 OBJ File: ''
# www.blender.org
mtllib bunny_low_poly.mtl
o bunny
v -0.620789 1.511903 -0.543603
v -0.614638 1.490924 -0.536567
v -0.614221 1.476429 -0.519153
v -0.620546 1.524468 -0.495259
v -0.625475 1.537257 -0.486701
v -0.641512 1.517800 -0.432096
v -0.681826 1.544526 -0.400199
v -0.709768 1.597810 -0.451595
v -0.744036 1.583362 -0.406885
v -0.797955 1.530733 -0.375831
v -0.796825 1.543563 -0.380474
v -0.793542 1.510624 -0.365723
v -0.800725 1.492500 -0.332751
v -0.802102 1.505199 -0.336021
v -0.796170 1.516880 -0.331027
v -0.787739 1.526060 -0.332342
v -0.744065 1.499675 -0.247446
v -0.657149 1.458510 -0.222339
v -0.625004 1.423011 -0.309568
v -0.631147 1.459458 -0.377501
v -0.652883 1.526284 -0.533804
v -0.625109 1.538890 -0.539851
v -0.615238 1.538517 -0.533192
v -0.631793 1.564365 -0.529950
v -0.651845 1.583793 -0.523942
v -0.668075 1.588186 -0.520927
v -0.677054 1.598972 -0.503990
v -0.667460 1.596923 -0.496099
v -0.697751 1.602804 -0.485454
v -0.722700 1.600470 -0.459302
v -0.726507 1.595594 -0.474226
v -0.708288 1.595704 -0.491128
v -0.650947 1.570338 -0.472655
v -0.657162 1.546546 -0.434911
v -0.620252 1.474693 -0.537252
v -0.630182 1.440483 -0.527770
v -0.619481 1.442489 -0.510459
v -0.625296 1.430558 -0.456647
v -0.631773 1.406155 -0.497018
v -0.649822 1.363135 -0.463265
v -0.659783 1.359381 -0.471252
v -0.681999 1.333575 -0.445628
v -0.670896 1.322946 -0.423740
v -0.684191 1.314856 -0.420030
v -0.673819 1.304919 -0.392374
v -0.680440 1.286661 -0.353790
v -0.672808 1.283087 -0.310099
v -0.657906 1.266135 -0.236251
v -0.642913 1.280614 -0.234749
v -0.647303 1.248255 -0.165222
v -0.633343 1.268878 -0.179848
v -0.612752 1.308298 -0.096476
v -0.614452 1.335662 -0.092045
v -0.626732 1.358274 -0.077882
v -0.616379 1.377276 -0.166413
v -0.611531 1.341574 -0.164578
v -0.621476 1.295271 -0.184002
v -0.617407 1.370764 -0.131620
v -0.666144 1.514274 -0.520302
v -0.693084 1.559693 -0.500365
v -0.739655 1.583916 -0.466594
v -0.766329 1.573884 -0.440177
v -0.753418 1.514909 -0.397974
v -0.739036 1.470004 -0.368872
v -0.752147 1.435002 -0.304726
v -0.741665 1.405389 -0.290434
v -0.741621 1.360475 -0.229138
v -0.748586 1.332387 -0.141733
v -0.747327 1.308528 -0.146729
v -0.761379 1.271116 -0.155492
v -0.753895 1.257011 -0.106279
v -0.735667 1.244255 -0.148092
v -0.716348 1.229347 -0.143952
v -0.733794 1.227819 -0.087175
v -0.718808 1.215080 -0.075688
v -0.694679 1.201260 -0.045048
v -0.699165 1.181158 0.010094
v -0.658814 1.181052 0.009927
v -0.632357 1.192249 0.016975
v -0.638188 1.172964 0.025917
v -0.609907 1.165869 0.040897
v -0.575451 1.164952 0.053543
v -0.545611 1.166250 0.074429
v -0.517334 1.184437 0.095431
v -0.488350 1.149850 0.135813
v -0.499165 1.117007 0.102237
v -0.477669 1.114116 0.144788
v -0.467220 1.084000 0.145276
v -0.472379 1.065966 0.108465
v -0.518166 1.085904 0.059890
v -0.579074 1.099764 0.036652
v -0.611403 1.070433 0.019533
v -0.662373 1.055848 0.009662
v -0.705038 1.042663 0.007891
v -0.747700 1.015627 0.016896
v -0.766875 0.979357 0.026624
v -0.837910 1.036602 0.059656
v -0.854392 1.081005 0.096026
v -0.856401 1.107226 0.111896
v -0.900604 1.086470 0.150929
v -0.903274 1.102111 0.167940
v -0.882627 1.135954 0.174249
v -0.906932 1.107048 0.197048
v -0.901347 1.126097 0.246921
v -0.913810 1.182399 0.272243
v -0.922001 1.180999 0.294717
v -0.920280 1.191015 0.322013
v -0.916945 1.215537 0.328049
v -0.917817 1.232655 0.331670
v -0.905012 1.246176 0.371773
v -0.890725 1.274125 0.350062
v -0.829446 1.308969 0.320641
v -0.730524 1.324794 0.345923
v -0.735934 1.318298 0.380695
v -0.707243 1.309859 0.417693
v -0.653560 1.312563 0.406219
v -0.666322 1.292372 0.457798
v -0.670955 1.268505 0.498733
v -0.612445 1.285141 0.465890
v -0.598962 1.263530 0.483318
v -0.579743 1.242961 0.485949
v -0.562965 1.279308 0.447919
v -0.615417 1.304858 0.419674
v -0.699213 1.328670 0.313424
v -0.809729 1.316562 0.272333
v -0.856430 1.300746 0.265586
v -0.834934 1.300729 0.210043
v -0.889227 1.283539 0.259708
v -0.888200 1.287440 0.300115
v -0.773880 1.031101 0.024437
v -0.765405 1.070711 0.030570
v -0.802102 1.065191 0.054907
v -0.822008 1.090886 0.073690
v -0.817902 1.121344 0.080798
v -0.828558 1.158247 0.110405
v -0.860910 1.153415 0.132611
v -0.877025 1.114789 0.139774
v -0.800708 1.030150 0.043234
v -0.877191 1.165632 0.208715
v -0.886547 1.190985 0.238244
v -0.900955 1.163456 0.260535
v -0.904447 1.206105 0.261844
v -0.913200 1.220954 0.287196
v -0.915676 1.241342 0.283859
v -0.913910 1.255037 0.325693
v -0.910994 1.258290 0.267176
v -0.907154 1.271341 0.302126
v -0.907177 1.238191 0.247861
v -0.893746 1.218414 0.224579
v -0.865037 1.240943 0.190741
v -0.836279 1.285322 0.170427
v -0.890544 1.268473 0.232510
v -0.895095 1.234385 0.221939
v -0.866843 1.273761 0.206910
v -0.762687 1.092802 0.032218
v -0.635119 1.153605 0.027743
v -0.697494 1.081880 0.014767
v -0.626620 1.261998 -0.114684
v -0.656858 1.213102 -0.070376
v -0.644662 1.204013 -0.032201
v -0.628787 1.232232 -0.053609
v -0.619606 1.270601 -0.066712
v -0.618568 1.301942 -0.038187
v -0.626245 1.326171 -0.030070
v -0.692879 1.397427 -0.021363
v -0.722342 1.425221 -0.067805
v -0.669257 1.405777 -0.061942
v -0.655094 1.409944 -0.095907
v -0.666858 1.437191 -0.137090
v -0.636636 1.425045 -0.197035
v -0.624401 1.413385 -0.243957
v -0.657430 1.363020 -0.014029
v -0.638039 1.399397 -0.115974
v -0.745055 1.590119 -0.431094
v -0.689872 1.516228 -0.486922
v -0.714839 1.533675 -0.461485
v -0.644026 1.478037 -0.533871
v -0.667082 1.419343 -0.511510
v -0.676096 1.430215 -0.503218
v -0.694330 1.451141 -0.457666
v -0.709647 1.458355 -0.425056
v -0.632751 1.418239 -0.515909
v -0.639694 1.394831 -0.498660
v -0.655077 1.389916 -0.501185
v -0.677780 1.382809 -0.491312
v -0.701149 1.421882 -0.438112
v -0.677974 1.470785 -0.496947
v -0.723484 1.499696 -0.424157
v -0.624848 1.482785 -0.438518
v -0.682843 1.580099 -0.512763
v -0.638182 1.578282 -0.508758
v -0.676839 1.589706 -0.465631
v -0.702580 1.329262 -0.433047
v -0.711487 1.332808 -0.423561
v -0.722407 1.312373 -0.388543
v -0.723956 1.298528 -0.373962
v -0.718795 1.272671 -0.337539
v -0.702632 1.266880 -0.316015
v -0.691038 1.243092 -0.206826
v -0.658470 1.233927 -0.140111
v -0.681682 1.221828 -0.125474
v -0.640294 1.228196 -0.081092
v -0.700921 1.224627 -0.138709
v -0.726458 1.255357 -0.274392
v -0.744457 1.260556 -0.261434
v -0.753930 1.268826 -0.225190
v -0.757895 1.283905 -0.173443
v -0.737981 1.316271 -0.243128
v -0.728634 1.341131 -0.301924
v -0.734043 1.433103 -0.341752
v -0.722739 1.425050 -0.370358
v -0.736570 1.345406 -0.246853
v -0.732715 1.290798 -0.349257
v -0.708111 1.368876 -0.420856
v -0.695421 1.372796 -0.469529
v -0.691684 1.352665 -0.462076
v -0.741316 1.283451 -0.305277
v -0.741624 1.271911 -0.299716
v -0.735446 1.281322 -0.330923
v -0.719372 1.361986 -0.357886
v -0.713956 1.389214 -0.387581
v -0.741645 1.550656 -0.444039
v -0.625570 1.462003 -0.425964
v -0.625684 1.424497 -0.364944
v -0.632255 1.388187 -0.384023
v -0.639129 1.361749 -0.372665
v -0.665576 1.301847 -0.342206
v -0.756180 1.585483 -0.445454
v -0.780323 1.574586 -0.416140
v -0.790920 1.556362 -0.407418
v -0.693297 1.523473 -0.347052
v -0.707550 1.509218 -0.290270
v -0.727319 1.508713 -0.270943
v -0.757799 1.545825 -0.342989
v -0.730332 1.543443 -0.346934
v -0.724272 1.563171 -0.384840
v -0.748025 1.516395 -0.288214
v -0.784097 1.561049 -0.385832
v -0.770497 1.556473 -0.430870
v -0.786972 1.542855 -0.406089
v -0.759715 1.479974 -0.352194
v -0.764425 1.436530 -0.290449
v -0.802011 1.451492 -0.266560
v -0.794541 1.436835 -0.259664
v -0.756246 1.378223 -0.206201
v -0.756316 1.347854 -0.144883
v -0.788328 1.373094 -0.133907
v -0.788338 1.387286 -0.168863
v -0.791551 1.408969 -0.210036
v -0.797006 1.424093 -0.204083
v -0.792239 1.442528 -0.203316
v -0.786461 1.472183 -0.235328
v -0.760910 1.449745 -0.145303
v -0.721277 1.461388 -0.139507
v -0.700650 1.434555 -0.088761
v -0.765865 1.425038 -0.110125
v -0.768161 1.393820 -0.057155
v -0.785148 1.399990 -0.127556
v -0.793203 1.403005 -0.167635
v -0.756279 1.399308 -0.045578
v -0.766645 1.478448 -0.212581
v -0.729844 1.476351 -0.176511
v -0.802309 1.467480 -0.268188
v -0.803981 1.486855 -0.311948
v -0.800863 1.470432 -0.305916
v -0.777674 1.496174 -0.269267
v -0.626385 1.387071 -0.338592
v -0.631880 1.348011 -0.310821
v -0.621305 1.381514 -0.297247
v -0.649832 1.310340 -0.310394
v -0.657359 1.517468 -0.396817
v -0.713354 1.308271 -0.400240
v -0.669607 1.511553 -0.362043
v -0.700643 1.291115 -0.373022
v -0.671460 1.252848 -0.222776
v -0.643113 1.462125 -0.318198
v -0.661365 1.482627 -0.306845
v -0.682375 1.496697 -0.294040
v -0.705360 1.486899 -0.210858
v -0.677704 1.471563 -0.207741
v -0.652297 1.490164 -0.358450
v -0.759675 1.402393 -0.243082
v -0.744062 1.322280 -0.169050
v -0.764887 1.282373 -0.098958
v -0.765379 1.265035 -0.084200
v -0.767011 1.263940 -0.025886
v -0.767036 1.251055 -0.005751
v -0.763205 1.266066 0.033314
v -0.773488 1.292785 0.061557
v -0.763240 1.323377 0.052543
v -0.773445 1.362381 -0.027139
v -0.727030 1.328409 -0.338448
v -0.733948 1.381748 -0.296421
v -0.614590 1.373583 -0.244740
v -0.613711 1.373136 -0.193616
v -0.624371 1.314061 -0.237860
v -0.694651 1.463910 -0.160138
v -0.742452 1.252227 -0.207753
v -0.722899 1.247626 -0.224401
v -0.149934 0.529715 -0.337790
v -0.169864 0.541445 -0.338271
v -0.181750 0.604530 -0.323317
v -0.265522 0.610770 -0.293043
v -0.268615 0.633156 -0.268619
v -0.297565 0.600970 -0.264462
v -0.297059 0.620884 -0.242629
v -0.314857 0.591898 -0.228147
v -0.328492 0.597207 -0.185178
v -0.357577 0.517548 -0.157578
v -0.392397 0.472682 -0.105779
v -0.436553 0.431108 -0.100857
v -0.455746 0.371081 -0.069868
v -0.457575 0.414710 -0.089334
v -0.470665 0.331688 -0.051602
v -0.451349 0.340894 -0.055600
v -0.400772 0.310952 -0.039586
v -0.386119 0.243219 -0.029765
v -0.346893 0.231449 -0.026983
v -0.347179 0.211295 -0.035347
v -0.381288 0.198905 -0.048641
v -0.426375 0.179607 -0.070444
v -0.424166 0.170951 -0.112276
v -0.401867 0.167172 -0.161042
v -0.400814 0.142418 -0.197096
v -0.404705 0.116674 -0.215183
v -0.363444 0.060635 -0.248497
v -0.338369 0.075303 -0.243485
v -0.275820 0.060489 -0.233875
v -0.267793 0.073479 -0.230898
v -0.239725 0.051740 -0.225099
v -0.179186 0.051962 -0.210619
v -0.161975 0.030798 -0.170051
v -0.126427 0.032746 -0.179279
v -0.078960 0.047458 -0.189742
v -0.089557 0.030901 -0.158967
v -0.056126 0.036804 -0.116698
v 0.011790 0.042393 -0.102321
v 0.001677 0.032539 -0.114016
v 0.020174 0.029001 -0.124452
v 0.079701 0.027428 -0.111617
v 0.138484 0.030183 -0.129215
v 0.137368 0.034256 -0.148474
v 0.157821 0.046456 -0.148975
v 0.186244 0.065403 -0.131763
v 0.199607 0.107514 -0.163265
v 0.217089 0.114414 -0.148594
v 0.222480 0.156169 -0.156094
v 0.213823 0.153693 -0.161832
v 0.177935 0.184917 -0.197752
v 0.161363 0.210487 -0.222040
v 0.146967 0.248012 -0.242980
v 0.098344 0.303968 -0.251839
v 0.054578 0.288642 -0.258798
v 0.046290 0.252136 -0.255523
v 0.032543 0.226001 -0.249461
v 0.001540 0.234488 -0.253682
v 0.019705 0.195467 -0.252781
v -0.010294 0.188636 -0.255661
v -0.038296 0.184604 -0.252088
v -0.052713 0.207243 -0.259210
v -0.088536 0.159578 -0.242940
v -0.113676 0.203770 -0.259716
v -0.119638 0.158897 -0.236685
v -0.153268 0.173637 -0.243643
v -0.160395 0.142441 -0.215599
v -0.167343 0.104740 -0.217790
v -0.225079 0.119129 -0.230315
v -0.374885 0.172160 -0.179071
v -0.335477 0.202278 -0.098119
v -0.321553 0.211323 -0.100269
v -0.322146 0.225590 -0.073474
v -0.319680 0.257532 -0.087272
v -0.330493 0.285144 -0.064870
v -0.336783 0.316729 -0.073957
v -0.356702 0.327067 -0.056480
v -0.356721 0.354481 -0.067263
v -0.340203 0.352591 -0.100114
v -0.341352 0.378855 -0.110013
v -0.329577 0.407178 -0.175289
v -0.315273 0.395739 -0.212295
v -0.300694 0.384740 -0.231804
v -0.311607 0.427381 -0.243066
v -0.299005 0.406473 -0.254212
v -0.331849 0.487323 -0.244373
v -0.331998 0.515487 -0.243775
v -0.335112 0.550559 -0.226059
v -0.347989 0.545019 -0.179267
v -0.340633 0.512855 -0.207836
v -0.322016 0.550601 -0.245344
v -0.297186 0.567565 -0.287603
v -0.309770 0.219770 -0.140552
v -0.315065 0.208121 -0.132249
v -0.336026 0.178750 -0.187845
v -0.334369 0.194061 -0.136709
v -0.359285 0.193028 -0.107436
v -0.334453 0.214907 -0.050620
v -0.336651 0.230314 -0.034652
v -0.344662 0.286373 -0.039043
v -0.380269 0.303712 -0.039211
v -0.411721 0.370156 -0.067336
v -0.358991 0.382757 -0.081746
v -0.341262 0.416434 -0.142692
v -0.350255 0.459550 -0.162129
v -0.332813 0.443820 -0.206166
v -0.348671 0.482176 -0.199628
v -0.335179 0.477253 -0.220052
v -0.359505 0.450570 -0.123666
v -0.366769 0.444295 -0.109397
v -0.361301 0.424326 -0.102816
v -0.393191 0.438955 -0.096955
v -0.383148 0.406644 -0.084577
v -0.338280 0.256397 -0.035645
v -0.356446 0.262021 -0.029467
v -0.196085 0.156133 -0.221002
v -0.201253 0.191861 -0.239008
v -0.203731 0.233467 -0.256196
v -0.159167 0.351137 -0.318024
v -0.133392 0.331642 -0.311182
v -0.143055 0.386206 -0.320232
v -0.127456 0.417606 -0.326425
v -0.160398 0.462653 -0.333381
v -0.137910 0.499515 -0.327664
v -0.106194 0.511597 -0.323975
v -0.092616 0.567326 -0.326573
v -0.094169 0.583243 -0.321546
v -0.075239 0.598201 -0.313134
v -0.056473 0.640430 -0.298913
v -0.020782 0.629354 -0.298507
v 0.047712 0.606151 -0.282576
v 0.098083 0.662862 -0.238057
v 0.064206 0.678263 -0.241369
v -0.030758 0.709349 -0.214604
v -0.070065 0.710516 -0.213283
v -0.040007 0.686059 -0.259754
v -0.119486 0.634438 -0.308000
v -0.169775 0.502785 -0.328127
v -0.223323 0.538054 -0.330559
v -0.269024 0.544489 -0.311794
v -0.269869 0.579253 -0.304740
v -0.305929 0.514175 -0.283271
v -0.320497 0.484705 -0.265917
v -0.283800 0.413253 -0.279602
v -0.286139 0.524163 -0.304370
v -0.296812 0.457356 -0.285679
v -0.194317 0.534256 -0.333062
v -0.199299 0.577721 -0.325616
v -0.235652 0.587026 -0.316820
v -0.212279 0.491647 -0.332081
v -0.214001 0.454913 -0.332488
v -0.249112 0.465462 -0.322669
v -0.255048 0.499307 -0.318525
v -0.042968 0.665625 -0.281942
v 0.008809 0.686292 -0.246740
v 0.008927 0.708473 -0.207425
v 0.071640 0.655781 -0.261936
v -0.010399 0.670755 -0.273204
v 0.031414 0.652384 -0.271571
v 0.023269 0.673023 -0.261040
v -0.055421 0.559308 -0.326419
v -0.049194 0.524934 -0.320628
v -0.058816 0.495162 -0.325580
v -0.027107 0.427502 -0.302431
v -0.057573 0.400853 -0.307476
v -0.062514 0.370862 -0.298218
v -0.010168 0.341693 -0.292678
v -0.033328 0.330851 -0.298056
v -0.060962 0.308553 -0.296649
v -0.076719 0.276300 -0.280672
v -0.140757 0.264683 -0.286098
v -0.168712 0.255401 -0.280679
v -0.186961 0.304497 -0.297759
v -0.151786 0.299165 -0.302139
v -0.103837 0.340079 -0.304630
v -0.107894 0.300903 -0.290081
v -0.122198 0.386134 -0.311378
v -0.104683 0.237918 -0.282046
v -0.063951 0.239443 -0.273446
v 0.129597 0.026645 -0.070727
v 0.151395 0.026612 -0.000800
v 0.188104 0.032656 -0.013880
v 0.207756 0.030478 0.036082
v 0.219591 0.047789 0.010060
v 0.202891 0.047019 -0.039761
v 0.173467 0.031825 -0.085957
v 0.193174 0.051451 -0.097058
v 0.168823 0.036800 -0.119085
v 0.221961 0.082193 -0.058938
v 0.235287 0.080704 -0.023582
v 0.251630 0.102576 -0.022571
v 0.309544 0.144940 -0.018978
v 0.410690 0.116435 0.007550
v 0.437938 0.130858 0.008845
v 0.446090 0.119019 0.027363
v 0.463577 0.115678 0.045901
v 0.461764 0.088097 0.078620
v 0.429925 0.071033 0.077439
v 0.390596 0.060213 0.068472
v 0.337443 0.029243 0.128363
v 0.339067 0.026188 0.183053
v 0.252829 0.021953 0.145653
v 0.233401 0.032448 0.152456
v 0.212807 0.032923 0.119901
v 0.237794 0.022611 0.107185
v 0.255297 0.028237 0.073200
v 0.254705 0.072514 0.007316
v 0.232088 0.040448 0.038848
v 0.195447 0.025633 0.081773
v 0.181931 0.037814 0.096340
v 0.187892 0.035145 0.163223
v 0.192988 0.023504 0.068279
v 0.109814 0.028433 -0.002236
v 0.101758 0.037640 -0.020719
v 0.070658 0.070930 -0.009044
v 0.039167 0.080407 -0.007432
v 0.064694 0.073634 -0.048561
v 0.049157 0.068206 -0.074358
v 0.167407 0.024022 0.074007
v 0.277225 0.041016 0.059042
v 0.239534 0.110600 -0.053208
v 0.224329 0.104221 -0.104610
v 0.241217 0.126145 -0.088936
v 0.287397 0.148911 -0.080624
v 0.309852 0.159020 -0.038167
v 0.339008 0.203643 -0.053097
v 0.353539 0.223162 -0.049976
v 0.360923 0.300570 -0.107135
v 0.339917 0.298763 -0.132224
v 0.312508 0.330218 -0.151874
v 0.285872 0.303089 -0.180626
v 0.243079 0.312002 -0.208827
v 0.239044 0.330689 -0.210811
v 0.237183 0.361714 -0.222847
v 0.216218 0.389197 -0.239314
v 0.143407 0.369276 -0.257502
v 0.118756 0.412884 -0.272169
v 0.145081 0.408069 -0.267891
v 0.170537 0.458769 -0.245524
v 0.181937 0.503518 -0.242977
v 0.207798 0.519859 -0.228684
v 0.208461 0.569241 -0.223669
v 0.245024 0.582089 -0.197342
v 0.247602 0.625533 -0.182467
v 0.277808 0.590567 -0.184623
v 0.293394 0.609643 -0.173713
v 0.378909 0.697360 -0.078512
v 0.416399 0.701102 -0.038850
v 0.452097 0.690918 0.014750
v 0.452472 0.655731 -0.000815
v 0.464079 0.647566 0.019941
v 0.487467 0.665130 0.092729
v 0.493442 0.667946 0.131031
v 0.486204 0.695125 0.165017
v 0.487510 0.680070 0.223461
v 0.468704 0.734565 0.207390
v 0.439589 0.795547 0.242911
v 0.365948 0.900977 0.184182
v 0.359076 0.902640 0.122851
v 0.333516 0.910184 0.070788
v 0.310916 0.945586 0.127640
v 0.322667 0.904242 0.035346
v 0.311701 0.884413 0.001179
v 0.299344 0.852266 -0.039871
v 0.371253 0.829991 -0.004401
v 0.336362 0.873403 0.009157
v 0.289253 0.933481 0.043070
v 0.191079 0.958615 -0.009420
v 0.154446 0.863870 -0.105653
v 0.071194 0.833782 -0.141765
v 0.052034 0.796283 -0.141075
v 0.070949 0.768001 -0.154136
v 0.031350 0.765894 -0.158878
v 0.038836 0.735741 -0.164943
v 0.008993 0.720876 -0.172267
v 0.046696 0.708142 -0.182441
v 0.055786 0.718299 -0.169436
v 0.091791 0.727645 -0.154381
v 0.136152 0.734450 -0.164849
v 0.127902 0.698252 -0.175368
v 0.121315 0.754894 -0.145743
v 0.165509 0.772159 -0.134646
v 0.115801 0.775218 -0.145631
v 0.201846 0.824465 -0.105047
v 0.200445 0.845517 -0.100373
v 0.228811 0.848706 -0.089705
v 0.193564 0.902809 -0.071729
v 0.194417 0.924991 -0.050407
v 0.215415 0.929549 -0.025883
v 0.216943 0.955185 0.003900
v 0.081502 0.705395 -0.176294
v 0.157864 0.693533 -0.176776
v 0.166270 0.675497 -0.185430
v 0.188295 0.644452 -0.195620
v 0.180417 0.623811 -0.218692
v 0.158822 0.642751 -0.223575
v 0.141393 0.667389 -0.211442
v 0.080429 0.687903 -0.214617
v 0.131904 0.639049 -0.243067
v 0.148849 0.603588 -0.253628
v 0.211173 0.614070 -0.206856
v 0.121426 0.846497 -0.130903
v 0.161226 0.843273 -0.119943
v 0.106258 0.799001 -0.139759
v 0.264156 0.865616 -0.062805
v 0.257428 0.895315 -0.042655
v 0.278063 0.883030 -0.037892
v 0.288006 0.891589 -0.015404
v 0.274441 0.920825 0.003470
v 0.286281 0.831552 -0.064133
v 0.309579 0.812731 -0.068745
v 0.336725 0.831648 -0.039149
v 0.370901 0.793743 -0.031789
v 0.399609 0.795654 0.013283
v 0.422484 0.797652 0.069083
v 0.441863 0.794970 0.176779
v 0.269925 0.980987 0.266506
v 0.262483 0.975834 0.314708
v 0.283042 0.960050 0.325628
v 0.293209 0.930486 0.368988
v 0.279135 0.918405 0.400362
v 0.313221 0.900509 0.379135
v 0.242305 0.885990 0.444792
v 0.256442 0.909372 0.424619
v 0.257532 0.942464 0.390262
v 0.238161 0.976710 0.335684
v 0.229134 1.001839 0.264273
v 0.153333 1.035744 0.259824
v 0.068781 1.048817 0.241295
v 0.005684 1.046241 0.190418
v 0.210638 1.011817 0.259793
v 0.212966 1.013861 0.195778
v 0.185740 1.015236 0.094696
v 0.156714 1.018222 0.072545
v 0.212036 0.979392 0.043733
v 0.151231 0.926414 -0.072017
v 0.152782 1.032254 0.121006
v 0.121322 1.037820 0.111428
v 0.067960 1.046788 0.144115
v 0.122949 1.045152 0.182696
v 0.098270 1.017921 0.044925
v 0.090526 0.999062 0.006530
v 0.160915 0.973988 0.000244
v 0.126846 0.993951 0.009941
v 0.001201 1.040470 0.120738
v -0.043772 1.024678 0.075572
v -0.078541 0.989263 0.003370
v -0.084187 0.953460 -0.032791
v -0.051047 0.927573 -0.069749
v -0.016614 0.901564 -0.087741
v 0.004974 0.929469 -0.063326
v 0.019513 0.921662 -0.075942
v 0.142852 0.953126 -0.046078
v 0.120805 0.968759 -0.023262
v 0.118959 0.934131 -0.073815
v 0.081544 0.923259 -0.082409
v 0.097894 0.899768 -0.102590
v 0.030700 0.887811 -0.117694
v 0.010020 0.843513 -0.133133
v 0.027196 0.821787 -0.138147
v -0.009581 0.790203 -0.159028
v -0.031558 0.818052 -0.160202
v -0.076801 0.786089 -0.162485
v -0.103254 0.809880 -0.152177
v -0.144047 0.796490 -0.148801
v -0.183135 0.806518 -0.153136
v -0.167170 0.715337 -0.176901
v -0.215654 0.706900 -0.175470
v -0.268761 0.655853 -0.231396
v -0.232202 0.676214 -0.230699
v -0.238491 0.655376 -0.270815
v -0.154604 0.656574 -0.291478
v -0.138376 0.678693 -0.270207
v -0.095214 0.671867 -0.279534
v -0.006797 0.863023 -0.120589
v -0.034516 0.869224 -0.116635
v -0.072587 0.854800 -0.132905
v -0.053405 0.820660 -0.160050
v 0.057420 0.906901 -0.103936
v 0.062988 0.980733 -0.016279
v 0.033737 0.999406 0.017355
v -0.029191 0.981133 -0.021890
v -0.049123 0.985526 -0.014834
v -0.048627 0.954283 -0.043008
v -0.011486 1.001029 0.007177
v -0.024338 1.015584 0.038449
v -0.049811 1.001199 0.011612
v -0.052765 1.034542 0.128755
v -0.025590 1.040228 0.258454
v 0.031156 1.044501 0.262424
v 0.076984 1.035066 0.317429
v 0.134870 0.962170 0.428588
v 0.172797 0.936285 0.435195
v 0.207000 0.924627 0.426615
v 0.221019 0.962013 0.374741
v 0.207146 0.851213 0.468904
v 0.163388 0.845983 0.479106
v 0.143677 0.804151 0.491523
v 0.120038 0.789962 0.504429
v 0.142440 0.785510 0.502615
v 0.153472 0.768479 0.530120
v 0.141951 0.730031 0.563542
v 0.090499 0.715941 0.555558
v 0.089357 0.705683 0.570462
v 0.033682 0.709435 0.591372
v 0.047310 0.700469 0.603310
v 0.040382 0.685830 0.625758
v -0.021074 0.659168 0.653888
v -0.065555 0.634667 0.666210
v -0.051658 0.596824 0.676488
v -0.076765 0.593997 0.670855
v -0.122618 0.565649 0.676098
v -0.156839 0.552547 0.681538
v -0.206566 0.547135 0.659028
v -0.276949 0.556035 0.543536
v -0.277391 0.577308 0.544273
v -0.323404 0.585585 0.535283
v -0.339341 0.589985 0.537960
v -0.365303 0.604658 0.545082
v -0.392957 0.626437 0.535049
v -0.390243 0.663913 0.531575
v -0.416560 0.661145 0.537509
v -0.452784 0.658868 0.550879
v -0.476496 0.638113 0.555838
v -0.501397 0.566958 0.570746
v -0.499937 0.536743 0.555621
v -0.510882 0.512161 0.552724
v -0.468963 0.461100 0.535377
v -0.503181 0.452633 0.535488
v -0.532086 0.426589 0.507456
v -0.583666 0.454398 0.530610
v -0.622689 0.458847 0.522227
v -0.602187 0.519637 0.545732
v -0.625526 0.538217 0.557025
v -0.620999 0.574357 0.564302
v -0.658004 0.630024 0.561324
v -0.696247 0.623368 0.541526
v -0.670945 0.656570 0.545497
v -0.714238 0.665089 0.538924
v -0.845571 0.565337 0.413107
v -0.855506 0.554678 0.385537
v -0.851462 0.530575 0.373545
v -0.859934 0.551000 0.342490
v -0.837804 0.491232 0.331838
v -0.872657 0.514242 0.247067
v -0.869751 0.510127 0.204963
v -0.849956 0.478093 0.174515
v -0.846514 0.477806 0.133851
v -0.850831 0.507692 0.111793
v -0.856366 0.544240 0.103171
v -0.841113 0.535178 0.068295
v -0.866672 0.565309 0.078707
v -0.879708 0.570446 0.124460
v -0.883082 0.582601 0.112570
v -0.882425 0.663373 0.129874
v -0.883669 0.696769 0.116510
v -0.861917 0.707473 0.067617
v -0.848937 0.737591 0.051276
v -0.787539 0.848828 0.050768
v -0.780361 0.832001 0.026772
v -0.772804 0.881306 0.049330
v -0.760094 0.899736 0.040469
v -0.724102 0.921374 0.019173
v -0.673223 0.930716 0.007635
v -0.619389 0.928659 -0.010966
v -0.572643 0.911569 -0.048315
v -0.514694 0.897918 -0.072066
v -0.536065 0.859032 -0.090895
v -0.499377 0.844506 -0.101760
v -0.479284 0.803975 -0.112576
v -0.419049 0.834186 -0.109323
v -0.393117 0.858636 -0.098518
v -0.353267 0.822272 -0.122299
v -0.336416 0.791744 -0.129655
v -0.334426 0.757179 -0.146333
v -0.381113 0.776852 -0.125355
v -0.358163 0.728851 -0.149285
v -0.310822 0.709764 -0.158714
v -0.349292 0.626580 -0.171209
v -0.305734 0.643307 -0.178906
v -0.903911 0.596470 0.160154
v -0.904928 0.626200 0.152265
v -0.905013 0.664758 0.188274
v -0.908725 0.696987 0.190826
v -0.913933 0.710395 0.239290
v -0.900584 0.773499 0.257181
v -0.879907 0.819674 0.252533
v -0.865117 0.808826 0.325054
v -0.866261 0.840367 0.326241
v -0.870308 0.856553 0.345601
v -0.895699 0.885869 0.377820
v -0.927942 0.885614 0.309826
v -0.938136 0.897909 0.303202
v -0.946741 0.923119 0.317109
v -0.956753 0.975460 0.312664
v -0.943672 1.047511 0.315401
v -0.932350 1.070228 0.287764
v -0.931624 1.075495 0.262226
v -0.930029 1.072408 0.238676
v -0.912300 1.108561 0.290878
v -0.908745 1.113125 0.332791
v -0.909094 1.102849 0.345365
v -0.929412 1.059703 0.380291
v -0.945219 1.013932 0.374415
v -0.950955 0.967857 0.367590
v -0.940009 0.929072 0.367256
v -0.846927 0.844287 0.382410
v -0.844803 0.825321 0.372512
v -0.888731 0.754326 0.339477
v -0.900109 0.760071 0.302056
v -0.901107 0.703113 0.338250
v -0.894161 0.680580 0.361031
v -0.863001 0.571999 0.363844
v -0.878787 0.585501 0.350114
v -0.899957 0.632269 0.342348
v -0.904616 0.607987 0.296661
v -0.913239 0.633783 0.288575
v -0.908336 0.619813 0.262595
v -0.917209 0.654628 0.249162
v -0.914983 0.632356 0.221628
v -0.911694 0.631281 0.192797
v -0.906813 0.602558 0.237010
v -0.885871 0.578822 0.285490
v -0.883754 0.542401 0.278882
v -0.869893 0.509239 0.281406
v -0.903665 0.601564 0.197537
v -0.888369 0.574397 0.240513
v -0.886967 0.538539 0.239722
v -0.882055 0.561863 0.173725
v -0.887401 0.576128 0.204253
v -0.884302 0.542914 0.194082
v -0.869032 0.556040 0.136763
v -0.879671 0.527990 0.175331
v -0.859551 0.534416 0.122316
v -0.857805 0.592059 0.393199
v -0.856831 0.681208 0.415164
v -0.861438 0.763551 0.384584
v -0.843445 0.808897 0.379054
v -0.826065 0.843972 0.416724
v -0.813536 0.829477 0.420520
v -0.786046 0.814456 0.457166
v -0.785282 0.819026 0.468599
v -0.764717 0.818810 0.495286
v -0.772569 0.834830 0.567166
v -0.854719 0.856798 0.562908
v -0.785823 0.849364 0.586056
v -0.811094 0.857933 0.583985
v -0.794659 0.884812 0.603094
v -0.796380 0.910695 0.620467
v -0.802894 0.926345 0.622155
v -0.800202 0.958893 0.629357
v -0.775921 0.975226 0.650849
v -0.849676 1.039363 0.628192
v -0.859026 1.076099 0.601397
v -0.842036 1.075994 0.620820
v -0.806127 1.071920 0.648940
v -0.821210 1.027129 0.652117
v -0.772112 1.075149 0.658670
v -0.756139 1.126398 0.631630
v -0.674691 1.159632 0.586226
v -0.722271 1.222803 0.557573
v -0.742110 1.238912 0.538121
v -0.757991 1.277696 0.476364
v -0.717024 1.285797 0.469931
v -0.837090 1.128793 0.591242
v -0.857931 1.130490 0.567961
v -0.877051 1.117099 0.548204
v -0.894476 1.083713 0.529660
v -0.918619 1.029981 0.472623
v -0.930331 0.975290 0.446824
v -0.918052 0.918330 0.413506
v -0.914482 0.907350 0.392964
v -0.900773 0.892409 0.415983
v -0.854328 0.857859 0.428392
v -0.818123 0.839857 0.443751
v -0.820942 0.836705 0.481087
v -0.810186 0.833665 0.513316
v -0.816683 0.840999 0.547940
v -0.865219 0.850686 0.528881
v -0.903730 0.874325 0.518645
v -0.916531 0.898106 0.537452
v -0.925390 0.922857 0.547026
v -0.929017 0.963561 0.551288
v -0.911704 0.988054 0.571947
v -0.920072 1.008787 0.539117
v -0.887409 1.050006 0.566556
v -0.904172 1.053551 0.524130
v -0.934309 0.963727 0.503051
v -0.926826 0.906768 0.492803
v -0.931641 0.931912 0.452561
v -0.915463 0.889417 0.462500
v -0.855630 0.844350 0.495686
v -0.893987 0.867618 0.466394
v -0.935521 0.941347 0.507709
v -0.881710 0.639851 0.379496
v -0.888386 0.711759 0.364658
v -0.872839 0.565364 0.326488
v -0.911770 0.663989 0.316346
v -0.911626 0.685752 0.264838
v -0.912599 0.725792 0.276829
v -0.924416 1.023774 0.435065
v -0.896843 1.098029 0.421740
v -0.894060 1.105730 0.443259
v -0.894850 1.139507 0.465931
v -0.887745 1.147355 0.503144
v -0.879459 1.168625 0.505330
v -0.865333 1.176923 0.521201
v -0.761263 1.210320 0.565078
v -0.758125 1.171093 0.601506
v -0.785256 1.232466 0.531407
v -0.892626 1.162451 0.435528
v -0.888680 1.135820 0.414337
v -0.887904 1.124467 0.390427
v -0.899455 1.156790 0.364885
v -0.909228 1.184426 0.356001
v -0.912085 1.156752 0.331542
v -0.910809 1.221521 0.383957
v -0.870939 1.239424 0.434477
v -0.824196 1.248316 0.481001
v -0.839777 1.212287 0.511953
v -0.851322 1.239157 0.466355
v -0.896646 1.203776 0.419835
v -0.886668 1.189175 0.452886
v -0.857520 1.263962 0.422504
v -0.909491 1.181760 0.393593
v -0.911687 1.144709 0.310239
v -0.908340 1.148657 0.282005
v -0.901878 1.073225 0.458141
v -0.779826 1.126104 0.628619
v -0.805942 1.112122 0.625941
v -0.897255 1.092319 0.496395
v -0.931774 0.978713 0.416742
v -0.875587 0.812638 0.292735
v -0.873387 0.823466 0.296198
v -0.880912 0.839896 0.247823
v -0.874607 0.828206 0.227811
v -0.872641 0.841175 0.197691
v -0.900841 0.868744 0.206150
v -0.922618 0.891468 0.204325
v -0.910263 0.954919 0.149332
v -0.901070 0.947193 0.130125
v -0.891379 0.971546 0.105503
v -0.868813 0.982479 0.079087
v -0.868350 1.027234 0.083346
v -0.823054 0.963278 0.058863
v -0.788292 0.978004 0.036112
v -0.742739 0.946964 0.019120
v -0.882643 0.956056 0.096889
v -0.867195 0.960613 0.080933
v -0.824415 0.907736 0.075640
v -0.842494 0.887527 0.096050
v -0.833893 0.868154 0.108217
v -0.841821 0.853177 0.118548
v -0.868594 0.865193 0.146529
v -0.884814 0.795254 0.197947
v -0.867903 0.845775 0.171520
v -0.868930 0.824615 0.165547
v -0.884943 0.747898 0.155865
v -0.883458 0.726829 0.123847
v -0.845580 0.836816 0.122807
v -0.852073 0.785197 0.086014
v -0.831110 0.824071 0.079120
v -0.871143 0.770170 0.118683
v -0.861002 0.748177 0.073393
v -0.866072 0.755297 0.099557
v -0.858838 0.844876 0.153125
v -0.801602 0.870076 0.079522
v -0.827442 0.849995 0.097873
v -0.792248 0.885518 0.063330
v -0.773352 0.934370 0.031890
v -0.793403 0.920828 0.046765
v -0.806577 0.857184 0.082532
v -0.843730 0.938620 0.078600
v -0.871320 0.925043 0.108172
v -0.879575 0.898858 0.135164
v -0.893958 0.883012 0.170279
v -0.912795 0.898317 0.173919
v -0.652451 1.023980 0.009419
v -0.713010 0.993521 0.012356
v -0.687548 0.961750 0.007290
v -0.597976 0.958292 0.001427
v -0.571326 0.951171 -0.010707
v -0.450427 0.997636 0.000457
v -0.455776 1.018420 0.036353
v -0.417732 1.017479 0.048974
v -0.375515 1.019536 0.081861
v -0.378433 1.024818 0.114339
v -0.316778 1.011493 0.208052
v -0.272662 0.989693 0.263298
v -0.208619 0.955451 0.368114
v -0.146663 0.958636 0.400120
v -0.100597 0.962331 0.422569
v -0.045239 0.964223 0.435890
v -0.070813 0.927393 0.466431
v -0.003003 0.927364 0.469752
v 0.036698 0.889368 0.498709
v 0.074441 0.904566 0.480580
v 0.096051 0.930228 0.452108
v 0.173127 0.891392 0.456429
v 0.199866 0.892814 0.451558
v 0.211961 0.912050 0.436559
v -0.231183 0.996617 0.144676
v -0.241829 0.969989 0.039708
v -0.238664 0.944949 -0.013316
v -0.271033 0.931816 -0.027277
v -0.304813 0.915552 -0.051418
v -0.337082 0.885497 -0.080851
v -0.363741 0.892488 -0.079063
v -0.448176 0.866525 -0.081906
v -0.337248 0.858747 -0.099570
v -0.299186 0.875440 -0.092130
v -0.256289 0.912730 -0.057641
v -0.213942 0.932736 -0.037952
v -0.201351 0.973036 0.026663
v -0.165587 0.997718 0.085792
v -0.149244 0.983574 0.036493
v -0.113795 1.017600 0.106734
v -0.115898 1.023642 0.142714
v 0.044773 1.021182 0.355956
v 0.081245 0.965874 0.428743
v -0.015399 1.026511 0.341026
v -0.088710 1.009014 0.053377
v -0.134649 0.978976 0.026378
v -0.118383 0.961053 -0.001442
v -0.133651 0.950454 -0.009618
v -0.181327 0.956909 -0.007330
v -0.128042 0.932527 -0.047709
v -0.147521 0.912332 -0.073539
v -0.222055 0.884826 -0.082736
v -0.249417 0.860950 -0.094217
v -0.272460 0.892377 -0.073351
v -0.183586 0.917631 -0.050094
v -0.155046 0.894039 -0.088289
v -0.165513 0.869032 -0.115324
v -0.184232 0.877813 -0.105225
v -0.293484 0.644261 -0.200565
v -0.281720 0.665297 -0.183097
v -0.411222 0.999022 0.007392
v -0.411043 0.976702 -0.020180
v -0.376413 0.970651 -0.018224
v -0.390028 0.917233 -0.055600
v -0.366771 0.920465 -0.049733
v -0.346735 0.915723 -0.047152
v -0.338411 0.934041 -0.027163
v -0.305442 0.945750 -0.005069
v -0.293065 0.967011 0.027517
v -0.349639 0.966662 -0.000186
v -0.377436 1.001344 0.025814
v -0.308312 0.957044 0.008747
v -0.278323 0.975507 0.057575
v -0.250602 0.984150 0.091847
v -0.472685 1.037230 0.078434
v -0.483886 1.050267 0.080161
v -0.491727 1.073517 0.081813
v -0.448771 1.040458 0.115489
v -0.438416 1.046283 0.151993
v -0.412658 1.035808 0.166923
v -0.403946 1.032119 0.218810
v -0.365863 1.026509 0.171217
v -0.265712 0.978033 0.294421
v -0.242749 0.985819 0.274879
v -0.439296 1.033243 0.099949
v -0.488294 0.899814 -0.069421
v -0.454731 0.910086 -0.071624
v -0.413776 0.895884 -0.070700
v -0.412736 0.944737 -0.046943
v -0.446151 0.951108 -0.044704
v -0.482051 0.978007 -0.017806
v -0.496510 0.939434 -0.049746
v -0.519898 0.931297 -0.050253
v -0.511128 0.970277 -0.016170
v -0.468326 0.844373 -0.096590
v -0.605653 0.976577 0.007241
v -0.558034 0.997113 0.024856
v -0.531722 1.005662 0.031480
v -0.511907 1.002762 0.023730
v -0.498382 1.024146 0.049435
v -0.606778 1.040250 0.019258
v -0.561675 1.034490 0.032644
v -0.531086 1.070455 0.047508
v -0.516212 1.033250 0.049746
v -0.560500 1.072726 0.037352
v -0.724744 0.626346 0.535544
v -0.763957 0.595363 0.509116
v -0.710161 0.585473 0.535921
v -0.723415 0.537676 0.515477
v -0.693956 0.510697 0.520038
v -0.713628 0.458912 0.481552
v -0.736641 0.469001 0.470963
v -0.774084 0.490217 0.445727
v -0.800445 0.518475 0.444446
v -0.827360 0.511936 0.406495
v -0.837192 0.537539 0.414507
v -0.717714 0.407048 0.419093
v -0.757826 0.424527 0.398030
v -0.732415 0.398642 0.386066
v -0.797335 0.478456 0.403127
v -0.800839 0.452174 0.361524
v -0.770216 0.420291 0.369774
v -0.679087 0.337892 0.331154
v -0.623206 0.295266 0.248746
v -0.612541 0.298819 0.160523
v -0.597832 0.292807 0.146139
v -0.591350 0.284936 0.150592
v -0.582822 0.273094 0.153538
v -0.589767 0.241742 0.113298
v -0.581783 0.221064 0.167382
v -0.605162 0.191890 0.105990
v -0.587515 0.190156 0.052647
v -0.600957 0.145583 0.013125
v -0.643216 0.128812 0.015079
v -0.669798 0.107243 0.014191
v -0.690480 0.118011 0.031814
v -0.701970 0.113620 0.042096
v -0.719013 0.074734 0.036284
v -0.704957 0.082177 0.021400
v -0.705275 0.058302 0.021691
v -0.688454 0.039253 0.029264
v -0.648567 0.036464 0.015849
v -0.604205 0.034432 0.014939
v -0.502279 0.033344 0.068765
v -0.413203 0.031139 0.099081
v -0.374785 0.030975 0.136550
v -0.392970 0.044985 0.184724
v -0.416424 0.047907 0.175359
v -0.527416 0.040457 0.188628
v -0.517030 0.039619 0.235905
v -0.550725 0.032391 0.190680
v -0.496440 0.031091 0.134627
v -0.446405 0.033705 0.068395
v -0.450463 0.048384 0.165560
v -0.430483 0.030706 0.148129
v -0.480313 0.048952 0.162782
v -0.707627 0.043085 0.033004
v -0.728500 0.049104 0.056009
v -0.751415 0.064482 0.110243
v -0.751042 0.091217 0.158950
v -0.745460 0.072282 0.184864
v -0.734047 0.107865 0.174453
v -0.714959 0.067514 0.213219
v -0.697852 0.106360 0.205841
v -0.695487 0.079667 0.236632
v -0.647917 0.091723 0.263832
v -0.646968 0.069426 0.282019
v -0.619476 0.092788 0.294602
v -0.578159 0.123749 0.284328
v -0.556105 0.135507 0.281254
v -0.588243 0.169024 0.209746
v -0.612708 0.179630 0.167555
v -0.678979 0.167410 0.146999
v -0.687875 0.157809 0.164965
v -0.713718 0.141107 0.161716
v -0.717945 0.138031 0.124194
v -0.723518 0.131096 0.106119
v -0.744404 0.089363 0.134732
v -0.739497 0.098210 0.094363
v -0.730663 0.076845 0.069858
v -0.713049 0.104069 0.066016
v -0.617181 0.167560 0.054605
v -0.604045 0.167780 0.040971
v -0.735273 0.102147 0.136977
v -0.719577 0.130981 0.139106
v -0.658505 0.159995 0.184705
v -0.697755 0.138229 0.186468
v -0.554226 0.162327 0.242937
v -0.623671 0.121210 0.255763
v -0.621170 0.100837 0.279873
v -0.650882 0.121133 0.241020
v -0.676505 0.134466 0.206399
v -0.676908 0.111718 0.231026
v -0.729501 0.042511 0.067002
v -0.724693 0.039412 0.138736
v -0.741979 0.045741 0.153307
v -0.747270 0.049700 0.109186
v -0.689981 0.413335 0.451357
v -0.641977 0.395399 0.460151
v -0.542491 0.358677 0.450564
v -0.527594 0.328909 0.407316
v -0.536606 0.328825 0.399722
v -0.544562 0.312480 0.362876
v -0.532404 0.279216 0.313783
v -0.519322 0.256842 0.288776
v -0.535815 0.270445 0.279905
v -0.518739 0.260232 0.257728
v -0.590779 0.285026 0.229832
v -0.584249 0.288017 0.273661
v -0.621863 0.311916 0.314051
v -0.658550 0.376913 0.425560
v -0.683358 0.363846 0.376069
v -0.631664 0.339010 0.370485
v -0.572633 0.292272 0.303669
v -0.096864 0.615740 0.673941
v -0.126031 0.636183 0.660580
v -0.170188 0.633400 0.641039
v -0.198705 0.628058 0.624504
v -0.220206 0.639050 0.588634
v -0.235379 0.650176 0.555548
v -0.242197 0.639603 0.557640
v -0.267686 0.643326 0.549459
v -0.275188 0.618707 0.546333
v -0.321526 0.626912 0.554475
v -0.346306 0.655230 0.551257
v -0.290279 0.585391 0.542693
v -0.265699 0.610605 0.550836
v -0.247905 0.566564 0.598606
v -0.219881 0.581816 0.634005
v -0.255156 0.664531 0.559169
v -0.277579 0.700223 0.550651
v -0.299885 0.715272 0.544389
v -0.286774 0.767107 0.518440
v -0.317894 0.775016 0.504413
v -0.361388 0.781227 0.495005
v -0.356581 0.835960 0.471992
v -0.460757 0.918335 0.414623
v -0.445917 0.928729 0.399341
v -0.473144 0.924664 0.425348
v -0.464309 0.948458 0.401200
v -0.451465 0.951759 0.384080
v -0.440917 0.969196 0.363993
v -0.432407 0.960335 0.363674
v -0.416336 0.965587 0.356505
v -0.366745 0.964158 0.375552
v -0.359296 0.996035 0.317915
v -0.408349 0.834140 0.487174
v -0.454883 0.818661 0.502947
v -0.484398 0.779374 0.511883
v -0.517325 0.805540 0.512191
v -0.612120 0.774591 0.528647
v -0.638179 0.741351 0.540948
v -0.666312 0.798727 0.505102
v -0.705325 0.779401 0.499613
v -0.707539 0.712193 0.530086
v -0.765738 0.711311 0.491300
v -0.801282 0.701528 0.468193
v -0.822971 0.701049 0.448321
v -0.812260 0.795612 0.423140
v -0.789233 0.802866 0.446862
v -0.847498 0.736605 0.412563
v -0.799561 0.649269 0.471080
v -0.817253 0.635721 0.455061
v -0.844729 0.620878 0.420614
v -0.829776 0.588284 0.440325
v -0.759249 0.660502 0.511378
v -0.734630 0.699093 0.520227
v -0.658140 0.722676 0.537278
v -0.638077 0.700183 0.543240
v -0.600318 0.705423 0.547817
v -0.579055 0.738328 0.545729
v -0.544793 0.728387 0.549488
v -0.539567 0.688773 0.550883
v -0.525809 0.668687 0.555544
v -0.508023 0.673791 0.555021
v -0.489125 0.635585 0.557060
v -0.550888 0.781290 0.528789
v -0.499840 0.763417 0.522664
v -0.453017 0.736940 0.533308
v -0.433651 0.767976 0.528999
v -0.389476 0.732352 0.522083
v -0.362802 0.734227 0.522088
v -0.517263 0.730501 0.537842
v -0.473411 0.722434 0.547393
v -0.445833 0.688110 0.546029
v -0.416377 0.723977 0.535534
v -0.296167 0.689176 0.554387
v -0.311679 0.669642 0.553881
v -0.491217 0.689465 0.558535
v -0.473803 0.668328 0.563537
v -0.261760 0.717226 0.539294
v -0.271386 0.750535 0.527505
v -0.255063 0.800795 0.500933
v -0.233191 0.808911 0.503328
v -0.233890 0.858602 0.461479
v -0.227512 0.872893 0.447913
v -0.192909 0.873363 0.470655
v -0.198325 0.904472 0.442877
v -0.158067 0.891564 0.470067
v -0.128207 0.894051 0.469795
v -0.153922 0.922702 0.445876
v -0.107505 0.913685 0.470377
v -0.171574 0.941286 0.415260
v -0.228053 0.922429 0.411223
v -0.256113 0.951829 0.343510
v -0.267210 0.957857 0.328219
v -0.290757 0.956661 0.348269
v -0.078182 0.651344 0.657852
v -0.103643 0.642883 0.657219
v -0.160957 0.653623 0.630604
v -0.115060 0.674792 0.629372
v -0.144527 0.678369 0.607857
v -0.137301 0.700637 0.554602
v -0.092659 0.702876 0.586517
v -0.070738 0.722277 0.546651
v -0.077792 0.736495 0.539314
v -0.024502 0.794456 0.539273
v -0.016901 0.818709 0.529155
v 0.022856 0.829918 0.523020
v 0.038205 0.842739 0.520849
v 0.072156 0.826553 0.519904
v -0.161625 0.693991 0.553709
v -0.177782 0.691569 0.552126
v -0.142083 0.713787 0.542148
v -0.110954 0.713270 0.546416
v -0.134741 0.740187 0.541592
v -0.105395 0.725468 0.539438
v -0.101403 0.757837 0.537962
v -0.060118 0.677195 0.636882
v -0.021991 0.690810 0.622824
v -0.041603 0.709874 0.594106
v 0.051046 0.743501 0.535875
v 0.074982 0.761826 0.521456
v 0.112560 0.766743 0.513592
v 0.058265 0.794379 0.524203
v 0.024327 0.782084 0.535802
v 0.031279 0.732576 0.538035
v -0.012609 0.736600 0.536658
v 0.012920 0.724899 0.547516
v -0.045589 0.725637 0.549675
v -0.077067 0.691092 0.614042
v 0.085051 0.743853 0.531050
v 0.115956 0.735444 0.551575
v 0.045211 0.724990 0.540096
v 0.050332 1.036706 0.086289
v 0.019610 1.019319 0.049335
v 0.102960 1.034529 0.087472
v 0.182126 1.024899 0.142979
v 0.320181 0.944661 0.168118
v 0.338916 0.919630 0.311238
v 0.291413 0.962447 0.294302
v 0.339937 0.843901 0.414113
v 0.330504 0.794144 0.457298
v 0.269518 0.813205 0.467211
v 0.263957 0.841502 0.453119
v 0.293599 0.860850 0.427270
v 0.353160 0.886423 0.351600
v 0.331646 0.876238 0.390941
v 0.324451 0.826057 0.434528
v 0.290886 0.790861 0.475221
v 0.302585 0.958839 0.245593
v 0.271722 0.981747 0.183130
v 0.384509 0.876970 0.260527
v 0.394402 0.853178 0.316313
v 0.410371 0.814594 0.339040
v 0.445585 0.773589 0.285888
v 0.447225 0.751216 0.323698
v 0.465003 0.721413 0.274028
v 0.391086 0.869199 0.191720
v 0.342691 0.924567 0.219379
v 0.372840 0.877400 0.075454
v 0.384171 0.874007 0.117607
v 0.497774 0.642195 0.202815
v 0.502487 0.600348 0.206004
v 0.499489 0.582342 0.279848
v 0.495830 0.503987 0.309778
v 0.471410 0.517302 0.367301
v 0.425197 0.555626 0.440632
v 0.389340 0.567052 0.497791
v 0.390341 0.532118 0.487287
v 0.375091 0.588016 0.509149
v 0.329207 0.629500 0.531367
v 0.294614 0.646126 0.552252
v 0.273087 0.619822 0.568334
v 0.237234 0.617130 0.568267
v 0.257299 0.567302 0.582842
v 0.230776 0.597620 0.576294
v 0.218839 0.561472 0.596783
v 0.194189 0.601243 0.614534
v 0.175874 0.579238 0.632604
v 0.166518 0.633213 0.617095
v 0.131272 0.654221 0.612557
v 0.103867 0.614402 0.645328
v 0.055108 0.597447 0.662353
v 0.211311 0.606057 0.603249
v 0.200716 0.640153 0.595176
v 0.180503 0.762584 0.533428
v 0.164276 0.735703 0.562257
v 0.100085 0.680996 0.608007
v 0.118132 0.700210 0.574161
v 0.086805 0.667688 0.626854
v 0.072696 0.647303 0.645876
v 0.175152 0.662334 0.590475
v 0.131739 0.675744 0.593319
v 0.139857 0.690985 0.579251
v 0.395011 0.489286 0.485123
v 0.368391 0.453522 0.505881
v 0.344696 0.427575 0.512936
v 0.300632 0.387702 0.524641
v 0.253003 0.345378 0.560412
v 0.282660 0.356567 0.534170
v 0.221457 0.305191 0.575382
v 0.156642 0.247135 0.610021
v 0.146969 0.221676 0.608787
v 0.096091 0.144222 0.577325
v 0.059296 0.163033 0.597677
v 0.034076 0.176245 0.606605
v -0.007435 0.158129 0.583441
v 0.030792 0.131997 0.552403
v 0.019934 0.121815 0.550536
v -0.042355 0.108236 0.578529
v -0.017817 0.070108 0.569320
v -0.038015 0.044905 0.579300
v -0.082135 0.039322 0.589061
v -0.087106 0.029351 0.573836
v -0.144936 0.027495 0.567160
v -0.203780 0.030582 0.554432
v -0.235874 0.054291 0.505223
v -0.268556 0.041732 0.517579
v -0.320341 0.040543 0.470218
v -0.305903 0.069016 0.401616
v -0.197400 0.069614 0.321292
v -0.128525 0.069569 0.300485
v 0.007116 0.071668 0.359706
v 0.059550 0.073584 0.405476
v 0.030878 0.073738 0.423293
v 0.084244 0.027595 0.457049
v 0.128645 0.029470 0.420421
v 0.137189 0.034941 0.385140
v 0.125188 0.036077 0.357185
v 0.107881 0.063116 0.370779
v 0.053482 0.063703 0.325671
v 0.046284 0.069511 0.332803
v 0.082426 0.034210 0.319123
v 0.095972 0.024425 0.293745
v 0.226760 0.026251 0.338577
v 0.250334 0.031969 0.331057
v 0.295429 0.065931 0.366452
v 0.280161 0.051579 0.346285
v 0.344803 0.102158 0.360591
v 0.359816 0.135214 0.374442
v 0.355437 0.152726 0.390506
v 0.334781 0.121070 0.388092
v 0.319343 0.197871 0.456996
v 0.302783 0.191052 0.464642
v 0.273252 0.175257 0.475237
v 0.233653 0.171215 0.498693
v 0.266920 0.209549 0.512617
v 0.200459 0.182614 0.536369
v 0.152907 0.163978 0.555653
v 0.152672 0.194300 0.584042
v 0.186372 0.248904 0.583307
v 0.199832 0.257194 0.577272
v 0.257776 0.280460 0.561257
v 0.322412 0.391244 0.507747
v 0.248758 0.319020 0.561976
v 0.191625 0.214321 0.562473
v 0.231758 0.252060 0.571060
v 0.237596 0.224947 0.557756
v 0.258056 0.233706 0.543599
v 0.285021 0.256159 0.523371
v 0.311449 0.263599 0.510503
v 0.340516 0.178912 0.436060
v 0.433761 0.161834 0.389201
v 0.394711 0.178231 0.383200
v 0.460383 0.202567 0.393644
v 0.462277 0.249999 0.385956
v 0.493706 0.272159 0.383238
v 0.485180 0.331882 0.341841
v 0.501190 0.357554 0.325136
v 0.490341 0.370890 0.316905
v 0.507847 0.382739 0.298523
v 0.498802 0.393984 0.289815
v 0.499861 0.405020 0.278242
v 0.519606 0.406781 0.254161
v 0.555685 0.422798 0.227125
v 0.586452 0.422322 0.227285
v 0.601441 0.417733 0.165248
v 0.631572 0.399040 0.173219
v 0.617353 0.399083 0.130085
v 0.592463 0.414062 0.137915
v 0.565155 0.424130 0.178641
v 0.531708 0.421224 0.213363
v 0.520218 0.416590 0.232373
v 0.247629 0.040283 0.394358
v 0.227648 0.027745 0.391502
v 0.217212 0.029355 0.460682
v 0.170896 0.025346 0.498980
v 0.037268 0.023688 0.525305
v 0.075056 0.021980 0.482464
v 0.016450 0.024060 0.500473
v 0.002405 0.036634 0.561522
v 0.010765 0.044713 0.561428
v 0.124737 0.025899 0.335070
v 0.208797 0.024110 0.419562
v 0.167979 0.024221 0.369719
v 0.154447 0.025879 0.370237
v 0.146673 0.022516 0.429527
v 0.134418 0.020689 0.491239
v 0.282608 0.068481 0.398169
v 0.307865 0.084650 0.382330
v 0.319344 0.129593 0.425778
v 0.296447 0.109142 0.439162
v 0.229203 0.040330 0.469756
v 0.224878 0.063915 0.500131
v 0.244779 0.068810 0.490588
v 0.213275 0.100287 0.519815
v 0.232100 0.126633 0.506439
v 0.198544 0.145915 0.513612
v 0.201470 0.157406 0.513560
v 0.163085 0.136251 0.523304
v 0.141282 0.131615 0.530720
v 0.113853 0.088483 0.538410
v 0.065307 0.037152 0.545204
v 0.038599 0.033126 0.547665
v 0.196626 0.038901 0.508959
v 0.169965 0.043950 0.523204
v 0.195680 0.109061 0.525712
v 0.009698 0.069509 0.305957
v -0.014597 0.067575 0.250223
v -0.000291 0.063128 0.264894
v -0.058661 0.069272 0.263584
v -0.191928 0.075365 0.077060
v -0.106553 0.073922 0.127177
v -0.337025 0.084558 -0.063564
v -0.361427 0.079324 -0.079012
v -0.359011 0.048942 -0.117150
v -0.401338 0.044772 -0.079282
v -0.477073 0.058102 -0.160265
v -0.460348 0.094172 -0.163299
v -0.446137 0.096311 -0.194975
v -0.418755 0.135681 -0.170433
v -0.434969 0.146542 -0.156881
v -0.482300 0.090627 -0.133257
v -0.488898 0.076315 -0.110274
v -0.499817 0.053531 -0.077552
v -0.503557 0.062839 -0.066966
v -0.525734 0.060876 -0.052747
v -0.554989 0.061000 -0.046458
v -0.596541 0.070702 -0.027770
v -0.621080 0.062262 -0.020860
v -0.643654 0.060876 -0.009788
v -0.444790 0.153336 -0.098697
v -0.450107 0.161117 -0.072161
v -0.481429 0.131442 -0.039155
v -0.493632 0.101552 -0.042713
v -0.514969 0.086041 -0.043183
v -0.543754 0.116606 -0.030375
v -0.584485 0.120062 -0.011813
v -0.678028 0.066469 0.005094
v -0.430396 0.188146 -0.042289
v -0.448591 0.191464 -0.034557
v -0.429791 0.228681 -0.033705
v -0.459174 0.226386 -0.029885
v -0.478441 0.257045 -0.027563
v -0.509622 0.292465 -0.025967
v -0.503600 0.322350 -0.039613
v -0.536449 0.367072 -0.023704
v -0.558905 0.382050 -0.022013
v -0.596576 0.390531 -0.019569
v -0.637961 0.381908 0.005602
v -0.662071 0.395408 0.003486
v -0.709059 0.403826 0.036507
v -0.702363 0.422394 -0.002088
v -0.717426 0.439865 -0.007111
v -0.729891 0.430642 0.026316
v -0.761578 0.434616 0.036577
v -0.796976 0.446609 0.069348
v -0.797344 0.442282 0.103692
v -0.823003 0.474283 0.102230
v -0.833837 0.451862 0.165741
v -0.834222 0.460768 0.139523
v -0.814349 0.461686 0.069420
v -0.783574 0.456025 0.032098
v -0.762871 0.484911 -0.010343
v -0.780583 0.523938 -0.008295
v -0.750837 0.528458 -0.050327
v -0.767844 0.560478 -0.053432
v -0.745437 0.559754 -0.069800
v -0.688599 0.567877 -0.096032
v -0.635335 0.596342 -0.107055
v -0.587629 0.570839 -0.131051
v -0.581025 0.598540 -0.130743
v -0.539970 0.534572 -0.129664
v -0.574446 0.512735 -0.116523
v -0.614268 0.520553 -0.109368
v -0.624600 0.478169 -0.092165
v -0.596169 0.449407 -0.083655
v -0.591766 0.410764 -0.054425
v -0.624748 0.426834 -0.063317
v -0.700484 0.457023 -0.043599
v -0.734491 0.460112 -0.017650
v -0.746842 0.453592 0.007928
v -0.577970 0.540284 -0.130154
v -0.657980 0.517725 -0.096022
v -0.662499 0.552545 -0.103949
v -0.632465 0.557628 -0.109699
v -0.646671 0.468445 -0.082294
v -0.672044 0.490712 -0.085841
v -0.711809 0.485826 -0.061275
v -0.751105 0.499664 -0.037500
v -0.793406 0.568227 -0.023708
v -0.813772 0.553885 0.004522
v -0.827897 0.566625 0.027415
v -0.836110 0.601412 0.030014
v -0.875264 0.608508 0.082886
v -0.871550 0.653176 0.061394
v -0.826252 0.719313 0.026699
v -0.820313 0.689010 0.002592
v -0.812336 0.664450 -0.006906
v -0.800106 0.634370 -0.022919
v -0.766052 0.607701 -0.058432
v -0.780785 0.592538 -0.047408
v -0.710359 0.536509 -0.080708
v -0.818106 0.633679 0.007399
v -0.844188 0.659557 0.025605
v -0.861583 0.645902 0.045378
v -0.821706 0.588202 0.004561
v -0.753914 0.795442 -0.011931
v -0.733349 0.827220 -0.009389
v -0.747900 0.856656 0.013815
v -0.726171 0.884005 0.015051
v -0.661907 0.920732 0.001719
v -0.725646 0.903402 0.020655
v -0.677196 0.867233 -0.023209
v -0.632619 0.841291 -0.064895
v -0.599858 0.813166 -0.089244
v -0.582329 0.763087 -0.103376
v -0.587201 0.737514 -0.108446
v -0.564818 0.711082 -0.130032
v -0.546170 0.681096 -0.135658
v -0.554322 0.631322 -0.142008
v -0.512181 0.627282 -0.136408
v -0.532062 0.592086 -0.134645
v -0.534263 0.557875 -0.135737
v -0.480120 0.513560 -0.115274
v -0.487245 0.462395 -0.088562
v -0.493542 0.437572 -0.074789
v -0.506295 0.414899 -0.064436
v -0.520122 0.453091 -0.077978
v -0.516733 0.510093 -0.111889
v -0.541834 0.427598 -0.069236
v -0.557730 0.452769 -0.083307
v -0.546320 0.479666 -0.102414
v -0.585549 0.491254 -0.109002
v -0.579514 0.632061 -0.136432
v -0.606098 0.609489 -0.123943
v -0.537283 0.834987 -0.100684
v -0.527549 0.798481 -0.107967
v -0.553357 0.800078 -0.100407
v -0.544964 0.732420 -0.136412
v -0.524814 0.747203 -0.135394
v -0.512314 0.700584 -0.142832
v -0.501010 0.659764 -0.134561
v -0.464677 0.626662 -0.142602
v -0.441983 0.572250 -0.136875
v -0.437508 0.529728 -0.124076
v -0.399306 0.564666 -0.143178
v -0.380259 0.515364 -0.123836
v -0.370053 0.500715 -0.125895
v -0.462508 0.674506 -0.139918
v -0.422884 0.596642 -0.137206
v -0.392345 0.610913 -0.156285
v -0.373004 0.575940 -0.149809
v -0.388764 0.664923 -0.158874
v -0.352831 0.709342 -0.153648
v -0.411397 0.744910 -0.135220
v -0.426068 0.723417 -0.135982
v -0.448014 0.636255 -0.145597
v -0.388333 0.633032 -0.161541
v -0.454226 0.709767 -0.137450
v -0.427869 0.676143 -0.151999
v -0.388107 0.809047 -0.121549
v -0.434929 0.799269 -0.124722
v -0.418997 0.555760 -0.134145
v -0.374362 0.542147 -0.149188
v -0.362783 0.549615 -0.154058
v -0.345530 0.564426 -0.177707
v -0.366004 0.592861 -0.167671
v -0.492278 0.765814 -0.130617
v -0.456856 0.761887 -0.133822
v -0.397842 0.769895 -0.126825
v -0.788720 0.680167 -0.034611
v -0.696731 0.667679 -0.075693
v -0.695868 0.697905 -0.075109
v -0.662178 0.680774 -0.097470
v -0.622965 0.658012 -0.104752
v -0.645508 0.406661 -0.031390
v -0.575511 0.361389 0.006112
v -0.579496 0.346216 0.021639
v -0.628591 0.353943 0.031626
v -0.589225 0.331813 0.043829
v -0.591771 0.311926 0.072042
v -0.612162 0.324755 0.068628
v -0.597316 0.303198 0.102185
v -0.517153 0.216536 -0.004023
v -0.564941 0.196151 0.025229
v -0.514043 0.234853 -0.006947
v -0.550175 0.333388 -0.009429
v -0.557357 0.362785 -0.009922
v -0.570179 0.341437 0.016458
v -0.376308 0.213124 -0.033465
v -0.409763 0.205468 -0.036277
v -0.430289 0.278053 -0.038260
v -0.469974 0.298523 -0.041230
v -0.500453 0.351059 -0.044402
v -0.530776 0.388940 -0.042161
v -0.491316 0.381274 -0.062184
v -0.460084 0.163801 -0.038296
v -0.471114 0.174188 -0.027519
v -0.470899 0.115327 -0.101629
v -0.458926 0.069975 -0.199166
v -0.418544 0.072999 -0.227387
v -0.416123 0.060029 -0.229048
v -0.447098 0.045849 -0.202318
v -0.432219 0.035916 -0.194169
v -0.371265 0.036093 -0.137011
v -0.306630 0.078304 -0.112133
v -0.308023 0.084820 -0.098086
v -0.449369 0.039431 -0.195571
v -0.463500 0.046030 -0.181602
v 0.025331 0.064598 0.303177
v 0.018691 0.034127 0.250417
v 0.019117 0.027577 0.198129
v 0.035320 0.024415 0.168097
v -0.024223 0.073012 0.120904
v -0.074893 0.075791 0.079083
v -0.135158 0.075645 0.063083
v 0.068387 0.021248 0.249905
v 0.072395 0.022056 0.206257
v 0.148388 0.030188 0.225236
v 0.171809 0.028911 0.260123
v 0.215503 0.023891 0.279673
v 0.263023 0.023161 0.240591
v 0.233041 0.037905 0.239408
v 0.106683 0.030781 0.094856
v 0.137602 0.031955 0.107449
v 0.144163 0.022175 0.070282
v 0.053429 0.023779 0.158352
v 0.081619 0.025013 0.103867
v 0.078799 0.029454 0.122520
v 0.055234 0.026169 0.274744
v 0.047501 0.035751 0.291301
v 0.110838 0.026615 0.263060
v 0.297830 0.047607 0.314691
v 0.347441 0.079936 0.340921
v 0.377992 0.081551 0.334095
v 0.371692 0.109198 0.357074
v 0.431699 0.113650 0.358707
v 0.420239 0.127789 0.373193
v 0.471042 0.144191 0.370817
v 0.511034 0.175263 0.368610
v 0.550767 0.184678 0.336583
v 0.553762 0.143022 0.285142
v 0.532609 0.120656 0.273370
v 0.551944 0.124797 0.228406
v 0.519413 0.103146 0.226851
v 0.489505 0.086991 0.210196
v 0.479217 0.081026 0.176674
v 0.430604 0.060303 0.202885
v 0.365194 0.037693 0.213866
v 0.373942 0.049677 0.265960
v 0.334678 0.048117 0.293795
v 0.275657 0.028572 0.285555
v 0.255164 0.024338 0.275063
v 0.243898 0.023579 0.260268
v 0.279665 0.021449 0.202958
v 0.323355 0.028458 0.230313
v 0.377344 0.034266 0.175880
v 0.437203 0.069228 0.249032
v 0.415437 0.069744 0.288779
v 0.450418 0.090259 0.302774
v 0.433819 0.096409 0.333284
v 0.512878 0.134609 0.323186
v 0.539743 0.158521 0.324891
v 0.491436 0.102845 0.282998
v 0.491000 0.178208 0.383867
v 0.468326 0.180164 0.392497
v 0.500172 0.220868 0.390894
v 0.513771 0.264440 0.385056
v 0.530646 0.308705 0.365243
v 0.559321 0.296921 0.363768
v 0.589936 0.312356 0.344167
v 0.607359 0.341362 0.320553
v 0.633017 0.335039 0.291092
v 0.649084 0.327323 0.257984
v 0.635250 0.374151 0.261516
v 0.616443 0.396955 0.259724
v 0.586984 0.402465 0.278754
v 0.557166 0.411482 0.267614
v 0.623755 0.406601 0.211837
v 0.644790 0.384513 0.206839
v 0.655221 0.360265 0.197517
v 0.643194 0.381461 0.160601
v 0.646765 0.362618 0.147270
v 0.630224 0.375172 0.113446
v 0.613832 0.376601 0.089690
v 0.586236 0.368470 0.066796
v 0.549660 0.347719 0.041452
v 0.512418 0.348130 0.045254
v 0.514789 0.299560 0.007000
v 0.469162 0.308287 0.021675
v 0.442360 0.280021 0.006659
v 0.418288 0.260459 -0.000540
v 0.405457 0.235451 -0.011236
v 0.397412 0.245202 -0.014173
v 0.399480 0.332651 -0.071512
v 0.377518 0.325552 -0.089371
v 0.341847 0.336110 -0.139970
v 0.299488 0.413567 -0.185597
v 0.281157 0.437742 -0.200008
v 0.298463 0.489198 -0.181473
v 0.272744 0.566787 -0.188946
v 0.303837 0.355271 -0.155808
v 0.284872 0.342535 -0.172225
v 0.293024 0.375347 -0.178588
v 0.276461 0.406316 -0.196129
v 0.216003 0.470947 -0.223358
v 0.243374 0.514939 -0.211387
v 0.276570 0.499508 -0.197632
v 0.251408 0.385972 -0.212904
v 0.182811 0.415178 -0.249435
v 0.257578 0.350732 -0.191912
v 0.238041 0.423073 -0.222732
v 0.267970 0.545089 -0.199248
v 0.250123 0.467048 -0.212774
v 0.376899 0.279353 -0.077605
v 0.375374 0.257168 -0.060083
v 0.330372 0.174620 -0.027592
v 0.332654 0.127892 -0.009316
v 0.377593 0.136936 -0.010203
v 0.280135 0.117064 -0.013012
v 0.274667 0.126848 -0.034640
v 0.644772 0.356594 0.256400
v 0.658071 0.329185 0.219307
v 0.622181 0.193383 0.167563
v 0.622263 0.192160 0.210339
v 0.600717 0.167323 0.154402
v 0.577659 0.142019 0.186962
v 0.521940 0.102311 0.151190
v 0.490248 0.100788 0.085927
v 0.387859 0.046653 0.115899
v 0.613995 0.197524 0.119814
v 0.631918 0.256254 0.105993
v 0.627287 0.280019 0.079429
v 0.649549 0.307427 0.127669
v 0.656560 0.294214 0.150620
v 0.652256 0.266668 0.162575
v 0.566975 0.139530 0.150697
v 0.561931 0.142489 0.128258
v 0.567404 0.160371 0.077999
v 0.541811 0.161526 0.046989
v 0.566065 0.181317 0.051022
v 0.537653 0.290947 0.003758
v 0.478389 0.269114 -0.005941
v 0.477174 0.224795 -0.019388
v 0.523023 0.219675 -0.003734
v 0.491994 0.162998 0.002879
v 0.517991 0.167791 0.017440
v 0.491182 0.131870 0.034695
v 0.467582 0.154209 -0.001347
v 0.442125 0.215014 -0.024076
v 0.535108 0.250434 -0.003879
v 0.500243 0.256427 -0.012436
v 0.589832 0.217191 0.058987
v 0.562322 0.217880 0.022598
v 0.598420 0.197868 0.082296
v 0.590615 0.172947 0.096877
v 0.588962 0.316388 0.047149
v 0.604640 0.340684 0.060511
v 0.604673 0.287348 0.054188
v 0.539398 0.130000 0.089926
v 0.431787 0.061610 0.123390
v 0.480751 0.084037 0.130194
v 0.379474 0.142321 0.374229
v 0.455956 0.153533 0.386485
v 0.133643 0.023786 0.295495
v -0.128744 0.069931 0.245054
v -0.181924 0.071721 0.188970
v -0.221221 0.072206 0.177371
v -0.273766 0.068333 0.170483
v -0.316157 0.058743 0.136303
v -0.337701 0.031418 0.175772
v -0.197737 0.069756 0.266912
v -0.067233 0.070512 0.356000
v -0.116413 0.072980 0.405416
v -0.211209 0.077025 0.472854
v -0.271793 0.074325 0.436539
v -0.215672 0.071409 0.374419
v -0.024105 0.073966 0.437685
v -0.057821 0.026947 0.515035
v -0.045429 0.024988 0.547506
v -0.034909 0.030715 0.564602
v -0.127299 0.070551 0.479955
v -0.108041 0.027845 0.534183
v -0.157380 0.031346 0.542510
v -0.198852 0.048625 0.520311
v -0.010538 0.059099 0.457209
v -0.013973 0.028000 0.499367
v 0.017582 0.028519 0.483939
v -0.305504 0.032896 0.512298
v -0.355952 0.034473 0.527870
v -0.411650 0.034428 0.495221
v -0.390700 0.045871 0.527049
v -0.390271 0.068148 0.525861
v -0.390830 0.091417 0.521451
v -0.411373 0.119410 0.527609
v -0.446461 0.123670 0.539570
v -0.440962 0.154198 0.517459
v -0.477418 0.160904 0.514236
v -0.499590 0.180417 0.493150
v -0.505980 0.198696 0.466973
v -0.523695 0.206570 0.428391
v -0.531983 0.193227 0.449604
v -0.516766 0.223500 0.421352
v -0.543862 0.193221 0.386918
v -0.531481 0.213250 0.382103
v -0.531467 0.209873 0.344952
v -0.524878 0.201244 0.314768
v -0.508315 0.213681 0.262939
v -0.508011 0.238751 0.260090
v -0.510976 0.231630 0.244596
v -0.518903 0.201941 0.240817
v -0.539309 0.187029 0.229320
v -0.578931 0.186997 0.195299
v -0.599975 0.192517 0.156201
v -0.571201 0.254583 0.174417
v -0.587757 0.288164 0.189200
v -0.569959 0.277246 0.189275
v -0.551780 0.260729 0.202490
v -0.558730 0.273169 0.217848
v -0.555588 0.229335 0.198330
v -0.522147 0.256464 0.235985
v -0.554699 0.198800 0.209979
v -0.514918 0.180412 0.275014
v -0.532229 0.170970 0.307992
v -0.546114 0.175667 0.347400
v -0.546136 0.192602 0.418793
v -0.533978 0.187411 0.484048
v -0.419658 0.065819 0.541172
v -0.528154 0.160963 0.269181
v -0.333737 0.032023 0.489362
v -0.417280 0.041206 0.523826
v -0.462294 0.035823 0.523681
v -0.549922 0.037488 0.438920
v -0.620590 0.038238 0.513895
v -0.666798 0.044993 0.476396
v -0.678385 0.059128 0.479298
v -0.683428 0.057664 0.442174
v -0.666594 0.120242 0.455487
v -0.673205 0.090839 0.434958
v -0.652451 0.136061 0.415148
v -0.649469 0.133417 0.391140
v -0.631466 0.162076 0.434551
v -0.586354 0.153892 0.356864
v -0.550498 0.141069 0.298373
v -0.587040 0.133380 0.321943
v -0.622099 0.146021 0.375281
v -0.667557 0.108714 0.394793
v -0.666703 0.084523 0.369722
v -0.651348 0.059073 0.338571
v -0.637477 0.084124 0.326508
v -0.617728 0.097140 0.309829
v -0.649928 0.109537 0.358257
v -0.595783 0.113593 0.300050
v -0.567308 0.180540 0.394058
v -0.601634 0.177664 0.470830
v -0.632445 0.155171 0.488858
v -0.651365 0.121110 0.492579
v -0.654304 0.142166 0.445763
v -0.663516 0.092154 0.494662
v -0.653375 0.061596 0.525142
v -0.648795 0.052225 0.528270
v -0.357948 0.032291 0.441441
v -0.330898 0.044368 0.429006
v -0.340312 0.037711 0.404132
v -0.325631 0.040756 0.372523
v -0.302893 0.066029 0.373696
v -0.409096 0.033957 0.439576
v -0.454843 0.036279 0.404061
v -0.505631 0.036519 0.389678
v -0.618418 0.037792 0.416340
v -0.649007 0.039137 0.444001
v -0.502547 0.037269 0.455189
v -0.271704 0.032871 0.611592
v -0.265365 0.047284 0.636291
v -0.265176 0.095047 0.639643
v -0.293238 0.090074 0.621090
v -0.311785 0.112395 0.606536
v -0.315147 0.134475 0.584385
v -0.294298 0.169520 0.548759
v -0.323754 0.197903 0.483135
v -0.286705 0.224291 0.462962
v -0.283981 0.253942 0.458857
v -0.277132 0.242638 0.458217
v -0.262954 0.286438 0.468944
v -0.251484 0.271600 0.479105
v -0.234101 0.358226 0.519364
v -0.203965 0.356730 0.566893
v -0.223161 0.493803 0.634985
v -0.208930 0.514548 0.657475
v -0.140176 0.537317 0.685406
v -0.118281 0.534524 0.675160
v -0.091265 0.558327 0.678667
v -0.024069 0.534579 0.671947
v -0.038625 0.562946 0.675416
v -0.007098 0.561725 0.674909
v 0.081453 0.570741 0.669397
v 0.004974 0.513530 0.676422
v 0.037314 0.506822 0.674282
v -0.039892 0.472253 0.679398
v -0.070811 0.480435 0.682281
v -0.105928 0.451634 0.670495
v -0.120270 0.482501 0.670992
v -0.155074 0.470443 0.661472
v -0.184728 0.456390 0.640895
v -0.192105 0.490401 0.658316
v 0.163711 0.602655 0.633897
v 0.153991 0.517262 0.638227
v 0.169209 0.513442 0.630440
v 0.223106 0.503874 0.617785
v 0.249874 0.510016 0.600134
v 0.270700 0.541429 0.585421
v 0.302515 0.535150 0.561613
v 0.317035 0.485619 0.548878
v 0.310192 0.432613 0.533991
v 0.185091 0.536346 0.618468
v 0.229796 0.543217 0.599040
v 0.292012 0.576270 0.568307
v 0.140173 0.238726 0.616844
v 0.112280 0.192638 0.605332
v 0.121461 0.274061 0.622086
v 0.098934 0.264921 0.627024
v 0.105945 0.243911 0.619931
v 0.070397 0.256330 0.627853
v 0.080969 0.203052 0.625321
v 0.089300 0.290800 0.648121
v 0.061988 0.302967 0.661015
v 0.027445 0.327086 0.665206
v -0.031911 0.355871 0.660419
v -0.006744 0.318094 0.657832
v -0.076343 0.372916 0.649864
v -0.103056 0.367938 0.638333
v -0.121669 0.380961 0.649184
v -0.107731 0.352936 0.638197
v -0.124817 0.314118 0.635915
v -0.104767 0.298935 0.640374
v -0.111960 0.267612 0.615193
v -0.179332 0.264803 0.579608
v -0.190752 0.313386 0.566099
v -0.094840 0.325131 0.650215
v -0.047700 0.318528 0.661885
v -0.027527 0.286261 0.650120
v 0.003580 0.270271 0.633359
v -0.014028 0.232440 0.636461
v 0.015017 0.230071 0.644637
v 0.027034 0.225921 0.643029
v 0.034561 0.268785 0.639579
v -0.001882 0.287435 0.639278
v 0.022650 0.297274 0.658231
v -0.066804 0.287419 0.651476
v -0.095411 0.277632 0.632367
v -0.082204 0.243927 0.622007
v -0.102317 0.192440 0.601478
v -0.113785 0.167754 0.576091
v -0.082358 0.151746 0.572067
v -0.093101 0.128285 0.591450
v -0.033688 0.249728 0.634652
v 0.022961 0.197755 0.632590
v 0.045170 0.199545 0.620467
v -0.020647 0.145930 0.566906
v -0.027049 0.138109 0.561752
v -0.057750 0.147089 0.566984
v -0.058906 0.159022 0.572966
v -0.057658 0.175257 0.596360
v -0.074359 0.198249 0.607266
v -0.027783 0.186060 0.608537
v 0.054512 0.234639 0.629916
v 0.051751 0.264187 0.636448
v -0.036748 0.209078 0.622644
v 0.422857 0.460612 0.442998
v 0.414053 0.430137 0.453162
v 0.392476 0.412192 0.470821
v 0.405324 0.389322 0.451098
v 0.359746 0.375847 0.489164
v 0.332681 0.341548 0.508097
v 0.502701 0.626381 0.124298
v 0.488233 0.612064 0.047635
v 0.476094 0.588726 0.013657
v 0.453199 0.615224 -0.036307
v 0.424369 0.661101 -0.033143
v 0.497756 0.584629 0.076073
v 0.486937 0.563100 0.034158
v 0.467645 0.505474 0.005054
v 0.450326 0.467249 -0.018966
v 0.420443 0.397902 -0.067834
v 0.389909 0.427267 -0.086485
v 0.361430 0.394460 -0.123827
v 0.376016 0.364417 -0.108318
v 0.428650 0.476660 -0.046662
v 0.416756 0.459722 -0.059918
v 0.321686 0.380316 -0.150247
v 0.460963 0.592391 -0.027266
v 0.451722 0.561968 -0.045156
v 0.439637 0.548578 -0.067029
v 0.415445 0.512024 -0.091758
v 0.396512 0.482633 -0.092240
v 0.409094 0.522376 -0.104146
v 0.368476 0.442145 -0.110978
v 0.371760 0.478530 -0.115853
v 0.349413 0.418972 -0.135971
v 0.331681 0.471390 -0.161226
v 0.351419 0.492669 -0.145480
v 0.363612 0.497842 -0.134639
v 0.434188 0.596679 -0.064303
v 0.413062 0.610226 -0.081123
v 0.392291 0.657860 -0.069911
v 0.366005 0.664587 -0.091265
v 0.411690 0.558645 -0.103568
v 0.326559 0.419226 -0.160077
v 0.506052 0.566556 0.142008
v 0.506066 0.500015 0.116432
v 0.507097 0.456377 0.139174
v 0.493572 0.450530 0.073003
v 0.469258 0.396231 0.038506
v 0.468924 0.418281 0.020955
v 0.461687 0.450778 -0.002433
v 0.486689 0.462830 0.043858
v 0.490246 0.493059 0.049488
v 0.483422 0.530508 0.051378
v 0.499450 0.546023 0.100137
v 0.337146 0.268011 -0.109172
v 0.318395 0.271062 -0.126031
v 0.279648 0.198565 -0.161149
v 0.258539 0.174808 -0.156824
v 0.237033 0.135353 -0.115818
v 0.319590 0.189650 -0.083820
v 0.302965 0.179229 -0.112585
v 0.343426 0.242671 -0.087248
v 0.275160 0.154817 -0.117840
v 0.288908 0.183538 -0.138342
v 0.069127 0.029863 -0.102748
v 0.083408 0.064455 -0.037623
v 0.069248 0.038399 -0.089109
v 0.075666 0.062146 -0.068116
v 0.095597 0.036141 -0.073185
v 0.107495 0.034754 -0.056869
v -0.167507 0.590493 -0.329465
v -0.125784 0.593543 -0.328675
v -0.129208 0.651187 -0.299738
v -0.189778 0.657873 -0.288560
v -0.230295 0.636928 -0.294443
v -0.164451 0.429156 -0.331028
v -0.236968 0.428319 -0.321426
v -0.250834 0.404565 -0.303475
v -0.247406 0.354923 -0.281448
v -0.218442 0.360398 -0.303191
v -0.183904 0.344959 -0.306270
v -0.272910 0.367173 -0.260419
v -0.299579 0.333843 -0.216541
v -0.289486 0.292850 -0.206051
v -0.304030 0.287122 -0.163147
v -0.309561 0.248078 -0.148886
v -0.275926 0.263191 -0.213605
v -0.283682 0.214349 -0.191665
v -0.240677 0.182206 -0.216742
v -0.273694 0.191930 -0.197585
v -0.261298 0.156720 -0.218804
v -0.299554 0.137153 -0.231226
v -0.339373 0.113348 -0.241131
v -0.280340 0.118857 -0.233475
v -0.239755 0.166925 -0.216390
v -0.266391 0.291041 -0.242067
v -0.256606 0.250070 -0.226838
v -0.273520 0.317857 -0.247045
v -0.234072 0.296367 -0.269499
v -0.314745 0.364006 -0.201249
v -0.303984 0.330663 -0.186900
v -0.325432 0.366891 -0.149014
v -0.311886 0.297903 -0.136452
v -0.211375 0.416525 -0.324146
v -0.182315 0.372408 -0.322361
v -0.078517 0.482430 -0.322389
v -0.092517 0.447088 -0.323615
v -0.107623 0.437111 -0.321569
v -0.054774 0.441707 -0.308534
v -0.027716 0.600459 -0.305269
v -0.002589 0.543622 -0.314610
v 0.015398 0.511631 -0.300872
v 0.056311 0.513108 -0.288831
v 0.093842 0.469051 -0.288458
v 0.107142 0.506950 -0.275375
v 0.129035 0.550405 -0.257487
v 0.094949 0.583118 -0.272955
v 0.121979 0.595083 -0.260560
v 0.114411 0.629082 -0.253694
v 0.074712 0.616177 -0.278728
v 0.013339 0.597766 -0.293061
v -0.009605 0.568335 -0.314542
v 0.146949 0.577669 -0.256685
v 0.188726 0.566679 -0.236651
v 0.174586 0.604856 -0.236457
v 0.066657 0.460750 -0.294766
v 0.017703 0.425035 -0.297205
v -0.015821 0.397393 -0.291726
v -0.021896 0.470822 -0.309938
v -0.014034 0.508904 -0.308494
v 0.035326 0.468062 -0.301210
v 0.162949 0.530761 -0.248291
v 0.151529 0.500643 -0.258930
v -0.755000 1.260440 -0.183986
v -0.715899 1.235560 -0.167315
v 0.029108 0.539793 -0.297088
v -0.070013 1.557836 -0.224102
v -0.069376 1.572925 -0.212993
v -0.080951 1.590137 -0.212689
v -0.114861 1.584850 -0.200810
v -0.130651 1.633220 -0.161253
v -0.143936 1.642666 -0.116967
v -0.138818 1.635571 -0.106386
v -0.136517 1.618615 -0.105194
v -0.174474 1.566219 -0.064200
v -0.154340 1.568364 -0.088582
v -0.179178 1.530051 -0.063722
v -0.203878 1.542916 -0.036145
v -0.233691 1.555639 0.015083
v -0.192344 1.585251 -0.026845
v -0.223236 1.580779 0.006783
v -0.218806 1.594755 -0.005820
v -0.207239 1.607906 -0.027077
v -0.247326 1.583657 -0.029624
v -0.257132 1.541891 -0.078070
v -0.291935 1.528962 -0.053102
v -0.332567 1.524995 -0.012490
v -0.390891 1.494596 0.025866
v -0.423736 1.456868 0.024183
v -0.363010 1.362715 -0.034401
v -0.388465 1.311973 0.001297
v -0.372263 1.289173 0.015345
v -0.326986 1.292312 0.015898
v -0.294496 1.290744 0.035018
v -0.279095 1.293989 0.047732
v -0.250808 1.360532 0.090450
v -0.195907 1.364056 0.058367
v -0.232249 1.372688 0.058660
v -0.199924 1.353071 0.067372
v -0.173864 1.344821 0.039064
v -0.166673 1.338983 0.010806
v -0.187949 1.350154 -0.033292
v -0.111292 1.419307 -0.122633
v -0.075390 1.417207 -0.132662
v -0.076540 1.439702 -0.161199
v -0.074060 1.476064 -0.195122
v -0.095364 1.462658 -0.171108
v -0.081547 1.505409 -0.210062
v -0.062377 1.525784 -0.219480
v -0.061287 1.547556 -0.216603
v -0.056316 1.492931 -0.171864
v -0.080893 1.541341 -0.160523
v -0.103889 1.583932 -0.149316
v -0.106433 1.620772 -0.178801
v -0.119464 1.635509 -0.157639
v -0.112875 1.620936 -0.183001
v -0.130224 1.641394 -0.140926
v -0.111446 1.614638 -0.193774
v -0.092257 1.611656 -0.197046
v -0.086313 1.600244 -0.189181
v -0.079337 1.594931 -0.202194
v -0.312909 1.324688 -0.019360
v -0.307286 1.362409 -0.046812
v -0.260858 1.337945 -0.030263
v -0.345211 1.398094 -0.050744
v -0.336852 1.423154 -0.056715
v -0.326932 1.446548 -0.060831
v -0.336678 1.485010 -0.041328
v -0.376483 1.482139 -0.009166
v -0.284320 1.297606 0.076948
v -0.225869 1.333508 0.077007
v -0.344789 1.361230 -0.039221
v -0.404793 1.365176 -0.013104
v -0.085510 1.582376 -0.217700
v -0.085609 1.553711 -0.221377
v -0.114471 1.546992 -0.199546
v -0.183694 1.507609 -0.136493
v -0.178871 1.479827 -0.130428
v -0.223947 1.480666 -0.113001
v -0.281425 1.448699 -0.082762
v -0.257959 1.490125 -0.093701
v -0.244626 1.317261 0.004234
v -0.189291 1.332364 0.001390
v -0.224241 1.316867 0.042677
v -0.145711 1.612737 -0.162163
v -0.216130 1.587251 -0.085003
v -0.169226 1.617390 -0.127511
v -0.166328 1.637638 -0.097292
v -0.201565 1.615690 -0.065120
v -0.176271 1.632856 -0.070232
v -0.192442 1.620903 -0.048463
v -0.164423 1.617372 -0.058339
v -0.159524 1.633719 -0.121488
v -0.165632 1.634106 -0.071611
v -0.138980 1.522520 -0.171228
v -0.177588 1.563982 -0.141574
v -0.209685 1.539791 -0.119962
v -0.198963 1.571561 -0.118365
v -0.243361 1.538995 -0.092833
v -0.168584 1.546500 -0.150207
v -0.083951 0.412140 -0.310293
v -0.094859 0.377503 -0.302570
v -0.062238 0.343420 -0.302586
v 0.032890 0.573735 -0.288947
v 0.072077 0.539189 -0.286117
v -0.059528 1.494614 -0.207734
v -0.054406 1.491788 -0.195883
v -0.068641 1.494534 -0.146949
v -0.110457 1.517771 -0.117590
v -0.094031 1.457468 -0.095190
v -0.070735 1.449106 -0.107405
v -0.070542 1.418866 -0.090825
v -0.078277 1.400715 -0.083268
v -0.088939 1.390194 -0.081747
v -0.091748 1.386918 -0.057073
v -0.108897 1.371064 -0.050259
v -0.137032 1.566048 -0.106995
v -0.159382 1.507526 -0.077894
v -0.084890 1.481637 -0.119496
v 0.084223 0.560907 -0.276985
v -0.061583 1.464467 -0.186716
v -0.055648 1.456062 -0.169730
v -0.061634 1.448407 -0.124389
v -0.060560 1.428924 -0.134845
v -0.071448 1.409653 -0.113346
v -0.091551 1.397054 -0.097011
v -0.065243 1.437538 -0.157284
v 0.019495 0.395573 -0.283416
v -0.021792 0.285719 -0.278252
v 0.020030 0.259652 -0.267520
v 0.032652 0.284857 -0.271780
v 0.062837 0.312069 -0.259609
v 0.012296 0.316878 -0.285496
v 0.015013 0.350893 -0.293713
v 0.100842 0.342616 -0.268371
v 0.136862 0.342630 -0.255672
v 0.109583 0.388645 -0.260262
v 0.063911 0.384814 -0.275599
v 0.057632 0.369006 -0.277499
v 0.114178 0.439211 -0.270726
v 0.079638 0.423813 -0.287325
v 0.120499 0.485912 -0.268169
v 0.130256 0.463729 -0.258662
v 0.064729 0.348725 -0.275477
v 0.131276 0.305953 -0.244018
v 0.161172 0.335988 -0.249801
v 0.210643 0.305813 -0.222568
v -0.028310 0.231864 -0.263105
v -0.168963 0.682577 -0.254535
v -0.200224 0.678523 -0.251247
v -0.108557 0.692143 -0.253364
v -0.134282 0.699163 -0.230268
v -0.107013 0.715627 -0.185977
v -0.086674 0.724798 -0.180157
v -0.088362 0.745503 -0.177519
v -0.118068 0.754866 -0.174338
v -0.152221 0.770343 -0.160724
v -0.157359 0.748729 -0.168976
v -0.081489 0.694975 -0.244400
v -0.061808 0.721165 -0.183309
v -0.050736 0.732454 -0.172992
v -0.058306 0.757665 -0.168624
v -0.033249 0.755593 -0.170579
v -0.030599 0.723642 -0.175356
v -0.139767 1.480446 -0.150591
v -0.124985 1.441933 -0.135454
v -0.205796 1.449967 -0.109516
v -0.215530 1.413198 -0.085709
v -0.135122 1.390092 -0.083823
v -0.154666 1.411211 -0.099043
v 0.057337 0.409601 -0.288255
v -0.161563 0.706847 -0.184670
v -0.130535 0.724790 -0.171027
v -0.115051 0.226771 -0.277940
v -0.141746 0.217155 -0.263887
v 0.187038 0.375869 -0.244388
v -0.124170 1.637623 -0.136149
v -0.736939 1.213864 -0.021695
v -0.724630 1.204083 -0.022626
v 0.073429 0.251078 -0.259430
v 0.115524 0.262409 -0.250882
v 0.050730 0.202182 -0.241545
v 0.094924 0.228042 -0.251357
v 0.105821 0.180407 -0.230367
v 0.122250 0.158651 -0.206739
v 0.074632 0.148429 -0.205059
v 0.099671 0.055663 -0.182623
v 0.071221 0.035376 -0.168874
v 0.145357 0.183993 -0.221308
v 0.192925 0.120164 -0.177180
v 0.157598 0.120768 -0.190544
v 0.107615 0.081792 -0.182128
v 0.118206 0.124774 -0.200444
v 0.061402 0.028757 -0.143071
v 0.050767 0.046098 -0.185169
v 0.126067 0.048095 -0.172015
v 0.124024 0.093341 -0.184239
v 0.159456 0.071351 -0.162907
v 0.205363 0.132572 -0.171481
v 0.073050 0.174802 -0.225460
v 0.200341 0.339885 -0.235346
v -0.022607 0.160024 -0.235718
v -0.066256 0.147647 -0.231938
v -0.013537 0.039216 -0.182990
v -0.008562 0.046094 -0.190960
v -0.018581 0.030347 -0.152296
v 0.027755 0.035827 -0.177004
v -0.059553 0.030507 -0.133896
v -0.051437 0.045878 -0.192943
v -0.118791 0.054347 -0.199628
v -0.131664 0.096903 -0.208909
v -0.125278 0.138993 -0.210257
v -0.049358 0.168527 -0.246898
v -0.057144 0.132743 -0.209332
v -0.081596 0.124188 -0.203817
v -0.120236 0.123761 -0.204257
v -0.190541 1.611461 -0.031007
v -0.197128 1.599198 -0.018262
v -0.165210 1.437231 -0.113530
v 0.033107 0.174156 -0.241909
v 0.041659 0.141376 -0.207810
v 0.054020 0.126941 -0.195847
v 0.001552 0.082770 -0.197983
v 0.043616 0.065313 -0.192926
v 0.187815 0.251179 -0.237344
v 0.167642 0.299544 -0.235422
v -0.236637 0.689089 -0.185412
v -0.256889 0.694605 -0.176992
v -0.258877 0.723065 -0.170138
v -0.278833 0.775107 -0.158780
v -0.274925 0.803846 -0.143452
v -0.249940 0.835373 -0.124080
v -0.305188 0.755142 -0.152995
v -0.219612 0.742544 -0.171113
v -0.208473 0.854191 -0.114432
v -0.228513 0.764613 -0.166499
v -0.216819 0.823736 -0.140185
v -0.759670 1.287447 -0.069556
v 0.032897 0.157045 -0.227595
v -0.015789 0.134847 -0.201597
v 0.146468 0.164273 -0.202693
v 0.172372 0.167271 -0.192504
v 0.242534 0.278592 -0.213718
v 0.247589 0.246385 -0.205755
v 0.267260 0.235820 -0.169643
v 0.297233 0.261294 -0.147173
v 0.266443 0.272637 -0.191140
v 0.293678 0.288866 -0.169747
v 0.214792 0.672546 -0.177408
v 0.253120 0.669685 -0.164603
v 0.291892 0.651915 -0.155283
v 0.327544 0.653238 -0.135795
v 0.328256 0.735080 -0.104211
v 0.333399 0.766350 -0.084832
v 0.327513 0.789230 -0.071054
v 0.277867 0.737340 -0.129090
v 0.257483 0.722456 -0.150162
v 0.160151 0.721925 -0.172066
v 0.176485 0.742747 -0.164228
v 0.257193 0.787860 -0.101248
v 0.242271 0.808957 -0.097900
v 0.180031 0.806727 -0.121147
v 0.238304 0.764720 -0.123299
v 0.281762 0.774356 -0.105135
v 0.221527 0.712205 -0.170156
v 0.313496 0.704401 -0.120262
v -0.318255 0.616097 -0.180829
v -0.345747 0.047935 -0.245695
v -0.345990 0.034440 -0.220905
v -0.303620 0.040868 -0.227465
v -0.260002 0.040440 -0.218780
v 0.196080 0.223508 -0.226317
v 0.234663 0.202224 -0.189822
v 0.251401 0.218355 -0.183659
v 0.217543 0.188655 -0.189872
v 0.228923 0.230692 -0.216966
v 0.295687 0.214909 -0.152876
v 0.377669 0.735540 -0.069326
v 0.396204 0.760179 -0.035764
v 0.360595 0.777551 -0.056786
v 0.427285 0.729031 -0.005881
v 0.440317 0.736225 0.030680
v 0.470562 0.698064 0.062986
v 0.476437 0.696783 0.087613
v 0.466938 0.744664 0.151741
v 0.455017 0.766249 0.119863
v 0.465981 0.736067 0.096851
v 0.456717 0.742128 0.069117
v 0.439704 0.772829 0.078660
v 0.427126 0.757285 0.039913
v -0.782756 1.342414 -0.090116
v -0.785276 1.354233 -0.083536
v -0.776000 1.316820 -0.025105
v -0.769820 1.307297 -0.042723
v -0.757530 1.300534 -0.051237
v -0.754089 1.288664 -0.041339
v -0.770023 1.316036 0.025435
v -0.753036 1.300821 -0.074901
v -0.755291 1.319884 -0.098384
v -0.775264 1.330389 -0.088901
v -0.327510 0.045638 -0.239506
v -0.293350 0.048630 -0.235683
v -0.389944 0.061007 -0.243049
v -0.340503 0.134748 -0.232885
v -0.330882 0.160812 -0.214381
v -0.310053 0.196860 -0.163254
v -0.292175 0.190249 -0.185400
v -0.302503 0.211999 -0.161755
v -0.373918 0.156277 -0.205725
v -0.378278 0.127610 -0.228016
v -0.019747 0.731981 -0.169458
v 0.036427 0.851493 -0.138281
v 0.060346 0.864543 -0.134950
v -0.195327 0.138873 -0.219357
v -0.311367 1.486807 -0.060695
v -0.320219 1.508891 -0.042006
v 0.012815 0.114867 -0.192280
v -0.038947 0.119782 -0.199946
v -0.222090 0.801721 -0.150396
v -0.173924 0.840533 -0.127486
v -0.115413 0.852964 -0.114748
v -0.110314 0.892510 -0.091407
v -0.115946 0.917311 -0.071708
v -0.085218 0.918881 -0.075450
v -0.089910 0.871064 -0.105798
v -0.131882 0.827217 -0.131122
v -0.049063 0.891692 -0.093007
v -0.078465 0.937660 -0.057163
v -0.221218 0.046311 -0.213904
v -0.310104 0.033068 -0.204094
v -0.399080 0.034260 -0.173412
v -0.408700 0.037420 -0.218358
v 0.212969 0.743620 -0.156417
v -0.031647 0.852793 -0.138240
v -0.208300 0.031227 -0.177740
v -0.243409 0.032423 -0.152632
v -0.269917 0.078496 -0.115619
v -0.238389 0.031677 -0.191513
v -0.354226 0.562022 -0.171201
v -0.321056 0.811884 -0.119205
v -0.319687 0.830311 -0.108478
v -0.269409 0.847313 -0.103996
v 0.204810 0.781355 -0.117565
v -0.719259 1.392089 -0.004921
v -0.736733 1.360020 0.036463
v -0.761786 1.366035 -0.002525
v -0.681710 1.383742 -0.008801
v -0.677190 1.345687 0.050501
v -0.642173 1.343421 -0.009588
v -0.629065 1.297968 0.015680
v -0.618762 1.248362 -0.019460
v -0.622813 1.200941 0.031693
v -0.615968 1.225137 0.042662
v -0.603147 1.225576 0.063325
v -0.587138 1.197953 0.074916
v -0.542732 1.203937 0.087102
v -0.492753 1.200748 0.101969
v -0.440222 1.240291 0.062199
v -0.456383 1.258893 0.053200
v -0.458414 1.340709 0.021038
v -0.467935 1.367501 0.029557
v -0.466522 1.430901 0.059447
v -0.443907 1.455449 0.056443
v -0.407293 1.483739 0.063729
v -0.443371 1.443693 0.116666
v -0.422599 1.425902 0.145262
v -0.445778 1.395163 0.162177
v -0.489911 1.338214 0.202342
v -0.546240 1.333986 0.197637
v -0.571538 1.322126 0.214936
v -0.566032 1.319146 0.236828
v -0.598058 1.321967 0.311449
v -0.604818 1.318721 0.352988
v -0.572644 1.298565 0.415500
v -0.554083 1.271760 0.445117
v -0.559000 1.252648 0.459243
v -0.543433 1.239109 0.423334
v -0.531697 1.236811 0.398888
v -0.521806 1.261461 0.385865
v -0.519284 1.213451 0.358516
v -0.506169 1.166993 0.324405
v -0.489361 1.174534 0.274846
v -0.482570 1.181213 0.229533
v -0.477459 1.199495 0.199909
v -0.435277 1.287967 0.191916
v -0.413619 1.300242 0.177500
v -0.429632 1.317513 0.172667
v -0.411224 1.333438 0.154110
v -0.399534 1.363996 0.147309
v -0.387648 1.353174 0.131540
v -0.366265 1.350163 0.123665
v -0.340809 1.358747 0.109589
v -0.296913 1.365553 0.086198
v -0.314938 1.349316 0.126552
v -0.252723 1.351418 0.099933
v -0.510991 1.245503 0.348028
v -0.507209 1.255940 0.316876
v -0.494240 1.235956 0.255275
v -0.483081 1.256788 0.226537
v -0.474057 1.236959 0.215966
v -0.495859 1.208117 0.251184
v -0.504903 1.200109 0.289832
v -0.533040 1.293539 0.368131
v -0.550583 1.290631 0.413584
v -0.534782 1.276745 0.407566
v -0.386959 1.473326 0.102979
v -0.321772 1.495228 0.091219
v -0.294110 1.527644 0.063490
v -0.279205 1.529277 0.057404
v -0.272466 1.516043 0.049139
v -0.316096 1.417813 0.056512
v -0.276881 1.423558 0.026957
v -0.242528 1.388696 0.038388
v -0.188783 1.388276 0.013888
v -0.152017 1.368428 0.025884
v -0.146907 1.356993 0.018122
v -0.118953 1.365818 -0.019551
v -0.116605 1.380327 -0.013788
v -0.136978 1.381401 0.004091
v -0.228478 1.433859 -0.007664
v -0.111518 1.396404 -0.028058
v -0.214352 1.410817 0.002892
v -0.144777 1.437576 -0.053435
v -0.158524 1.469862 -0.065693
v -0.237873 1.505403 -0.011235
v -0.242904 1.567189 0.023579
v -0.259942 1.548862 0.039675
v -0.264959 1.560144 0.032699
v -0.251174 1.578515 0.004611
v -0.242234 1.581401 -0.050958
v -0.275439 1.566116 -0.000378
v -0.309329 1.545026 -0.006435
v -0.278018 1.552179 -0.044535
v -0.327727 1.533739 0.027189
v -0.379530 1.503768 0.035464
v -0.220185 1.471498 -0.027568
v -0.256841 1.467248 0.002193
v -0.274570 1.471715 0.020261
v -0.487791 1.184718 0.118937
v -0.479355 1.181617 0.146228
v -0.480723 1.159532 0.167010
v -0.467305 1.120313 0.215504
v -0.499678 1.125543 0.356915
v -0.510253 1.115364 0.402235
v -0.530536 1.122358 0.422521
v -0.556729 1.124888 0.445981
v -0.596717 1.116865 0.476337
v -0.615024 1.113141 0.496511
v -0.620823 1.078791 0.523289
v -0.602946 1.030797 0.532015
v -0.641257 1.017611 0.608866
v -0.674407 1.020695 0.640054
v -0.690318 1.057064 0.633461
v -0.739624 1.056922 0.661933
v -0.742823 1.093468 0.648672
v -0.707059 1.165628 0.599548
v -0.712221 1.024305 0.655948
v -0.737860 1.006242 0.663060
v -0.749196 0.942307 0.662447
v -0.751400 0.912852 0.654989
v -0.778400 0.886304 0.623680
v -0.764863 0.858260 0.599214
v -0.720910 0.843940 0.585162
v -0.743421 0.825724 0.529899
v -0.725064 0.809618 0.497634
v -0.726798 0.794434 0.495801
v -0.698701 0.818267 0.493645
v -0.639298 0.820681 0.501699
v -0.655064 0.830853 0.498677
v -0.625790 0.857370 0.496423
v -0.625359 0.871652 0.513130
v -0.662506 0.884133 0.624453
v -0.695535 0.870310 0.631139
v -0.697998 0.884302 0.644526
v -0.743402 0.883135 0.641367
v -0.738360 0.855733 0.611661
v -0.690487 0.857035 0.603639
v -0.684667 0.843585 0.552328
v -0.673726 0.830468 0.499683
v -0.600139 0.822046 0.500759
v -0.574304 0.848259 0.481903
v -0.537275 0.848392 0.479407
v -0.522317 0.869186 0.466367
v -0.519728 0.889281 0.457732
v -0.518845 0.903432 0.459476
v -0.506347 0.953096 0.472211
v -0.476674 0.946921 0.436625
v -0.484429 0.982023 0.444487
v -0.458705 0.981836 0.402729
v -0.479200 1.057689 0.411650
v -0.524027 1.096551 0.438434
v -0.539468 1.077438 0.466790
v -0.511828 1.042062 0.460096
v -0.511733 0.997923 0.475291
v -0.554686 0.883400 0.479538
v -0.600596 0.893947 0.504684
v -0.600702 0.867075 0.483226
v -0.556978 0.864649 0.475508
v -0.492719 1.059354 0.429310
v -0.477872 1.007314 0.435550
v -0.491341 0.907797 0.440284
v -0.489834 0.890841 0.447530
v -0.461083 1.043643 0.384611
v -0.475233 1.089368 0.363106
v -0.438579 0.995525 0.350526
v -0.425119 0.985259 0.335002
v -0.461612 1.015468 0.403792
v -0.615293 0.848892 0.490771
v -0.623216 0.908389 0.581495
v -0.661494 0.903678 0.643654
v -0.676132 0.918090 0.657261
v -0.717144 0.952873 0.670093
v -0.704807 0.919909 0.664956
v -0.688052 0.830055 0.504586
v -0.456781 1.087617 0.202536
v -0.457797 1.095849 0.230234
v -0.433303 1.054527 0.238828
v -0.472604 1.125900 0.265842
v -0.483632 1.118164 0.324336
v -0.460263 1.203182 0.162310
v -0.463530 1.215047 0.188098
v -0.431210 1.243398 0.174767
v -0.350404 1.316012 0.144138
v -0.320584 1.285787 0.101453
v -0.620250 1.261144 0.051152
v -0.613948 1.257236 0.076478
v -0.588430 1.248256 0.086812
v -0.608670 1.285347 0.104074
v -0.611529 1.310785 0.138556
v -0.651011 1.320054 0.198815
v -0.682557 1.322301 0.189841
v -0.739388 1.327739 0.255597
v -0.779130 1.300346 0.131115
v -0.774199 1.293748 0.098879
v -0.757993 1.315326 0.098715
v -0.743700 1.322554 0.108226
v -0.726980 1.332154 0.104100
v -0.700949 1.336457 0.094802
v -0.676929 1.326144 0.092157
v -0.653778 1.309405 0.116375
v -0.628948 1.287740 0.090563
v -0.651769 1.308119 0.076087
v -0.630259 1.285480 0.065607
v -0.687421 1.321070 0.141599
v -0.634816 1.310410 0.137637
v -0.841177 1.266168 0.158620
v -0.804541 1.275933 0.125291
v -0.690109 1.327483 0.244598
v -0.598938 1.321025 0.208432
v -0.565892 1.336386 0.177418
v -0.466757 1.398052 0.157116
v -0.524323 1.335838 0.202283
v -0.639706 1.326542 0.274358
v -0.591919 1.312770 0.131078
v -0.578025 1.307889 0.113333
v -0.584212 1.279091 0.099394
v -0.586765 1.226400 0.078230
v -0.442140 1.314885 0.018565
v -0.492417 1.400964 0.068538
v -0.495281 1.409433 0.092540
v -0.484401 1.415908 0.113976
v -0.480249 1.403919 0.145401
v -0.464370 1.400793 0.035459
v -0.458575 1.443416 0.092017
v -0.525938 1.382183 0.109076
v -0.534343 1.332030 0.081673
v -0.546779 1.265742 0.082686
v -0.557023 1.293645 0.092038
v -0.559659 1.348888 0.124907
v -0.526438 1.363654 0.087470
v -0.528173 1.372492 0.156513
v -0.507775 1.306141 0.058641
v -0.495199 1.291768 0.053642
v -0.519426 1.218743 0.086888
v -0.556850 1.244284 0.084329
v -0.532808 1.242782 0.080586
v -0.588495 1.323828 0.185924
v -0.586743 1.325084 0.153530
v -0.542917 1.368466 0.138989
v -0.271827 1.423929 -0.079645
v -0.245712 0.044694 -0.136514
v -0.065540 0.091501 -0.204848
v 0.327019 0.525780 -0.151603
v -0.200424 1.372688 -0.060467
v -0.272573 1.368678 -0.055447
v -0.295773 0.244034 -0.175691
v 0.377682 0.538544 -0.134683
v 0.306368 0.553793 -0.167606
v 0.349037 0.579528 -0.144781
v 0.329025 0.605733 -0.149346
v 0.289398 0.682171 -0.150291
v -0.089197 1.397677 -0.054610
v -0.139139 0.045592 -0.196482
v -0.321841 0.291910 -0.108972
v 0.393115 0.593846 -0.114460
v -0.318482 0.032806 -0.165065
v -0.311127 0.038047 -0.147252
v -0.323058 0.050146 -0.132432
v 0.354400 0.614970 -0.136233
v 0.387221 0.620711 -0.107135
v 0.150643 0.900645 -0.091783
v 0.316855 0.299268 -0.146043
v -0.498545 0.571182 -0.137701
v -0.413479 0.495822 -0.112210
v -0.465396 0.534559 -0.120315
v -0.477385 0.490322 -0.102457
v -0.587268 0.683231 -0.129161
v -0.600474 0.699313 -0.119280
v -0.612022 0.728557 -0.100322
v -0.089309 1.418533 -0.064126
v -0.467804 0.106718 -0.151159
v -0.441572 0.114959 -0.167337
v -0.630223 0.704916 -0.094416
v -0.648908 0.754118 -0.091570
v -0.688195 0.778026 -0.058812
v -0.776065 0.747464 -0.017486
v -0.794843 0.760703 0.002445
v -0.665509 0.726448 -0.079214
v -0.694462 0.744905 -0.062918
v -0.724931 0.709154 -0.064330
v -0.751332 0.763177 -0.030683
v -0.761917 0.713664 -0.043751
v -0.776894 0.651569 -0.047090
v -0.732135 0.656157 -0.068639
v -0.633128 0.769204 -0.095859
v -0.651116 0.777740 -0.085310
v -0.640046 0.809812 -0.072733
v -0.659311 0.813616 -0.053841
v -0.485425 0.049588 -0.130371
v -0.484226 0.036154 -0.090741
v -0.502839 0.038136 -0.062706
v -0.492383 0.034292 -0.037371
v -0.441181 0.035312 -0.038238
v -0.516302 0.045254 -0.053934
v -0.523433 0.036403 -0.041818
v -0.560181 0.033960 -0.002905
v -0.600435 0.037891 -0.013511
v -0.660722 0.042530 0.004414
v -0.572495 0.064874 -0.039345
v -0.633104 0.039145 -0.001533
v -0.590147 0.049722 -0.025902
v -0.484580 0.038093 -0.107741
v -0.418402 0.036086 -0.096299
v -0.469720 0.035881 -0.143717
v -0.668611 0.614081 -0.101748
v -0.386448 1.427046 -0.024585
v -0.413052 1.436789 0.000283
v -0.130021 0.032839 -0.136973
v -0.125223 0.038352 -0.126559
v -0.190666 0.045051 -0.129295
v -0.220290 0.074398 -0.115122
v -0.181734 0.033355 -0.141916
v -0.585030 0.869059 -0.073446
v -0.608518 0.912485 -0.031853
v -0.651580 0.875028 -0.036335
v -0.236905 1.579278 0.012782
v -0.132067 1.355293 -0.026670
v -0.484415 0.109020 -0.076712
v -0.498887 0.084265 -0.058781
v -0.618848 1.267700 -0.003428
v -0.442184 0.489830 -0.112077
v -0.455696 0.439721 -0.099837
v -0.115924 0.048077 -0.116340
v -0.134334 0.073163 -0.104285
v -0.051059 0.078123 -0.084970
v -0.090046 0.082544 -0.074806
v -0.068107 0.079059 0.016870
v -0.158504 0.079133 0.017865
v -0.236408 0.079346 -0.012454
v -0.048187 0.069318 -0.093756
v 0.006397 0.068030 -0.089598
v -0.159944 0.079666 -0.098478
v -0.171920 0.082510 -0.087299
v -0.157819 0.082035 -0.048647
v -0.236844 0.082516 -0.070556
v -0.769701 1.242806 0.025087
v 0.326223 0.230814 -0.105837
v 0.396926 0.379418 -0.090928
v 0.416121 0.367569 -0.069992
v 0.419596 0.324011 -0.041389
v 0.440888 0.338178 -0.002834
v 0.420709 0.281935 -0.002848
v 0.433037 0.287379 0.007711
v -0.711607 0.592015 -0.084017
v -0.770428 1.295684 0.012900
v -0.771478 1.283324 0.043916
v -0.756674 1.276028 0.004766
v -0.278726 1.545684 0.047580
v -0.008817 0.954264 -0.039007
v 0.021172 0.977806 -0.012511
v 0.073089 0.963792 -0.035913
v 0.083732 0.947488 -0.062120
v -0.745624 1.205009 0.021675
v -0.777122 1.257684 0.057779
v -0.773759 1.228256 0.061123
v -0.785210 1.261432 0.090452
v -0.818838 1.225401 0.112444
v -0.836967 1.188843 0.140772
v -0.867522 1.157827 0.149531
v -0.819387 1.248273 0.131199
v -0.720785 1.179785 0.023095
v -0.738260 1.185836 0.032260
v -0.755269 1.161747 0.041321
v -0.750665 1.125087 0.037460
v -0.799837 1.118594 0.064223
v -0.808084 1.163822 0.074327
v -0.761465 1.199842 0.050063
v -0.782876 1.227235 0.075586
v -0.685087 1.161880 0.022567
v -0.660343 1.132802 0.021428
v -0.693865 1.143744 0.023517
v -0.228750 0.081747 -0.103571
v 0.400289 0.462393 -0.073318
v -0.010075 0.081163 -0.026578
v 0.065194 0.037305 0.035198
v 0.065794 0.027908 0.057678
v 0.096416 0.023024 0.075609
v -0.678468 0.470989 -0.072168
v -0.211401 1.328149 0.056060
v 0.408977 0.294561 -0.045271
v 0.450376 0.507992 -0.026586
v 0.005090 0.081629 -0.065388
v -0.032706 0.082641 -0.070450
v -0.712446 1.360344 0.050668
v -0.690293 1.362623 0.036319
v -0.652638 1.324784 0.038735
v -0.752028 1.340554 0.051755
v -0.376819 1.461346 0.119187
v -0.311188 1.484380 0.086745
v -0.348670 1.426397 0.111333
v -0.350424 1.515197 0.053467
v -0.377275 0.081084 -0.052479
v -0.422980 0.045075 -0.016013
v -0.434002 0.038800 0.020999
v -0.399857 0.061646 0.016488
v -0.417618 0.035742 0.073207
v -0.451909 0.034184 0.029626
v -0.392253 0.078274 -0.022591
v -0.380920 0.080626 -0.003653
v -0.369775 0.076193 0.024710
v -0.337532 0.080293 -0.097964
v -0.333075 0.080388 0.028042
v -0.313920 0.077906 0.076492
v -0.325750 0.076008 0.073550
v -0.302250 0.080709 -0.026749
v -0.756847 0.473701 -0.005473
v -0.321421 0.959421 0.005572
v -0.314252 0.984894 0.054986
v -0.331822 1.013934 0.135329
v -0.338366 1.009801 0.093606
v -0.350876 0.993200 0.026335
v -0.284442 0.993719 0.127937
v -0.288134 0.984999 0.091455
v -0.266377 0.992838 0.147245
v -0.274988 0.996094 0.207858
v -0.385088 1.262029 0.042412
v -0.329688 1.270063 0.073844
v -0.342557 1.268151 0.052640
v 0.001820 0.076694 0.056418
v 0.049621 0.071747 0.015991
v -0.013734 0.065048 0.133800
v -0.297522 1.385972 0.062634
v -0.333235 1.382465 0.084054
v -0.365201 1.376074 0.108449
v -0.376442 1.406645 0.137026
v -0.418439 1.366843 0.166588
v -0.402003 1.407393 0.150878
v -0.439686 1.374435 0.172414
v -0.343468 1.391531 0.086157
v -0.354373 1.399045 0.099108
v -0.367894 1.435840 0.131439
v -0.371935 1.446234 0.129163
v -0.310651 1.438091 0.053713
v -0.335363 1.470526 0.107357
v 0.178958 0.030853 -0.050030
v 0.449341 0.383834 -0.017763
v -0.387023 1.244469 0.069729
v -0.357830 1.255523 0.099841
v 0.458380 0.331780 0.032169
v 0.441270 0.310885 0.014228
v 0.454788 0.318261 0.025511
v 0.552033 0.384776 0.077283
v 0.588544 0.395679 0.097117
v 0.602578 0.412290 0.243688
v 0.526292 0.395257 0.092848
v 0.513050 0.405560 0.103628
v 0.504335 0.414990 0.101125
v 0.494425 0.398202 0.082315
v 0.475868 0.373393 0.056912
v 0.469899 0.350857 0.046790
v 0.470296 0.336146 0.040444
v 0.565961 0.405912 0.109405
v -0.409054 1.229216 0.102616
v -0.390416 1.242424 0.123244
v -0.359657 1.265751 0.120148
v -0.438429 1.222054 0.084181
v -0.483702 1.217823 0.085573
v -0.422701 1.221125 0.134692
v -0.398312 1.248573 0.145078
v -0.403702 1.290629 0.170863
v -0.467706 1.196391 0.123560
v -0.652625 1.096858 0.018396
v -0.582830 1.138899 0.040012
v -0.558585 1.143613 0.053135
v -0.541094 1.117772 0.067418
v -0.503222 1.145074 0.111454
v -0.809815 0.523641 0.021555
v -0.821678 0.495106 0.048533
v -0.837399 0.499651 0.079212
v -0.837290 0.551654 0.044506
v 0.408901 0.834542 0.101188
v 0.356557 0.864468 0.023103
v 0.382509 0.846079 0.045206
v -0.574579 0.167324 0.017677
v -0.516223 0.167382 -0.014979
v -0.825012 0.777878 0.042909
v -0.284834 1.335128 0.115424
v -0.302563 1.345032 0.125491
v -0.237664 1.341474 0.090223
v 0.357821 0.188819 -0.017455
v 0.409776 0.163796 -0.015344
v 0.346031 0.160849 -0.013048
v 0.378535 0.221028 -0.021136
v 0.387710 0.207583 -0.017797
v -0.169357 1.014281 0.208343
v -0.204131 1.003660 0.237694
v -0.036138 1.030831 0.318958
v -0.041487 1.009746 0.370665
v -0.112955 0.999536 0.350822
v -0.160625 0.993867 0.322372
v -0.203999 0.990054 0.287496
v 0.011590 1.003742 0.388864
v -0.072443 0.990637 0.388428
v -0.158665 0.974325 0.358994
v 0.052591 0.983766 0.413705
v 0.054724 0.960282 0.435169
v -0.010655 0.978305 0.419518
v 0.043237 0.921723 0.475744
v -0.791687 1.155559 0.057769
v -0.811889 1.192386 0.097130
v -0.246469 0.076792 0.055513
v -0.276235 0.073888 0.142279
v -0.264600 0.075966 0.109190
v -0.559584 0.305052 0.009733
v -0.566638 0.254667 0.040267
v -0.568982 0.271920 0.041851
v -0.586679 0.279257 0.097278
v 0.448727 0.186533 -0.021719
v 0.245092 0.976376 0.070909
v 0.185028 1.002621 0.062710
v 0.251366 0.988200 0.129753
v 0.276417 0.964617 0.096323
v 0.237240 0.988552 0.090100
v -0.293763 1.305791 0.097147
v -0.754354 1.314411 0.138782
v -0.728927 1.322898 0.188906
v -0.714414 1.323586 0.145388
v -0.547759 0.043626 -0.042375
v -0.540886 0.255874 0.007625
v -0.553710 0.238960 0.022694
v -0.583181 0.237936 0.072775
v -0.595959 0.202231 0.087538
v -0.665081 0.364792 0.036380
v -0.711122 0.383552 0.058733
v -0.726261 0.351823 0.139249
v -0.750217 0.372250 0.140589
v -0.779965 0.392483 0.165924
v -0.779226 0.396840 0.223062
v -0.810400 0.420567 0.263485
v -0.798127 0.440089 0.337672
v -0.775599 0.397461 0.272228
v -0.761666 0.376437 0.225576
v -0.744423 0.363956 0.236611
v -0.729858 0.344598 0.244248
v -0.760276 0.376639 0.263826
v -0.652769 0.313140 0.287311
v -0.707285 0.335039 0.289503
v -0.739146 0.353283 0.280875
v -0.733967 0.383173 0.341695
v -0.760841 0.390537 0.299808
v -0.743699 0.354853 0.187071
v -0.691455 0.353024 0.067363
v -0.736568 0.348533 0.208738
v -0.711854 0.328673 0.221552
v -0.663652 0.338961 0.067557
v -0.615418 0.310138 0.118554
v -0.647129 0.319588 0.109961
v -0.644511 0.307490 0.169484
v 0.272179 0.084665 0.004202
v -0.767829 1.318197 0.196859
v 0.316361 0.069147 0.027447
v 0.326067 0.053211 0.050152
v 0.320122 0.032283 0.100807
v 0.385607 0.071211 0.042025
v 0.418672 0.094135 0.030204
v 0.376506 0.090815 0.018339
v 0.305977 0.024525 0.140538
v 0.272362 0.020643 0.158779
v 0.573768 0.289936 0.017052
v 0.568083 0.327293 0.035456
v -0.336083 1.336181 0.141816
v -0.349844 1.341425 0.140865
v 0.582613 0.267993 0.025397
v -0.582579 0.318284 0.047614
v -0.734791 0.420401 0.040100
v -0.737397 0.380386 0.097070
v -0.757297 0.386371 0.114155
v -0.867836 0.588333 0.067746
v -0.879063 0.631034 0.096481
v -0.878916 0.672369 0.090399
v -0.746729 0.416270 0.067987
v -0.888062 1.027719 0.107596
v -0.899578 1.040764 0.152617
v -0.918688 1.070797 0.190845
v -0.934884 1.038344 0.223317
v -0.949693 0.968574 0.249710
v -0.951653 0.945696 0.275308
v -0.938917 0.900640 0.258169
v -0.921330 0.873773 0.257012
v -0.932237 0.926850 0.195766
v -0.938760 0.924976 0.217734
v -0.936752 0.988730 0.201355
v -0.917461 0.972574 0.173601
v -0.900458 1.013864 0.142077
v -0.887286 1.057126 0.129576
v -0.946668 1.024413 0.278857
v -0.185647 1.007079 0.141139
v -0.059324 1.037697 0.207960
v -0.095982 1.031925 0.225134
v -0.092917 1.027638 0.274808
v -0.362270 1.328594 0.153697
v -0.396138 1.334605 0.146560
v -0.386990 1.316598 0.165600
v 0.015301 0.065592 0.077402
v 0.028674 0.033226 0.096405
v 0.023426 0.029431 0.125996
v 0.046569 0.024223 0.106828
v 0.488525 0.365924 0.064107
v -0.774156 0.402776 0.123796
v -0.795146 0.415052 0.176373
v -0.814492 0.425349 0.211352
v -0.826780 0.438809 0.222463
v -0.844468 0.481030 0.209322
v -0.846405 0.488255 0.242327
v -0.777833 0.423889 0.096377
v -0.791148 0.421161 0.146607
v -0.152907 1.013195 0.271502
v -0.098491 1.014951 0.324874
v -0.682735 0.147800 0.078888
v -0.700329 0.124474 0.070112
v -0.716117 0.128427 0.087576
v -0.688116 0.159666 0.112120
v -0.674645 0.035136 0.095292
v -0.616511 0.034211 0.078390
v -0.623084 0.034357 0.136150
v -0.547117 0.031730 0.160245
v -0.558167 0.033703 0.103143
v -0.715737 0.037862 0.080456
v -0.678728 0.037395 0.170063
v -0.620688 0.034816 0.204069
v -0.571820 0.032027 0.215523
v -0.554834 0.031748 0.311835
v -0.751724 0.060249 0.143014
v -0.751531 0.060185 0.177547
v -0.713430 0.055062 0.217702
v -0.644125 0.177830 0.118029
v -0.611202 0.188466 0.125570
v -0.673450 0.144587 0.054791
v -0.841512 1.233358 0.159428
v 0.621917 0.341062 0.076079
v -0.699980 0.348055 0.104470
v -0.854865 1.188767 0.173050
v -0.854245 1.205849 0.183366
v -0.726000 0.072000 0.047300
v -0.726500 0.076500 0.053000
v -0.725766 0.074901 0.050642
v -0.477521 1.183862 0.178832
v -0.022618 0.065609 0.193665
v 0.003604 0.038300 0.152171
v 0.004145 0.037747 0.213545
v -0.036445 0.070316 0.189570
v -0.127486 0.072104 0.162284
v -0.586625 0.267625 0.125204
v -0.871527 1.195622 0.208254
v -0.428474 1.047299 0.188963
v -0.422925 1.042153 0.224630
v -0.454641 1.080798 0.306877
v -0.431200 1.040578 0.303405
v -0.371625 1.023023 0.228376
v -0.352978 1.010723 0.272788
v -0.322492 1.007571 0.260337
v -0.412741 1.016104 0.278856
v -0.396843 1.014310 0.269491
v -0.422498 1.024873 0.288092
v -0.426667 1.003188 0.305530
v -0.444406 1.051335 0.330782
v -0.411293 0.997593 0.304195
v -0.454454 1.315853 0.198181
v -0.456829 1.334438 0.195081
v -0.890782 0.665979 0.144271
v -0.897585 0.717045 0.152789
v -0.907593 0.732791 0.196494
v -0.889180 0.774097 0.183303
v -0.892894 0.675640 0.162005
v 0.522935 0.411947 0.127089
v 0.575035 0.419420 0.147806
v 0.528520 0.421916 0.176090
v 0.508514 0.428432 0.128747
v 0.514821 0.426162 0.160292
v 0.515577 0.430438 0.207932
v 0.505512 0.425767 0.262281
v 0.481241 0.442164 0.338651
v 0.439250 0.498480 0.425183
v 0.502795 0.473176 0.289692
v 0.473617 0.477871 0.353807
v 0.453136 0.518337 0.406912
v 0.432375 0.352726 0.419979
v 0.400386 0.336127 0.461162
v 0.381895 0.279968 0.463372
v 0.326564 0.245830 0.485842
v 0.320853 0.223513 0.476041
v 0.373689 0.247899 0.452869
v 0.387540 0.221162 0.411533
v 0.402179 0.216449 0.387518
v 0.414830 0.226574 0.382776
v 0.377922 0.171025 0.383719
v -0.475494 1.159046 0.210326
v -0.510909 1.210067 0.328331
v -0.521244 1.175485 0.393478
v -0.531796 1.144395 0.420187
v -0.545156 1.162853 0.426752
v -0.569728 1.167648 0.449624
v -0.577634 1.154878 0.458236
v -0.605253 1.130223 0.477798
v -0.511767 1.136292 0.388220
v 0.234414 0.028667 0.066845
v 0.080930 1.049603 0.192330
v 0.115454 1.044174 0.259357
v 0.152832 1.038238 0.194955
v -0.514698 1.315789 0.222501
v -0.532901 1.313301 0.234803
v -0.552760 1.314197 0.257923
v -0.533079 1.304098 0.269410
v -0.511478 1.294206 0.238826
v -0.563936 1.310472 0.347833
v -0.525239 1.292528 0.327758
v -0.517355 1.273503 0.360197
v -0.688597 0.317043 0.219258
v -0.708347 0.331064 0.172807
v -0.686841 0.318467 0.258471
v -0.643041 0.299753 0.225672
v 0.509209 0.445081 0.236378
v 0.507446 0.490117 0.260541
v 0.509104 0.500606 0.173207
v -0.505652 1.276470 0.257144
v -0.492484 1.279829 0.229811
v 0.107876 1.020736 0.351613
v 0.145460 1.014223 0.351247
v 0.189119 0.992470 0.367414
v 0.185239 0.965749 0.405611
v 0.161970 0.962834 0.415457
v 0.138062 0.991565 0.390476
v 0.097919 0.980949 0.412252
v 0.017850 1.046466 0.222767
v -0.245893 0.995784 0.216415
v -0.490901 0.033347 0.145467
v -0.389300 0.030045 0.168352
v -0.424281 0.034741 0.158026
v -0.727458 0.043907 0.179974
v -0.690541 0.042285 0.218528
v 0.497111 0.553538 0.304766
v -0.675172 0.050686 0.255852
v -0.660381 0.058759 0.273167
v -0.702141 0.059598 0.234709
v 0.480575 0.383944 0.327883
v 0.456592 0.407444 0.383430
v 0.452189 0.369423 0.378375
v 0.443813 0.329352 0.395189
v 0.408392 0.281943 0.430716
v 0.356645 0.904793 0.300913
v 0.355797 0.896399 0.329180
v -0.773516 1.323526 0.296678
v -0.667934 1.325095 0.355450
v 0.493966 0.636960 0.270418
v -0.885912 0.847775 0.240285
v -0.887347 0.849835 0.280779
v -0.879465 0.850288 0.311476
v 0.139386 1.029795 0.308681
v 0.180156 1.019852 0.296905
v 0.204973 0.999124 0.331360
v -0.255118 0.069074 0.271231
v -0.271434 0.062461 0.259362
v -0.359492 0.038191 0.264239
v -0.341264 0.028836 0.281012
v -0.456149 0.047254 0.240553
v -0.520676 0.032903 0.343979
v -0.353318 0.030068 0.329628
v -0.335023 0.031341 0.343783
v -0.292510 0.065894 0.341491
v -0.285801 0.065744 0.319759
v -0.305513 0.033175 0.260976
v -0.314908 0.037163 0.325048
v -0.313832 0.032167 0.281378
v -0.360900 0.038930 0.312485
v -0.417919 0.044665 0.302834
v -0.470413 0.031061 0.372411
v -0.379342 0.034169 0.347905
v -0.380960 0.043326 0.338279
v -0.410131 0.037518 0.348338
v -0.430062 0.031705 0.368919
v -0.390170 0.031567 0.361423
v -0.257519 0.068601 0.233884
v -0.261303 0.069645 0.195659
v -0.327734 0.028198 0.211175
v -0.308404 0.032093 0.224626
v -0.290125 0.048290 0.214201
v -0.346162 0.028667 0.225912
v -0.361198 0.028423 0.193829
v -0.371180 0.045812 0.209661
v -0.353389 0.035379 0.227503
v -0.830426 0.447422 0.252275
v -0.835127 0.476564 0.285817
v -0.818211 0.437919 0.286012
v -0.837961 0.505416 0.351703
v 0.594456 0.160513 0.241783
v 0.586383 0.172313 0.279780
v 0.576706 0.210224 0.334712
v 0.591541 0.236872 0.334773
v 0.621089 0.303850 0.314749
v 0.584471 0.260367 0.349395
v 0.546814 0.221422 0.362632
v 0.542138 0.243173 0.370733
v 0.516134 0.217377 0.384556
v 0.650183 0.264595 0.218521
v 0.643014 0.257945 0.253765
v 0.638996 0.274698 0.276893
v 0.619353 0.226590 0.287387
v -0.950906 1.022191 0.338111
v -0.644705 0.038704 0.261290
v -0.633427 0.042081 0.299270
v -0.601236 0.033952 0.281382
v 0.250414 0.037170 0.202549
v 0.357983 0.843238 0.395989
v -0.932471 1.075524 0.322578
v -0.863822 1.287634 0.360480
v -0.838731 1.277519 0.419588
v -0.819965 1.298943 0.381242
v -0.781548 1.313876 0.368099
v -0.197690 0.972935 0.328276
v -0.001730 0.951655 0.454189
v -0.327612 0.969229 0.355658
v -0.364397 0.931634 0.407975
v -0.275481 0.846783 0.465075
v -0.300676 0.821487 0.484151
v -0.333791 0.817901 0.481743
v -0.379027 0.885781 0.444517
v -0.338736 0.881345 0.433438
v -0.384835 0.932018 0.404062
v -0.304588 0.905785 0.419985
v -0.349495 0.950294 0.391309
v -0.296455 0.931689 0.388206
v -0.272240 0.918197 0.401907
v -0.261773 0.890532 0.431839
v -0.268903 0.934006 0.379511
v -0.276764 0.869925 0.449989
v -0.322371 0.850414 0.457913
v 0.486321 0.645088 0.310238
v 0.438345 0.712896 0.368742
v 0.445588 0.657610 0.392005
v 0.466839 0.580552 0.367827
v 0.477942 0.595389 0.341357
v 0.484036 0.537452 0.347485
v 0.462348 0.545427 0.389761
v 0.439282 0.590457 0.422640
v 0.383853 0.653262 0.479127
v 0.359504 0.711240 0.472260
v 0.313861 0.725375 0.496732
v 0.286790 0.760859 0.482186
v 0.269536 0.773773 0.487463
v 0.263107 0.762521 0.506165
v 0.247791 0.789727 0.487124
v 0.194248 0.790036 0.504907
v 0.236123 0.761312 0.522153
v 0.252966 0.729757 0.537007
v 0.257716 0.691048 0.554731
v 0.294413 0.716812 0.517738
v 0.327997 0.661552 0.517237
v 0.234391 0.695847 0.559239
v 0.210529 0.732974 0.554728
v 0.213247 0.657364 0.573121
v 0.402964 0.603598 0.477766
v 0.384468 0.611044 0.495491
v 0.348296 0.695121 0.493246
v 0.481209 0.670528 0.300185
v 0.436863 0.740565 0.356780
v 0.400105 0.806927 0.362706
v 0.408000 0.658161 0.449970
v 0.369221 0.714413 0.455922
v 0.462636 0.707110 0.313152
v -0.537890 1.192424 0.431518
v -0.523937 1.200207 0.406624
v 0.619850 0.199070 0.260952
v 0.602020 0.201464 0.294316
v 0.544481 0.377808 0.317133
v 0.586998 0.374748 0.312427
v 0.611730 0.371283 0.297504
v 0.570052 0.341663 0.340506
v 0.532710 0.353939 0.338150
v 0.504882 0.311674 0.362180
v -0.642544 0.050150 0.291596
v -0.635917 0.066655 0.298606
v -0.638339 0.058346 0.305381
v -0.644481 0.044436 0.328707
v -0.631710 0.038641 0.332503
v -0.362799 0.048510 0.234142
v -0.376032 0.044617 0.266326
v -0.770140 1.296436 0.431021
v -0.871108 0.535647 0.316010
v 0.338139 0.064734 0.324336
v -0.582967 0.035757 0.355521
v -0.247047 0.069344 0.306275
v -0.271910 0.070174 0.359871
v -0.366157 0.031946 0.398136
v -0.523094 0.240703 0.318407
v -0.528871 0.275031 0.339806
v -0.531364 0.298653 0.368940
v -0.512102 0.305692 0.418791
v -0.488619 0.323611 0.454867
v -0.485652 0.349257 0.466209
v -0.467688 0.383389 0.499559
v -0.436484 0.416235 0.527999
v -0.423662 0.441942 0.534213
v -0.377427 0.444281 0.526863
v -0.330177 0.394252 0.517361
v -0.267616 0.333299 0.475559
v -0.252932 0.353789 0.488108
v -0.218220 0.317117 0.527332
v -0.269518 0.394556 0.493088
v -0.293930 0.399249 0.497768
v -0.262010 0.425916 0.507685
v -0.260707 0.464862 0.541842
v -0.231035 0.436304 0.565205
v -0.241490 0.416619 0.538835
v -0.273333 0.317508 0.471368
v -0.336515 0.289562 0.493516
v -0.372583 0.314350 0.515682
v -0.384887 0.286221 0.506592
v -0.413432 0.330064 0.516040
v -0.429864 0.365915 0.510858
v -0.410098 0.392543 0.522772
v -0.305985 0.333713 0.486384
v -0.343368 0.322990 0.508779
v -0.345682 0.365732 0.516921
v -0.509990 0.340298 0.440190
v -0.527004 0.246504 0.358367
v -0.521663 0.252102 0.390047
v -0.509544 0.256704 0.423835
v -0.469340 0.198240 0.485712
v -0.478590 0.185031 0.491622
v -0.485579 0.217571 0.469340
v -0.495486 0.242737 0.446054
v -0.581326 0.347487 0.420202
v -0.609723 0.364160 0.435545
v -0.713315 0.348658 0.313600
v -0.854081 0.858704 0.408369
v -0.927544 0.954549 0.417828
v -0.626955 0.121201 0.344117
v -0.795886 1.275751 0.459901
v 0.475141 0.344937 0.336192
v 0.463364 0.333639 0.347973
v 0.468819 0.304742 0.355984
v 0.455553 0.299540 0.361507
v 0.429359 0.243872 0.380674
v 0.444071 0.298626 0.373816
v 0.332274 0.751251 0.463930
v -0.580593 1.175303 0.480395
v -0.582118 1.201536 0.489843
v -0.612971 1.206705 0.507435
v -0.633601 1.078598 0.540585
v -0.683053 0.073490 0.420812
v -0.683725 0.056122 0.414029
v 0.397080 0.711971 0.432003
v 0.378749 0.754897 0.425543
v 0.420506 0.677737 0.415372
v -0.389659 0.910045 0.425514
v 0.352777 0.816636 0.419132
v 0.134604 0.937406 0.449401
v -0.565462 1.084064 0.484397
v -0.550171 1.037108 0.499464
v -0.551074 1.015862 0.512251
v -0.595760 1.016253 0.538017
v 0.435167 0.622047 0.426637
v -0.561773 1.216687 0.451073
v -0.570614 1.231948 0.479281
v -0.659664 0.044703 0.358154
v -0.668942 0.042893 0.403259
v -0.675494 0.046968 0.404338
v -0.679078 0.072406 0.393105
v 0.083753 0.066700 0.353261
v 0.089311 0.073367 0.377346
v 0.090326 0.069845 0.402324
v -0.458011 0.350150 0.489085
v -0.430230 0.290947 0.502125
v -0.434179 0.213551 0.492560
v -0.381767 0.233895 0.494512
v -0.371408 0.191077 0.493623
v -0.385324 0.162540 0.502831
v -0.402800 0.146676 0.516200
v -0.382416 0.123923 0.513745
v -0.385023 0.100147 0.521359
v -0.363694 0.091247 0.553530
v -0.349852 0.131444 0.549483
v -0.319709 0.172464 0.535440
v -0.354630 0.165458 0.497808
v -0.370378 0.139687 0.509362
v -0.341558 0.157346 0.530410
v -0.271627 0.068372 0.641728
v -0.298433 0.048888 0.617378
v -0.328164 0.140072 0.558945
v -0.331938 0.110235 0.587749
v -0.324208 0.090345 0.606382
v -0.347394 0.098113 0.567412
v -0.350728 0.054596 0.566825
v -0.323790 0.060706 0.603696
v -0.332444 0.045633 0.584583
v -0.322713 0.035050 0.575400
v -0.269585 0.032772 0.543153
v -0.374800 0.055320 0.540792
v -0.350249 0.242474 0.485856
v -0.314502 0.227227 0.469143
v -0.410033 0.247524 0.499584
v -0.470489 0.234230 0.476018
v -0.463364 0.266535 0.479724
v 0.448345 0.278562 0.369553
v -0.158394 0.071832 0.373366
v -0.462805 0.902844 0.427775
v -0.235559 0.073183 0.408414
v 0.420447 0.254216 0.388178
v -0.746343 0.436410 0.430165
v -0.755339 0.456638 0.442717
v -0.778265 0.452254 0.407288
v 0.199725 0.804185 0.494708
v 0.233504 0.818477 0.477410
v 0.236563 0.836364 0.464262
v 0.311722 0.760820 0.473552
v -0.796068 0.557137 0.474168
v -0.010404 0.913429 0.482217
v -0.021502 0.887985 0.493678
v 0.004236 0.860344 0.512323
v -0.060432 0.895449 0.489904
v -0.137734 0.828145 0.512350
v -0.135846 0.778440 0.525436
v -0.205908 0.842791 0.491857
v -0.190979 0.781544 0.527829
v -0.157178 0.787492 0.527389
v -0.169213 0.738683 0.539332
v -0.111786 0.796068 0.530909
v -0.220096 0.779824 0.523422
v -0.190226 0.747222 0.543286
v -0.233359 0.739295 0.539282
v -0.220670 0.709225 0.552722
v -0.183549 0.725915 0.548973
v -0.202280 0.671036 0.558074
v -0.030568 0.874273 0.503438
v -0.055158 0.830169 0.525169
v -0.123219 0.876287 0.485157
v 0.290562 0.220016 0.493699
v 0.151757 0.865714 0.476366
v 0.098808 0.870541 0.496148
v 0.114972 0.900665 0.472321
v 0.114924 0.058258 0.398419
v -0.492173 0.855187 0.473040
v -0.502944 0.826196 0.493582
v -0.437460 0.855995 0.468715
v -0.388813 0.830189 0.483675
v -0.481730 0.812032 0.502224
v -0.840327 1.169086 0.555477
v -0.641590 1.244574 0.513285
v -0.629354 1.218598 0.517736
v -0.672207 1.246822 0.523880
v -0.621600 1.168351 0.515816
v -0.608919 1.160997 0.499032
v -0.653326 1.094011 0.577445
v -0.659947 1.126128 0.582200
v -0.710481 1.099623 0.632512
v -0.644979 1.054683 0.579466
v -0.669849 1.053077 0.615277
v -0.703100 1.193946 0.579028
v -0.662424 1.204512 0.553337
v -0.648493 1.169254 0.558076
v -0.070430 0.075299 0.453007
v -0.093767 0.075600 0.462933
v -0.129723 0.076504 0.464479
v -0.158096 0.076905 0.477426
v -0.759962 0.766863 0.479879
v -0.729711 0.759177 0.498415
v -0.736763 0.817038 0.503358
v -0.753791 0.801499 0.484924
v -0.712358 0.435652 0.462114
v -0.164316 0.851486 0.495624
v -0.238950 0.077039 0.463152
v 0.429850 0.426627 0.424623
v 0.351259 0.321316 0.488893
v 0.376823 0.309601 0.475220
v 0.338538 0.287320 0.491107
v 0.318274 0.301644 0.518579
v 0.286460 0.311751 0.534386
v 0.373456 0.360695 0.478079
v -0.542963 0.978693 0.516484
v -0.546862 0.959037 0.516307
v -0.546343 0.913011 0.497480
v -0.590881 0.912561 0.519177
v -0.603769 0.918989 0.539765
v -0.590183 0.963872 0.543460
v -0.627551 0.993055 0.602572
v -0.669579 0.981278 0.655484
v -0.686806 0.978783 0.664240
v -0.606257 0.946603 0.563802
v -0.583067 0.981144 0.539121
v -0.578377 0.933236 0.525940
v -0.602039 0.990288 0.555953
v -0.601581 1.075595 0.509053
v -0.926164 1.005076 0.515565
v -0.803305 0.579782 0.472751
v -0.779039 0.610498 0.500271
v -0.740583 0.518156 0.496057
v 0.099548 0.820937 0.511765
v 0.276433 0.084137 0.454204
v 0.246046 0.061157 0.476864
v 0.259655 0.058820 0.441310
v 0.272892 0.110399 0.477513
v 0.288505 0.140459 0.460863
v 0.250667 0.157438 0.485946
v 0.305945 0.138936 0.446141
v 0.103741 0.108820 0.537341
v 0.122790 0.161063 0.579802
v 0.079604 0.140472 0.573805
v 0.135826 0.145340 0.555739
v -0.512157 0.360429 0.458871
v -0.507537 0.385908 0.478204
v -0.496821 0.415650 0.496280
v -0.474549 0.433345 0.517549
v -0.479451 0.490913 0.551749
v -0.471890 0.537983 0.554049
v -0.454672 0.452719 0.529147
v -0.351718 0.494230 0.531778
v -0.341310 0.535761 0.542594
v -0.314361 0.556046 0.526166
v -0.307292 0.568490 0.526789
v -0.343234 0.437247 0.525686
v -0.343769 0.479728 0.525749
v -0.315185 0.516099 0.520183
v -0.293001 0.535774 0.521658
v -0.449078 0.529072 0.544536
v -0.448765 0.554348 0.556944
v -0.460517 0.603227 0.563455
v -0.440795 0.625914 0.543912
v -0.472848 0.580170 0.569177
v -0.486683 0.604601 0.568943
v 0.405109 0.467886 0.467497
v -0.535608 0.380093 0.478234
v -0.535709 0.412174 0.497186
v -0.589638 0.420893 0.500591
v -0.569217 0.392746 0.482979
v -0.649787 0.514329 0.541586
v 0.108035 0.024141 0.451018
v -0.648437 0.849912 0.504038
v -0.675186 0.437353 0.483318
v -0.634888 0.488628 0.531040
v -0.652022 0.557684 0.559507
v -0.673167 0.589146 0.558868
v 0.286265 0.746087 0.505222
v -0.382440 0.766253 0.509308
v -0.900125 0.945046 0.590244
v -0.898934 0.906760 0.577583
v -0.843410 0.887768 0.606131
v -0.834210 0.867800 0.592637
v -0.884724 0.870222 0.555156
v -0.868397 0.878898 0.583982
v -0.871356 1.023823 0.599450
v -0.852391 0.994067 0.621302
v -0.875703 0.961242 0.609725
v -0.864134 0.914797 0.612368
v -0.894816 0.987438 0.590844
v -0.857693 0.944293 0.621570
v -0.826834 0.965638 0.626913
v -0.828464 0.921631 0.625701
v -0.817169 0.892793 0.613995
v -0.789250 1.173922 0.588298
v -0.261629 0.222224 0.475730
v -0.300789 0.213302 0.470435
v -0.292394 0.201761 0.511120
v -0.263087 0.174461 0.582909
v -0.261852 0.162001 0.598014
v -0.246397 0.141520 0.610445
v -0.238680 0.124103 0.632950
v -0.220803 0.130714 0.635099
v -0.178697 0.051606 0.631089
v -0.139813 0.042608 0.611342
v -0.109110 0.111026 0.602173
v -0.162248 0.114954 0.624042
v -0.145581 0.144966 0.605959
v -0.189336 0.142904 0.627425
v -0.123486 0.162411 0.577763
v -0.142720 0.178349 0.571300
v -0.180671 0.188871 0.563517
v -0.165064 0.195905 0.565915
v -0.185903 0.198125 0.554638
v -0.211323 0.206522 0.534587
v -0.235707 0.224912 0.501043
v -0.257485 0.239323 0.471687
v -0.197928 0.240522 0.553434
v -0.209774 0.218868 0.532472
v -0.140697 0.229556 0.603059
v -0.121881 0.211898 0.596371
v -0.177620 0.162957 0.606692
v -0.215869 0.163063 0.613676
v -0.279098 0.116373 0.615202
v -0.209747 0.103465 0.641804
v -0.223255 0.054069 0.643349
v -0.178775 0.038339 0.622185
v -0.169356 0.031404 0.603812
v -0.227359 0.204449 0.530122
v -0.269626 0.197055 0.537091
v -0.243260 0.187452 0.573590
v -0.213890 0.182161 0.584296
v 0.372901 0.422648 0.484079
v 0.339160 0.396451 0.496251
v -0.411419 0.787543 0.519408
v 0.371465 0.529677 0.504775
v 0.343078 0.529509 0.518248
v 0.320551 0.548431 0.550558
v 0.322382 0.577128 0.542303
v 0.346970 0.606559 0.519721
v 0.342371 0.567295 0.519822
v 0.335248 0.509104 0.529473
v 0.336803 0.467234 0.530721
v -0.038535 0.784275 0.541213
v 0.292580 0.686375 0.538452
v -0.344097 0.712234 0.535244
v -0.328162 0.709990 0.537106
v -0.334800 0.207763 0.478710
v -0.337057 0.183696 0.491600
v -0.376146 0.689579 0.531704
v -0.641106 0.880533 0.585792
v -0.658467 0.865552 0.583556
v -0.383653 0.366387 0.523498
v -0.284127 0.463117 0.509969
v -0.279789 0.500049 0.527224
v -0.294467 0.486006 0.512763
v -0.260060 0.514745 0.571451
v -0.241856 0.528707 0.613121
v -0.222695 0.528631 0.646306
v -0.243085 0.499080 0.600675
v 0.016358 0.768165 0.540345
v -0.058240 0.772544 0.536976
v -0.043374 0.732957 0.538686
v -0.516491 0.036020 0.538212
v -0.493577 0.044335 0.556555
v -0.498711 0.055380 0.569438
v -0.439010 0.049654 0.544021
v -0.461170 0.066916 0.557853
v -0.408811 0.050413 0.532247
v -0.611136 0.671207 0.564925
v -0.605677 0.647539 0.571217
v -0.616665 0.615068 0.574494
v -0.596252 0.597280 0.570971
v -0.592682 0.622284 0.571095
v -0.567448 0.600502 0.561432
v -0.543103 0.604505 0.564443
v -0.569526 0.580866 0.559425
v -0.532647 0.568715 0.570124
v -0.555565 0.663192 0.568612
v -0.521905 0.622317 0.563916
v -0.558289 0.631492 0.572142
v -0.197528 0.684963 0.555477
v -0.251267 0.696062 0.541646
v -0.239823 0.682093 0.541242
v -0.584002 0.038419 0.549375
v -0.592849 0.071249 0.575662
v -0.623907 0.071237 0.552952
v -0.632719 0.105814 0.538031
v -0.416658 0.204643 0.496526
v -0.557034 0.471025 0.539426
v -0.538679 0.466817 0.534114
v -0.568056 0.500702 0.552691
v -0.547630 0.535738 0.566505
v -0.577260 0.565238 0.555198
v -0.532059 0.529041 0.566885
v -0.620351 0.144022 0.524308
v -0.604589 0.140711 0.542718
v -0.600490 0.116409 0.555013
v -0.575678 0.110326 0.573191
v -0.561731 0.145931 0.555075
v -0.527368 0.132303 0.561338
v -0.474272 0.132735 0.539009
v -0.555433 0.172318 0.520865
v -0.596767 0.091656 0.570788
v -0.544196 0.063701 0.579475
v -0.497124 0.065344 0.568748
v -0.514047 0.101814 0.570109
v -0.547023 0.096142 0.580407
v -0.606163 0.159560 0.521872
v -0.584464 0.175748 0.502116
v -0.431457 0.174707 0.503740
v -0.410354 0.595633 0.534796
v -0.393443 0.596973 0.536019
v -0.357278 0.632662 0.546877
v -0.693650 0.676941 0.544168
v -0.519749 0.157825 0.534402
v -0.440382 0.493481 0.531164
v -0.414748 0.530149 0.529605
v -0.404199 0.553594 0.533003
v -0.375741 0.536955 0.545915
v -0.350206 0.568886 0.547892
v -0.409052 0.492678 0.539869
v -0.389973 0.518197 0.535419
v -0.388453 0.486677 0.540247
v -0.430909 0.578788 0.549704
v -0.231084 0.668316 0.544842
v 0.175694 0.720146 0.570646
v 0.173568 0.690579 0.576042
v -0.624414 0.944083 0.610259
v -0.645758 0.973510 0.637749
v -0.634137 0.922892 0.620889
v -0.644856 0.938131 0.642729
v -0.671543 0.950328 0.661360
v 0.106689 0.026300 0.525410
v 0.135022 0.032856 0.527480
v 0.105169 0.041418 0.538033
v -0.421659 0.139610 0.519660
v 0.240241 0.203923 0.538565
v -0.195271 0.655325 0.598184
v 0.117145 0.063205 0.535168
v 0.055102 0.069911 0.546597
v -0.552405 0.046482 0.566915
v -0.482715 0.102337 0.552427
v 0.207363 0.303855 0.583848
v 0.165865 0.293212 0.598343
v 0.145584 0.293882 0.613039
v 0.286899 0.414807 0.559857
v 0.265899 0.449243 0.586323
v 0.234228 0.488065 0.614989
v 0.299375 0.466632 0.567983
v 0.295524 0.498901 0.575303
v -0.642289 0.044192 0.522759
v -0.606182 0.051997 0.563415
v -0.167743 0.328936 0.603335
v -0.137344 0.342220 0.633334
v -0.147351 0.289535 0.616369
v -0.157764 0.290105 0.608930
v -0.208875 0.428977 0.601709
v -0.178427 0.380136 0.622298
v -0.158843 0.428706 0.649006
v -0.130982 0.435837 0.658970
v -0.196083 0.437274 0.623190
v 0.270023 0.394669 0.569622
v 0.244217 0.385138 0.582872
v 0.218059 0.380407 0.600962
v 0.193768 0.373180 0.613689
v 0.246591 0.428993 0.599627
v 0.218498 0.461243 0.622981
v 0.185124 0.454750 0.636775
v 0.188560 0.473021 0.636513
v 0.155743 0.463201 0.642595
v 0.158638 0.421731 0.636594
v 0.150107 0.384518 0.638469
v 0.138703 0.355701 0.637811
v 0.155028 0.338754 0.624404
v 0.211846 0.418574 0.606327
v 0.188854 0.413718 0.624223
v 0.181452 0.342785 0.617297
v -0.368269 0.042592 0.538482
v -0.776372 0.918389 0.641262
v -0.810499 0.989889 0.650870
v -0.778340 1.002181 0.663891
v -0.796563 1.030517 0.665529
v -0.763550 1.024992 0.669577
v 0.062105 0.126286 0.549346
v 0.038542 0.092108 0.551414
v -0.162883 0.225899 0.585863
v 0.096390 0.122977 0.543528
v -0.212763 0.030763 0.609546
v -0.136748 0.378759 0.646317
v -0.132904 0.596577 0.670914
v -0.221000 0.604793 0.615465
v -0.218325 0.043430 0.636630
v 0.040310 0.668640 0.640380
v 0.022115 0.632719 0.660810
v -0.087153 0.072353 0.592783
v -0.104069 0.399571 0.646123
v -0.037984 0.383649 0.660915
v -0.081824 0.400969 0.657608
v -0.050124 0.413095 0.675873
v -0.036868 0.416778 0.682868
v -0.007198 0.458450 0.689749
v 0.053706 0.413339 0.664506
v 0.073487 0.395776 0.654441
v 0.071958 0.372226 0.654215
v 0.074244 0.334458 0.662297
v 0.090715 0.316866 0.656625
v 0.023359 0.386390 0.665247
v -0.000415 0.418237 0.685914
v 0.007388 0.375149 0.664841
v -0.089714 0.424629 0.661940
v -0.061423 0.450817 0.673372
v 0.014588 0.468260 0.688275
v 0.065005 0.468554 0.664538
v 0.070345 0.459873 0.661097
v 0.107750 0.455980 0.661564
v 0.130971 0.496941 0.648581
v 0.131599 0.554637 0.656591
v 0.101496 0.568160 0.665743
v 0.108360 0.365792 0.647065
v 0.106741 0.424960 0.661930
v 0.043280 0.456364 0.682069
v 0.021269 0.430329 0.685897
v 0.132531 0.439730 0.655348
v 0.136785 0.318413 0.638564
v 0.079262 0.538247 0.673557
v -0.103450 0.049502 0.599716
v -0.191181 0.575944 0.660425
v -0.153103 0.617023 0.658072
v -0.050990 0.554392 0.679795
v -0.023622 0.614691 0.672522
v -0.023856 0.499017 0.678381
v -0.062204 0.504197 0.686204
v -0.155165 0.513373 0.682699
v 0.126948 0.512065 0.649919
v 0.061207 0.501692 0.668347
v -0.403299 0.049913 0.241710
vt 0.249038 0.738656
vt 0.246733 0.727847
vt 0.263206 0.719206
vt 0.257413 0.717090
vt 0.267614 0.709342
vt 0.260794 0.691571
vt 0.259967 0.682286
vt 0.261108 0.687026
vt 0.255831 0.675346
vt 0.257640 0.668003
vt 0.260467 0.672633
vt 0.266499 0.684955
vt 0.272442 0.680834
vt 0.272297 0.701961
vt 0.278561 0.695726
vt 0.254095 0.793478
vt 0.291918 0.815313
vt 0.257525 0.824621
vt 0.224530 0.801321
vt 0.225758 0.828752
vt 0.199336 0.800740
vt 0.223250 0.764236
vt 0.203221 0.784122
vt 0.214994 0.752543
vt 0.173280 0.771964
vt 0.206852 0.745515
vt 0.202599 0.759620
vt 0.179179 0.758265
vt 0.190967 0.747582
vt 0.197006 0.733146
vt 0.207484 0.741201
vt 0.231553 0.728883
vt 0.235275 0.723490
vt 0.243327 0.721282
vt 0.241942 0.725305
vt 0.250569 0.716132
vt 0.261831 0.700326
vt 0.257946 0.710846
vt 0.255345 0.708252
vt 0.248641 0.713007
vt 0.220917 0.736233
vt 0.235301 0.738331
vt 0.236175 0.747277
vt 0.164277 0.763641
vt 0.160131 0.742164
vt 0.136254 0.781007
vt 0.151224 0.796505
vt 0.142554 0.805116
vt 0.080049 0.668696
vt 0.091016 0.634889
vt 0.093365 0.668811
vt 0.106698 0.645700
vt 0.101914 0.628409
vt 0.067653 0.562111
vt 0.089904 0.590204
vt 0.064909 0.587438
vt 0.020610 0.508639
vt 0.013483 0.464821
vt 0.044851 0.511156
vt 0.413065 0.915380
vt 0.394187 0.849086
vt 0.438546 0.873239
vt 0.323655 0.833804
vt 0.334595 0.821044
vt 0.349369 0.852027
vt 0.354693 0.901300
vt 0.383946 0.826613
vt 0.352217 0.809386
vt 0.374848 0.784995
vt 0.345981 0.773824
vt 0.368846 0.930366
vt 0.254818 0.704822
vt 0.238963 0.680041
vt 0.224031 0.665828
vt 0.236857 0.662887
vt 0.227382 0.639562
vt 0.215749 0.625334
vt 0.209851 0.593673
vt 0.231527 0.602900
vt 0.165974 0.506570
vt 0.154054 0.530498
vt 0.135044 0.502535
vt 0.111028 0.496334
vt 0.111102 0.483322
vt 0.142313 0.475171
vt 0.587155 0.936030
vt 0.586256 0.921438
vt 0.619844 0.943143
vt 0.592701 0.895663
vt 0.650874 0.916581
vt 0.696299 0.892148
vt 0.661979 0.840331
vt 0.747642 0.857913
vt 0.278754 0.172377
vt 0.309688 0.183135
vt 0.298679 0.226996
vt 0.334354 0.257175
vt 0.350604 0.296240
vt 0.345872 0.307639
vt 0.245911 0.200004
vt 0.254880 0.270077
vt 0.216082 0.230451
vt 0.224488 0.292226
vt 0.275277 0.436055
vt 0.259286 0.422256
vt 0.267888 0.409407
vt 0.271414 0.503026
vt 0.268448 0.493701
vt 0.265217 0.496167
vt 0.266349 0.501660
vt 0.265607 0.503367
vt 0.270984 0.509679
vt 0.270626 0.507637
vt 0.269021 0.527305
vt 0.271705 0.519142
vt 0.271369 0.515211
vt 0.269479 0.525278
vt 0.276068 0.549420
vt 0.273788 0.541872
vt 0.280364 0.535521
vt 0.281933 0.544544
vt 0.318112 0.576218
vt 0.311933 0.570421
vt 0.334909 0.578127
vt 0.353908 0.573719
vt 0.334315 0.570570
vt 0.352229 0.569904
vt 0.382766 0.553624
vt 0.363849 0.562022
vt 0.381076 0.551943
vt 0.380066 0.545082
vt 0.398540 0.534728
vt 0.405327 0.513736
vt 0.405801 0.518078
vt 0.403783 0.508469
vt 0.399684 0.518038
vt 0.394078 0.536578
vt 0.379147 0.561561
vt 0.397527 0.568152
vt 0.369138 0.575280
vt 0.298692 0.568901
vt 0.306717 0.569331
vt 0.278921 0.557220
vt 0.286952 0.555336
vt 0.238431 0.427918
vt 0.254485 0.454223
vt 0.257692 0.469142
vt 0.271007 0.513985
vt 0.269066 0.507421
vt 0.252407 0.477871
vt 0.268821 0.481874
vt 0.267729 0.468465
vt 0.263378 0.498308
vt 0.279783 0.448730
vt 0.254409 0.432616
vt 0.262521 0.451257
vt 0.266297 0.478086
vt 0.271434 0.535850
vt 0.270515 0.539227
vt 0.272459 0.547359
vt 0.275549 0.553828
vt 0.273405 0.547340
vt 0.298322 0.560012
vt 0.284747 0.561508
vt 0.281357 0.556948
vt 0.276062 0.546699
vt 0.288552 0.558305
vt 0.273721 0.539013
vt 0.283622 0.545520
vt 0.290685 0.551766
vt 0.272958 0.521257
vt 0.274332 0.530576
vt 0.272995 0.534508
vt 0.271601 0.528323
vt 0.209668 0.365239
vt 0.227294 0.428780
vt 0.155645 0.362999
vt 0.144518 0.313886
vt 0.183319 0.306334
vt 0.165825 0.227353
vt 0.672420 0.939426
vt 0.642778 0.956743
vt 0.240202 0.387420
vt 0.126134 0.453223
vt 0.095374 0.469954
vt 0.095834 0.406391
vt 0.069949 0.447657
vt 0.041935 0.362304
vt 0.043250 0.390364
vt 0.023459 0.392967
vt 0.523352 0.929211
vt 0.461330 0.926355
vt 0.476828 0.911123
vt 0.317897 0.676442
vt 0.333792 0.663041
vt 0.322420 0.701027
vt 0.345743 0.721083
vt 0.343158 0.748238
vt 0.320529 0.741646
vt 0.293841 0.737926
vt 0.303742 0.719310
vt 0.308804 0.783131
vt 0.292783 0.761816
vt 0.344818 0.690984
vt 0.488644 0.871435
vt 0.430168 0.829129
vt 0.413006 0.794303
vt 0.405900 0.760398
vt 0.385667 0.739236
vt 0.264602 0.706351
vt 0.229601 0.712629
vt 0.196129 0.722958
vt 0.204877 0.709500
vt 0.245298 0.694800
vt 0.228815 0.699126
vt 0.219451 0.684180
vt 0.235126 0.717966
vt 0.099987 0.733259
vt 0.126072 0.707865
vt 0.087420 0.717872
vt 0.100927 0.694920
vt 0.084499 0.700590
vt 0.128761 0.667233
vt 0.117985 0.681756
vt 0.141975 0.704292
vt 0.171445 0.710387
vt 0.177238 0.688665
vt 0.167683 0.669227
vt 0.075866 0.707432
vt 0.145300 0.815700
vt 0.198793 0.678263
vt 0.228564 0.735876
vt 0.033393 0.649783
vt 0.170627 0.849712
vt 0.174361 0.818239
vt 0.207381 0.858969
vt 0.068000 0.711000
vt 0.060079 0.702460
vt 0.119518 0.582081
vt 0.102535 0.567286
vt 0.120625 0.550577
vt 0.081959 0.500768
vt 0.061636 0.505788
vt 0.040440 0.440823
vt 0.115059 0.523923
vt 0.132990 0.526396
vt 0.134611 0.549667
vt 0.177142 0.543773
vt 0.178088 0.573265
vt 0.142324 0.574591
vt 0.183003 0.602310
vt 0.198721 0.651667
vt 0.202068 0.617335
vt 0.212947 0.646295
vt 0.197009 0.589779
vt 0.131386 0.633729
vt 0.172364 0.624362
vt 0.174751 0.645148
vt 0.150502 0.647993
vt 0.135469 0.583648
vt 0.135789 0.593235
vt 0.134005 0.613978
vt 0.119268 0.657099
vt 0.123156 0.636512
vt 0.130557 0.603312
vt 0.137143 0.568736
vt 0.151536 0.546093
vt 0.160588 0.600807
vt 0.260314 0.697599
vt 0.087449 0.615357
vt 0.028326 0.626152
vt 0.256160 0.693083
vt 0.261772 0.698905
vt 0.271266 0.726469
vt 0.263390 0.717951
vt 0.275732 0.713842
vt 0.267228 0.702950
vt 0.258218 0.737935
vt 0.249812 0.754773
vt 0.264433 0.694185
vt 0.263984 0.677593
vt 0.257506 0.687708
vt 0.256455 0.658488
vt 0.237279 0.639658
vt 0.253161 0.641701
vt 0.234138 0.619145
vt 0.254249 0.627175
vt 0.234557 0.583953
vt 0.222273 0.571100
vt 0.246094 0.575019
vt 0.258583 0.606980
vt 0.254454 0.613961
vt 0.262714 0.624643
vt 0.261973 0.635795
vt 0.271946 0.663994
vt 0.291036 0.667827
vt 0.280607 0.676647
vt 0.302925 0.694790
vt 0.295282 0.630162
vt 0.290854 0.647937
vt 0.272332 0.623958
vt 0.264303 0.594831
vt 0.289675 0.608233
vt 0.306583 0.643534
vt 0.258593 0.649174
vt 0.263128 0.657004
vt 0.269336 0.646401
vt 0.291963 0.693010
vt 0.260076 0.665035
vt 0.031425 0.567752
vt 0.013729 0.584083
vt 0.010937 0.529451
vt 0.238747 0.859592
vt 0.266832 0.857409
vt 0.257004 0.891647
vt 0.215468 0.869395
vt 0.236443 0.760653
vt 0.269651 0.744822
vt 0.289882 0.717486
vt 0.243128 0.774085
vt 0.125099 0.617265
vt 0.110840 0.601240
vt 0.027055 0.454278
vt 0.261727 0.770686
vt 0.197995 0.531282
vt 0.173636 0.533000
vt 0.190280 0.517555
vt 0.216909 0.519046
vt 0.216063 0.507792
vt 0.243825 0.536445
vt 0.249337 0.533498
vt 0.254936 0.530045
vt 0.268081 0.550342
vt 0.280149 0.573586
vt 0.282558 0.561278
vt 0.300780 0.587201
vt 0.206422 0.566240
vt 0.298759 0.846125
vt 0.315708 0.902895
vt 0.328088 0.927076
vt 0.502405 0.341922
vt 0.491052 0.353339
vt 0.496925 0.362968
vt 0.483825 0.372387
vt 0.477936 0.356230
vt 0.469701 0.362737
vt 0.470041 0.369353
vt 0.460340 0.358963
vt 0.462618 0.364995
vt 0.455131 0.352339
vt 0.457605 0.358985
vt 0.454235 0.353350
vt 0.448711 0.338345
vt 0.448833 0.341283
vt 0.446869 0.334135
vt 0.428237 0.312028
vt 0.436017 0.304164
vt 0.435796 0.293231
vt 0.412971 0.282740
vt 0.418880 0.289395
vt 0.414566 0.266801
vt 0.410670 0.251965
vt 0.419909 0.255841
vt 0.426196 0.234324
vt 0.435518 0.244338
vt 0.443606 0.221860
vt 0.426643 0.216169
vt 0.458126 0.216724
vt 0.447072 0.211158
vt 0.457942 0.211831
vt 0.426341 0.201611
vt 0.444545 0.206224
vt 0.425843 0.200366
vt 0.417088 0.193329
vt 0.423997 0.199131
vt 0.417007 0.193292
vt 0.469710 0.169389
vt 0.445711 0.173490
vt 0.474110 0.176670
vt 0.483637 0.166424
vt 0.516975 0.156774
vt 0.523796 0.163022
vt 0.529451 0.157980
vt 0.565299 0.165983
vt 0.560873 0.157658
vt 0.586911 0.159812
vt 0.585482 0.165546
vt 0.611501 0.155151
vt 0.588485 0.155774
vt 0.601616 0.156724
vt 0.632452 0.157502
vt 0.670592 0.194158
vt 0.657505 0.201199
vt 0.661391 0.203301
vt 0.627420 0.237412
vt 0.614413 0.241839
vt 0.622890 0.258548
vt 0.569969 0.233215
vt 0.583777 0.229812
vt 0.578609 0.220683
vt 0.549043 0.223104
vt 0.558254 0.214260
vt 0.552678 0.208338
vt 0.539246 0.205354
vt 0.528332 0.222940
vt 0.527809 0.204263
vt 0.501123 0.197004
vt 0.510883 0.183613
vt 0.489600 0.190079
vt 0.471595 0.189353
vt 0.437454 0.169062
vt 0.446678 0.186366
vt 0.432122 0.190478
vt 0.425784 0.193580
vt 0.427341 0.198869
vt 0.436633 0.199162
vt 0.435999 0.203711
vt 0.448442 0.207816
vt 0.455842 0.209668
vt 0.462304 0.214843
vt 0.462469 0.215942
vt 0.464050 0.217769
vt 0.463713 0.230202
vt 0.461680 0.238687
vt 0.457944 0.236585
vt 0.458186 0.250310
vt 0.452713 0.250954
vt 0.451550 0.260945
vt 0.456691 0.262590
vt 0.449917 0.272475
vt 0.454545 0.273443
vt 0.457475 0.270777
vt 0.453843 0.285699
vt 0.457301 0.272492
vt 0.455823 0.284745
vt 0.461845 0.280829
vt 0.455832 0.298342
vt 0.452127 0.317306
vt 0.448117 0.317300
vt 0.449173 0.327075
vt 0.445446 0.321775
vt 0.447548 0.323798
vt 0.452282 0.338554
vt 0.458787 0.347443
vt 0.461849 0.241868
vt 0.464068 0.220198
vt 0.450602 0.206006
vt 0.460745 0.213201
vt 0.455624 0.209726
vt 0.461099 0.218365
vt 0.460581 0.211226
vt 0.454926 0.228149
vt 0.460967 0.227856
vt 0.445519 0.243098
vt 0.432341 0.267500
vt 0.451757 0.287543
vt 0.447610 0.303494
vt 0.450570 0.298443
vt 0.445688 0.312430
vt 0.448020 0.312903
vt 0.442802 0.315085
vt 0.444735 0.295683
vt 0.447589 0.297408
vt 0.447592 0.287552
vt 0.441140 0.278014
vt 0.418696 0.172076
vt 0.421992 0.185672
vt 0.493237 0.232050
vt 0.485490 0.251060
vt 0.498374 0.256514
vt 0.510431 0.256677
vt 0.498136 0.272600
vt 0.506248 0.277444
vt 0.526440 0.306308
vt 0.518123 0.298883
vt 0.504868 0.315135
vt 0.527999 0.332079
vt 0.513379 0.327986
vt 0.511139 0.337508
vt 0.531099 0.350809
vt 0.561097 0.370409
vt 0.580748 0.379184
vt 0.587023 0.363650
vt 0.546861 0.394547
vt 0.561639 0.395354
vt 0.556511 0.390097
vt 0.533656 0.385332
vt 0.550938 0.382812
vt 0.547478 0.375632
vt 0.503515 0.358203
vt 0.455086 0.328924
vt 0.467197 0.351619
vt 0.459127 0.309681
vt 0.465108 0.293603
vt 0.457857 0.288888
vt 0.467254 0.339564
vt 0.460173 0.333008
vt 0.501844 0.327989
vt 0.493715 0.339898
vt 0.484258 0.339007
vt 0.488266 0.324464
vt 0.486132 0.310099
vt 0.473625 0.315205
vt 0.469013 0.327304
vt 0.519381 0.360015
vt 0.531469 0.357879
vt 0.524602 0.371421
vt 0.538967 0.361432
vt 0.572740 0.390254
vt 0.578925 0.395690
vt 0.578921 0.386002
vt 0.597244 0.380010
vt 0.609155 0.381839
vt 0.614442 0.371916
vt 0.597479 0.367112
vt 0.565744 0.385161
vt 0.596743 0.386978
vt 0.544021 0.326479
vt 0.558778 0.317348
vt 0.547608 0.307661
vt 0.559173 0.301527
vt 0.545877 0.292455
vt 0.543814 0.271521
vt 0.544923 0.283582
vt 0.563639 0.271246
vt 0.555891 0.268185
vt 0.562818 0.252440
vt 0.544978 0.261340
vt 0.541406 0.247731
vt 0.531754 0.236555
vt 0.517908 0.242582
vt 0.506773 0.240294
vt 0.518009 0.268488
vt 0.530395 0.270726
vt 0.527867 0.255161
vt 0.485687 0.277443
vt 0.514349 0.288259
vt 0.520816 0.286925
vt 0.532513 0.285007
vt 0.526304 0.229532
vt 0.547726 0.237320
vt 0.566848 0.216559
vt 0.558392 0.231624
vt 0.514634 0.209196
vt 0.500845 0.201777
vt 0.497018 0.215638
vt 0.646400 0.149995
vt 0.654132 0.154817
vt 0.659101 0.152459
vt 0.680741 0.153360
vt 0.671327 0.149734
vt 0.672800 0.158752
vt 0.676399 0.169842
vt 0.662518 0.158296
vt 0.648646 0.155816
vt 0.654996 0.163936
vt 0.631410 0.153117
vt 0.637813 0.164554
vt 0.644950 0.159648
vt 0.630401 0.160804
vt 0.649041 0.169766
vt 0.693564 0.172663
vt 0.713372 0.186481
vt 0.709045 0.165826
vt 0.731335 0.173491
vt 0.730645 0.190387
vt 0.744488 0.182840
vt 0.695047 0.142846
vt 0.704152 0.140975
vt 0.688866 0.144658
vt 0.698619 0.152075
vt 0.691517 0.148106
vt 0.686571 0.165560
vt 0.682923 0.147414
vt 0.668330 0.145993
vt 0.674357 0.144508
vt 0.665451 0.147569
vt 0.649286 0.145577
vt 0.608838 0.167047
vt 0.588966 0.169399
vt 0.602601 0.165900
vt 0.668922 0.146096
vt 0.657383 0.145349
vt 0.648173 0.145618
vt 0.665998 0.182554
vt 0.668701 0.171229
vt 0.676282 0.182736
vt 0.694486 0.182969
vt 0.683596 0.177123
vt 0.659281 0.187854
vt 0.652065 0.186122
vt 0.725506 0.232625
vt 0.712511 0.230887
vt 0.724289 0.242373
vt 0.714719 0.254273
vt 0.707987 0.268390
vt 0.707928 0.252115
vt 0.697404 0.253240
vt 0.695970 0.265786
vt 0.625394 0.295026
vt 0.625344 0.282121
vt 0.615373 0.296494
vt 0.636345 0.312651
vt 0.640808 0.325232
vt 0.654629 0.315696
vt 0.650940 0.332747
vt 0.667344 0.353481
vt 0.665039 0.369016
vt 0.679774 0.355943
vt 0.700938 0.360959
vt 0.702188 0.375578
vt 0.711155 0.362482
vt 0.742213 0.387914
vt 0.725308 0.401154
vt 0.734197 0.408304
vt 0.760064 0.382611
vt 0.746617 0.375520
vt 0.788497 0.368327
vt 0.783490 0.376923
vt 0.781262 0.387391
vt 0.699463 0.440570
vt 0.704565 0.449186
vt 0.712549 0.432829
vt 0.639907 0.473340
vt 0.660531 0.474488
vt 0.659304 0.465404
vt 0.620216 0.456563
vt 0.640332 0.446900
vt 0.623998 0.439510
vt 0.591904 0.430035
vt 0.605960 0.436515
vt 0.619326 0.425188
vt 0.599590 0.422764
vt 0.580611 0.398021
vt 0.594053 0.394132
vt 0.598539 0.397334
vt 0.608064 0.393328
vt 0.611341 0.400064
vt 0.629022 0.403638
vt 0.624693 0.391633
vt 0.645248 0.405521
vt 0.625647 0.408749
vt 0.642008 0.415658
vt 0.622126 0.416773
vt 0.648950 0.426376
vt 0.642868 0.439250
vt 0.657011 0.433509
vt 0.668180 0.440753
vt 0.656887 0.439563
vt 0.657056 0.455313
vt 0.669171 0.465317
vt 0.673087 0.471845
vt 0.681972 0.455536
vt 0.690830 0.460889
vt 0.606158 0.389782
vt 0.635906 0.390655
vt 0.637815 0.383894
vt 0.646252 0.374628
vt 0.621809 0.373497
vt 0.627577 0.363059
vt 0.637589 0.361862
vt 0.632895 0.375581
vt 0.641833 0.367872
vt 0.652466 0.350675
vt 0.651922 0.365018
vt 0.627343 0.382134
vt 0.593699 0.405159
vt 0.604931 0.414584
vt 0.591044 0.413935
vt 0.696086 0.452156
vt 0.692478 0.433599
vt 0.684152 0.444633
vt 0.712887 0.454286
vt 0.701464 0.463365
vt 0.691104 0.450808
vt 0.672837 0.427440
vt 0.700412 0.428375
vt 0.729007 0.430517
vt 0.725955 0.419157
vt 0.740860 0.417742
vt 0.720570 0.454836
vt 0.704866 0.473188
vt 0.713997 0.464440
vt 0.692252 0.478842
vt 0.732752 0.421104
vt 0.716876 0.435585
vt 0.712794 0.426065
vt 0.697323 0.474316
vt 0.687810 0.479705
vt 0.679507 0.478932
vt 0.649123 0.493309
vt 0.661346 0.490624
vt 0.670269 0.488307
vt 0.726917 0.446105
vt 0.721060 0.457223
vt 0.714565 0.448907
vt 0.711525 0.464394
vt 0.711054 0.468219
vt 0.683660 0.483704
vt 0.655984 0.492210
vt 0.667348 0.488417
vt 0.653808 0.490345
vt 0.664537 0.485583
vt 0.672788 0.477175
vt 0.650364 0.479017
vt 0.641855 0.465918
vt 0.625768 0.495064
vt 0.634907 0.494170
vt 0.644037 0.494177
vt 0.629928 0.490790
vt 0.637850 0.484012
vt 0.624114 0.486003
vt 0.633118 0.494495
vt 0.614833 0.494595
vt 0.616374 0.471206
vt 0.615033 0.475573
vt 0.634447 0.477844
vt 0.603362 0.459436
vt 0.603629 0.446171
vt 0.592163 0.453244
vt 0.574751 0.420593
vt 0.567336 0.431511
vt 0.557672 0.431730
vt 0.549653 0.420554
vt 0.541903 0.425083
vt 0.525244 0.421981
vt 0.522255 0.412612
vt 0.511028 0.424900
vt 0.496039 0.403251
vt 0.518908 0.404047
vt 0.514654 0.393634
vt 0.481399 0.377632
vt 0.496360 0.384101
vt 0.499399 0.379402
vt 0.519759 0.378455
vt 0.519960 0.385817
vt 0.512033 0.380401
vt 0.613823 0.464696
vt 0.592163 0.462613
vt 0.565182 0.453394
vt 0.577757 0.456261
vt 0.579789 0.446025
vt 0.567924 0.445603
vt 0.567784 0.441478
vt 0.553590 0.441242
vt 0.629170 0.468282
vt 0.585925 0.465221
vt 0.604293 0.485598
vt 0.612522 0.480791
vt 0.596513 0.479187
vt 0.586091 0.485856
vt 0.577215 0.480373
vt 0.569614 0.480469
vt 0.568689 0.471394
vt 0.557621 0.479449
vt 0.553753 0.470586
vt 0.570433 0.484331
vt 0.582202 0.489133
vt 0.578466 0.489596
vt 0.601213 0.493651
vt 0.559068 0.485040
vt 0.599809 0.490102
vt 0.606180 0.492722
vt 0.581544 0.487500
vt 0.598246 0.486964
vt 0.633763 0.476520
vt 0.637614 0.461564
vt 0.657073 0.460317
vt 0.702879 0.435753
vt 0.681434 0.396913
vt 0.672902 0.389039
vt 0.681439 0.388035
vt 0.683514 0.365937
vt 0.671831 0.369515
vt 0.665871 0.362316
vt 0.631726 0.318218
vt 0.616731 0.323285
vt 0.621001 0.312685
vt 0.611304 0.311745
vt 0.604836 0.317604
vt 0.607848 0.298267
vt 0.594971 0.300426
vt 0.590996 0.311033
vt 0.588347 0.289662
vt 0.581797 0.295579
vt 0.579830 0.318579
vt 0.568511 0.303386
vt 0.526572 0.309876
vt 0.522435 0.312930
vt 0.514896 0.306075
vt 0.509026 0.311751
vt 0.499900 0.306030
vt 0.503199 0.313360
vt 0.493804 0.316572
vt 0.483964 0.315220
vt 0.481755 0.327843
vt 0.476147 0.337541
vt 0.463577 0.347256
vt 0.462531 0.334126
vt 0.451415 0.278735
vt 0.443772 0.292463
vt 0.440419 0.283839
vt 0.440768 0.264768
vt 0.455107 0.269323
vt 0.450621 0.258968
vt 0.431304 0.257913
vt 0.408379 0.254519
vt 0.426933 0.251716
vt 0.411393 0.264893
vt 0.400410 0.303441
vt 0.402406 0.317595
vt 0.387645 0.298328
vt 0.380674 0.309627
vt 0.386133 0.323423
vt 0.369682 0.322393
vt 0.379800 0.333142
vt 0.362957 0.335480
vt 0.372162 0.340032
vt 0.344287 0.336680
vt 0.327235 0.335212
vt 0.337154 0.318694
vt 0.320271 0.328765
vt 0.324975 0.309641
vt 0.313625 0.313472
vt 0.309094 0.297198
vt 0.305923 0.306528
vt 0.302699 0.289366
vt 0.293769 0.304884
vt 0.289542 0.301136
vt 0.301998 0.284813
vt 0.300935 0.279385
vt 0.287604 0.293992
vt 0.290874 0.288897
vt 0.283331 0.296091
vt 0.283832 0.299003
vt 0.277679 0.314684
vt 0.281520 0.313646
vt 0.287380 0.300985
vt 0.269615 0.376036
vt 0.273905 0.386959
vt 0.274103 0.374773
vt 0.304149 0.432606
vt 0.305825 0.439683
vt 0.308613 0.438367
vt 0.301546 0.436028
vt 0.305365 0.418453
vt 0.286559 0.411106
vt 0.421413 0.430049
vt 0.430387 0.438110
vt 0.446211 0.427877
vt 0.453613 0.417497
vt 0.453895 0.406591
vt 0.439000 0.412073
vt 0.445895 0.396516
vt 0.461836 0.389437
vt 0.446100 0.386701
vt 0.432976 0.374945
vt 0.447201 0.361861
vt 0.463173 0.367997
vt 0.465328 0.368909
vt 0.273091 0.321949
vt 0.269214 0.326625
vt 0.270833 0.321148
vt 0.266467 0.328589
vt 0.275081 0.398192
vt 0.273947 0.386248
vt 0.280473 0.401950
vt 0.277555 0.379087
vt 0.285655 0.397549
vt 0.291417 0.394616
vt 0.302945 0.398220
vt 0.290594 0.405984
vt 0.289816 0.411287
vt 0.284448 0.409847
vt 0.284301 0.418091
vt 0.263799 0.425990
vt 0.267830 0.421243
vt 0.267337 0.434518
vt 0.257212 0.453871
vt 0.261652 0.467763
vt 0.257221 0.471713
vt 0.261771 0.477056
vt 0.263545 0.487182
vt 0.262678 0.488685
vt 0.286000 0.501112
vt 0.274848 0.501244
vt 0.275621 0.494441
vt 0.276408 0.462815
vt 0.271530 0.478694
vt 0.265043 0.462556
vt 0.263309 0.448316
vt 0.301312 0.408816
vt 0.301919 0.404350
vt 0.284674 0.374133
vt 0.278286 0.356866
vt 0.294127 0.312127
vt 0.298240 0.317381
vt 0.288682 0.316671
vt 0.280118 0.332477
vt 0.275453 0.326690
vt 0.270558 0.331598
vt 0.271005 0.335873
vt 0.266642 0.346750
vt 0.266634 0.351348
vt 0.267365 0.364443
vt 0.265780 0.363219
vt 0.264962 0.339234
vt 0.265914 0.338000
vt 0.281400 0.305182
vt 0.277656 0.305658
vt 0.286073 0.288261
vt 0.290061 0.286269
vt 0.280911 0.296993
vt 0.263993 0.339374
vt 0.267351 0.328395
vt 0.276229 0.317801
vt 0.269583 0.327805
vt 0.280834 0.316938
vt 0.273274 0.319836
vt 0.273847 0.316732
vt 0.274667 0.308442
vt 0.276425 0.303515
vt 0.283502 0.292242
vt 0.281065 0.299926
vt 0.278322 0.309393
vt 0.275811 0.316747
vt 0.299988 0.303733
vt 0.301172 0.296527
vt 0.311954 0.402296
vt 0.317155 0.397108
vt 0.318633 0.398808
vt 0.330230 0.390252
vt 0.332146 0.391755
vt 0.342689 0.390498
vt 0.350971 0.391888
vt 0.343417 0.394240
vt 0.313196 0.400775
vt 0.339660 0.397493
vt 0.330765 0.400341
vt 0.335810 0.421616
vt 0.339218 0.416633
vt 0.337351 0.431967
vt 0.384111 0.521288
vt 0.370686 0.505193
vt 0.381067 0.504915
vt 0.362686 0.526957
vt 0.370637 0.517154
vt 0.380003 0.537321
vt 0.336951 0.533056
vt 0.354737 0.535563
vt 0.345116 0.551261
vt 0.331904 0.455630
vt 0.343015 0.456533
vt 0.336743 0.470954
vt 0.322631 0.473735
vt 0.334318 0.486516
vt 0.322033 0.493201
vt 0.312267 0.494775
vt 0.319467 0.508572
vt 0.285173 0.420046
vt 0.276950 0.428077
vt 0.278154 0.425605
vt 0.302106 0.407366
vt 0.325423 0.394896
vt 0.326205 0.396238
vt 0.306667 0.399874
vt 0.301501 0.405463
vt 0.292211 0.408132
vt 0.285355 0.436930
vt 0.293102 0.444411
vt 0.288572 0.453823
vt 0.301272 0.463317
vt 0.283717 0.452979
vt 0.291605 0.470044
vt 0.286033 0.478693
vt 0.281965 0.464615
vt 0.302099 0.490556
vt 0.314471 0.474929
vt 0.320482 0.459654
vt 0.279382 0.440245
vt 0.281283 0.420965
vt 0.279765 0.430737
vt 0.276594 0.431287
vt 0.307978 0.399767
vt 0.291625 0.408182
vt 0.283570 0.415428
vt 0.318979 0.397132
vt 0.289015 0.415358
vt 0.286805 0.423437
vt 0.302193 0.345551
vt 0.286506 0.360519
vt 0.283914 0.348003
vt 0.305041 0.366270
vt 0.297208 0.376290
vt 0.305612 0.324634
vt 0.290123 0.333680
vt 0.288139 0.310103
vt 0.269500 0.355198
vt 0.271295 0.368898
vt 0.267600 0.376804
vt 0.274339 0.344671
vt 0.260138 0.436362
vt 0.277075 0.446114
vt 0.280573 0.513082
vt 0.281028 0.521319
vt 0.276596 0.524200
vt 0.274291 0.515875
vt 0.273211 0.511913
vt 0.347511 0.523732
vt 0.319979 0.540783
vt 0.315252 0.526219
vt 0.292334 0.520352
vt 0.297258 0.538705
vt 0.288937 0.527625
vt 0.307129 0.536868
vt 0.306893 0.513707
vt 0.330339 0.551283
vt 0.303402 0.549291
vt 0.288540 0.512946
vt 0.300314 0.511727
vt 0.287664 0.505781
vt 0.270727 0.502144
vt 0.296795 0.504291
vt 0.291987 0.501546
vt 0.285978 0.489870
vt 0.288600 0.492667
vt 0.292844 0.485528
vt 0.345247 0.491594
vt 0.351085 0.508996
vt 0.337729 0.509333
vt 0.354834 0.491090
vt 0.350454 0.471645
vt 0.272349 0.449601
vt 0.261285 0.490727
vt 0.285303 0.404675
vt 0.280793 0.408782
vt 0.280229 0.406129
vt 0.262602 0.450495
vt 0.260613 0.454558
vt 0.263624 0.459583
vt 0.263769 0.478381
vt 0.267974 0.464229
vt 0.281532 0.459104
vt 0.292332 0.445921
vt 0.293859 0.445497
vt 0.288783 0.434683
vt 0.265988 0.454246
vt 0.285229 0.426475
vt 0.283555 0.420004
vt 0.276798 0.424074
vt 0.278089 0.411866
vt 0.278456 0.414704
vt 0.278099 0.407108
vt 0.271607 0.389590
vt 0.273111 0.389981
vt 0.270839 0.382281
vt 0.266938 0.370467
vt 0.267938 0.365952
vt 0.268945 0.421100
vt 0.280769 0.415186
vt 0.283412 0.413778
vt 0.278014 0.398674
vt 0.284896 0.411283
vt 0.299696 0.419286
vt 0.284962 0.397503
vt 0.273663 0.385894
vt 0.277425 0.383680
vt 0.294944 0.423020
vt 0.297746 0.420376
vt 0.288945 0.420553
vt 0.296593 0.434515
vt 0.287047 0.439480
vt 0.279373 0.450560
vt 0.270678 0.456440
vt 0.282613 0.432767
vt 0.295825 0.427780
vt 0.271984 0.446054
vt 0.271783 0.434219
vt 0.268342 0.428855
vt 0.262697 0.433139
vt 0.256591 0.440827
vt 0.260751 0.429188
vt 0.256755 0.366643
vt 0.295435 0.375548
vt 0.253182 0.324441
vt 0.226470 0.350211
vt 0.394556 0.394500
vt 0.385445 0.374454
vt 0.420492 0.416012
vt 0.435250 0.423145
vt 0.462592 0.446247
vt 0.448554 0.437347
vt 0.528454 0.466823
vt 0.509734 0.464326
vt 0.537115 0.459898
vt 0.517895 0.451635
vt 0.605324 0.451047
vt 0.582811 0.449653
vt 0.599533 0.437137
vt 0.623556 0.437480
vt 0.621598 0.431068
vt 0.639716 0.423868
vt 0.653840 0.429325
vt 0.662540 0.417659
vt 0.658612 0.440366
vt 0.667884 0.430327
vt 0.686919 0.443501
vt 0.673539 0.443212
vt 0.689112 0.427486
vt 0.696391 0.428665
vt 0.699421 0.443246
vt 0.484286 0.459283
vt 0.493946 0.461594
vt 0.502213 0.467175
vt 0.483807 0.461807
vt 0.501677 0.469885
vt 0.488904 0.465515
vt 0.528145 0.477829
vt 0.510050 0.471451
vt 0.458666 0.455665
vt 0.490330 0.464634
vt 0.476719 0.460197
vt 0.444711 0.451857
vt 0.450539 0.447523
vt 0.435228 0.448974
vt 0.440104 0.446687
vt 0.407733 0.436899
vt 0.403345 0.429574
vt 0.398460 0.420692
vt 0.467844 0.445835
vt 0.466167 0.454546
vt 0.529403 0.476552
vt 0.577911 0.489763
vt 0.566928 0.483930
vt 0.653078 0.452334
vt 0.621157 0.488870
vt 0.598552 0.480090
vt 0.612035 0.476912
vt 0.643190 0.482507
vt 0.555677 0.484510
vt 0.551789 0.484866
vt 0.538196 0.476551
vt 0.536828 0.469151
vt 0.544407 0.473173
vt 0.517082 0.469327
vt 0.537918 0.463676
vt 0.514505 0.459562
vt 0.498174 0.449508
vt 0.512178 0.447730
vt 0.488216 0.440632
vt 0.478458 0.436724
vt 0.477154 0.449516
vt 0.454977 0.438379
vt 0.484391 0.456321
vt 0.502898 0.462396
vt 0.528868 0.458629
vt 0.540622 0.460442
vt 0.524887 0.451949
vt 0.471120 0.376239
vt 0.460162 0.424154
vt 0.461347 0.429047
vt 0.377767 0.396753
vt 0.399167 0.411445
vt 0.403816 0.425012
vt 0.422414 0.436885
vt 0.409900 0.436974
vt 0.424545 0.446868
vt 0.446271 0.453358
vt 0.465395 0.457010
vt 0.491254 0.467633
vt 0.459247 0.456567
vt 0.435214 0.443475
vt 0.434776 0.436812
vt 0.417678 0.422431
vt 0.371399 0.376879
vt 0.472875 0.458918
vt 0.318104 0.283101
vt 0.334655 0.313079
vt 0.280904 0.251370
vt 0.350661 0.337960
vt 0.442385 0.428900
vt 0.373021 0.350340
vt 0.385888 0.359446
vt 0.408095 0.390034
vt 0.422481 0.407513
vt 0.309640 0.387184
vt 0.311941 0.418892
vt 0.318061 0.409204
vt 0.324656 0.391601
vt 0.329672 0.416585
vt 0.343601 0.420865
vt 0.361893 0.417577
vt 0.371913 0.432396
vt 0.416345 0.442737
vt 0.335631 0.362613
vt 0.366403 0.400133
vt 0.354023 0.397904
vt 0.375931 0.420313
vt 0.389796 0.424449
vt 0.383621 0.433077
vt 0.396292 0.435997
vt 0.372366 0.434064
vt 0.389170 0.430140
vt 0.304528 0.350643
vt 0.319277 0.349447
vt 0.334663 0.340899
vt 0.315529 0.322273
vt 0.283102 0.275956
vt 0.283153 0.320336
vt 0.269512 0.340078
vt 0.344811 0.311872
vt 0.359294 0.322710
vt 0.363844 0.310635
vt 0.357823 0.294102
vt 0.369731 0.284202
vt 0.349687 0.272267
vt 0.350890 0.286963
vt 0.334615 0.279716
vt 0.322581 0.277879
vt 0.324566 0.289205
vt 0.312737 0.288767
vt 0.358676 0.260313
vt 0.344083 0.261483
vt 0.354101 0.252818
vt 0.336933 0.259082
vt 0.345895 0.250565
vt 0.330845 0.258278
vt 0.330449 0.268260
vt 0.318140 0.270414
vt 0.341024 0.247357
vt 0.361412 0.240615
vt 0.361417 0.233330
vt 0.382604 0.231648
vt 0.373969 0.228740
vt 0.366211 0.226150
vt 0.362311 0.231541
vt 0.371503 0.194289
vt 0.374517 0.199788
vt 0.374363 0.195395
vt 0.367106 0.188472
vt 0.376681 0.190144
vt 0.366815 0.182438
vt 0.324219 0.156200
vt 0.331513 0.168866
vt 0.329501 0.159243
vt 0.329031 0.151413
vt 0.339381 0.154958
vt 0.333976 0.143506
vt 0.343201 0.147610
vt 0.347190 0.144193
vt 0.354364 0.146240
vt 0.365116 0.143573
vt 0.443767 0.139762
vt 0.441212 0.144173
vt 0.461098 0.139887
vt 0.422071 0.141426
vt 0.411940 0.134620
vt 0.406486 0.138767
vt 0.400503 0.134456
vt 0.398551 0.136367
vt 0.417959 0.139106
vt 0.390153 0.139484
vt 0.415257 0.138220
vt 0.443508 0.139929
vt 0.434571 0.141725
vt 0.439037 0.138993
vt 0.437907 0.138136
vt 0.454322 0.139858
vt 0.447569 0.141234
vt 0.327983 0.146026
vt 0.322505 0.156017
vt 0.319149 0.148325
vt 0.322327 0.155613
vt 0.320738 0.144985
vt 0.323192 0.154221
vt 0.327299 0.147781
vt 0.330594 0.160257
vt 0.339810 0.146058
vt 0.354078 0.158771
vt 0.348644 0.147835
vt 0.367072 0.150540
vt 0.380431 0.150256
vt 0.389221 0.157193
vt 0.393603 0.162037
vt 0.346380 0.177827
vt 0.348113 0.182695
vt 0.335657 0.171311
vt 0.330867 0.169202
vt 0.331933 0.172710
vt 0.328673 0.170831
vt 0.322413 0.160089
vt 0.328341 0.164145
vt 0.334951 0.171478
vt 0.342800 0.179877
vt 0.352947 0.177064
vt 0.362061 0.188064
vt 0.341491 0.168010
vt 0.325264 0.160541
vt 0.385130 0.181326
vt 0.374385 0.186702
vt 0.361320 0.178631
vt 0.343516 0.169950
vt 0.343999 0.157588
vt 0.352160 0.167720
vt 0.400717 0.177006
vt 0.403220 0.167507
vt 0.378851 0.154363
vt 0.369179 0.142926
vt 0.375754 0.161876
vt 0.365225 0.161539
vt 0.321944 0.146717
vt 0.323237 0.143175
vt 0.328760 0.140602
vt 0.331099 0.138992
vt 0.324790 0.140405
vt 0.318945 0.143859
vt 0.375915 0.260433
vt 0.366772 0.252633
vt 0.384588 0.248250
vt 0.417198 0.207903
vt 0.414218 0.214881
vt 0.409936 0.213192
vt 0.414285 0.210820
vt 0.411462 0.209193
vt 0.398022 0.216483
vt 0.393375 0.219532
vt 0.386503 0.220857
vt 0.376301 0.223684
vt 0.404796 0.233191
vt 0.395410 0.238417
vt 0.376725 0.242323
vt 0.368159 0.227524
vt 0.380435 0.226241
vt 0.359467 0.267714
vt 0.600254 0.328239
vt 0.591816 0.325083
vt 0.553662 0.317488
vt 0.562860 0.323584
vt 0.561848 0.334309
vt 0.540962 0.330702
vt 0.543339 0.336008
vt 0.530843 0.332068
vt 0.527822 0.324785
vt 0.513765 0.339696
vt 0.511700 0.326246
vt 0.501784 0.335723
vt 0.497509 0.326919
vt 0.542353 0.303249
vt 0.555286 0.306486
vt 0.552073 0.329408
vt 0.527348 0.302072
vt 0.531534 0.320452
vt 0.520522 0.347929
vt 0.535821 0.339522
vt 0.527312 0.352011
vt 0.518256 0.357046
vt 0.519879 0.376972
vt 0.506662 0.355564
vt 0.508526 0.379712
vt 0.494277 0.364446
vt 0.492751 0.382567
vt 0.485527 0.376222
vt 0.481317 0.398880
vt 0.443916 0.433513
vt 0.448833 0.432013
vt 0.445926 0.441910
vt 0.448181 0.452171
vt 0.449946 0.443818
vt 0.455968 0.447035
vt 0.472679 0.450019
vt 0.443553 0.438033
vt 0.453141 0.446434
vt 0.450011 0.449115
vt 0.474645 0.382161
vt 0.458766 0.393859
vt 0.467066 0.375071
vt 0.446254 0.389793
vt 0.443203 0.372941
vt 0.448083 0.379638
vt 0.434480 0.387447
vt 0.392095 0.363060
vt 0.378903 0.384615
vt 0.366561 0.352176
vt 0.365498 0.377920
vt 0.353951 0.370718
vt 0.354626 0.348645
vt 0.326338 0.351308
vt 0.340127 0.372470
vt 0.314142 0.352111
vt 0.319078 0.386607
vt 0.328622 0.387622
vt 0.303033 0.391627
vt 0.341379 0.352944
vt 0.384394 0.355626
vt 0.437718 0.360678
vt 0.427791 0.348862
vt 0.435443 0.338066
vt 0.442030 0.340637
vt 0.449098 0.327269
vt 0.393104 0.348117
vt 0.406268 0.350053
vt 0.422065 0.376074
vt 0.474886 0.358511
vt 0.483915 0.363935
vt 0.460118 0.363772
vt 0.427350 0.359343
vt 0.453647 0.357640
vt 0.454830 0.338373
vt 0.488704 0.348223
vt 0.484547 0.339630
vt 0.448061 0.345561
vt 0.453906 0.328628
vt 0.413646 0.362850
vt 0.472362 0.399120
vt 0.531185 0.358883
vt 0.529711 0.370169
vt 0.532283 0.389483
vt 0.542003 0.369317
vt 0.542998 0.395274
vt 0.538370 0.419190
vt 0.553173 0.417171
vt 0.547899 0.428791
vt 0.565491 0.423022
vt 0.565260 0.434264
vt 0.576880 0.425030
vt 0.586479 0.431458
vt 0.563779 0.452175
vt 0.502280 0.459422
vt 0.508849 0.454857
vt 0.537513 0.451917
vt 0.534846 0.436818
vt 0.555387 0.441825
vt 0.490630 0.402466
vt 0.609340 0.331347
vt 0.574231 0.324820
vt 0.577241 0.332040
vt 0.588857 0.359385
vt 0.580036 0.354270
vt 0.598506 0.352597
vt 0.604391 0.362875
vt 0.616412 0.361588
vt 0.628632 0.412119
vt 0.637541 0.401098
vt 0.643525 0.406435
vt 0.654664 0.401173
vt 0.650778 0.391120
vt 0.667470 0.398932
vt 0.562717 0.361013
vt 0.570157 0.351560
vt 0.568257 0.367216
vt 0.592746 0.373844
vt 0.601316 0.367725
vt 0.588363 0.387156
vt 0.608873 0.380174
vt 0.592985 0.339860
vt 0.580469 0.341540
vt 0.630062 0.334902
vt 0.614601 0.341101
vt 0.635489 0.363870
vt 0.645516 0.356452
vt 0.647603 0.365256
vt 0.661836 0.371494
vt 0.649307 0.372016
vt 0.656718 0.379452
vt 0.670516 0.381053
vt 0.639464 0.383596
vt 0.636125 0.378489
vt 0.641749 0.367346
vt 0.625250 0.367935
vt 0.618967 0.353747
vt 0.628367 0.347577
vt 0.607509 0.346542
vt 0.686263 0.379665
vt 0.665723 0.357124
vt 0.703191 0.464035
vt 0.723736 0.440274
vt 0.701115 0.455881
vt 0.733175 0.449913
vt 0.746191 0.440391
vt 0.733929 0.452309
vt 0.722551 0.462859
vt 0.737936 0.446041
vt 0.721092 0.460969
vt 0.725404 0.402563
vt 0.747350 0.394283
vt 0.722834 0.411288
vt 0.734584 0.435907
vt 0.747070 0.431116
vt 0.747046 0.437120
vt 0.753001 0.403149
vt 0.743642 0.407871
vt 0.747329 0.414430
vt 0.752960 0.415637
vt 0.742998 0.426589
vt 0.734084 0.392037
vt 0.723474 0.460799
vt 0.739294 0.446585
vt 0.751802 0.435022
vt 0.776777 0.398239
vt 0.767974 0.408788
vt 0.780678 0.387323
vt 0.786089 0.373688
vt 0.784158 0.380546
vt 0.772327 0.406127
vt 0.749984 0.434609
vt 0.760830 0.421830
vt 0.766830 0.411585
vt 0.751005 0.425822
vt 0.734665 0.443805
vt 0.745070 0.437269
vt 0.716523 0.444958
vt 0.799416 0.301142
vt 0.798036 0.302985
vt 0.799011 0.294073
vt 0.782208 0.310876
vt 0.771875 0.315584
vt 0.771970 0.302584
vt 0.759274 0.326901
vt 0.767294 0.321565
vt 0.769885 0.330051
vt 0.752556 0.333612
vt 0.730721 0.308638
vt 0.719379 0.320129
vt 0.720736 0.299203
vt 0.706028 0.296393
vt 0.716640 0.306554
vt 0.706854 0.319343
vt 0.648846 0.325100
vt 0.676237 0.322370
vt 0.665735 0.332747
vt 0.668846 0.340306
vt 0.653230 0.352007
vt 0.651155 0.345836
vt 0.721917 0.327263
vt 0.697331 0.329083
vt 0.708822 0.333440
vt 0.692757 0.367793
vt 0.697370 0.379065
vt 0.672096 0.345725
vt 0.682890 0.345089
vt 0.677808 0.355059
vt 0.683757 0.335180
vt 0.652564 0.339312
vt 0.698781 0.341668
vt 0.686395 0.352142
vt 0.713067 0.321094
vt 0.764701 0.275332
vt 0.756929 0.265824
vt 0.755191 0.254359
vt 0.741510 0.249398
vt 0.726622 0.233473
vt 0.736158 0.237527
vt 0.725832 0.223802
vt 0.717205 0.217295
vt 0.702223 0.198214
vt 0.693346 0.195726
vt 0.689874 0.186355
vt 0.676452 0.177539
vt 0.665803 0.179532
vt 0.668516 0.161595
vt 0.643203 0.156878
vt 0.631510 0.165273
vt 0.625828 0.161422
vt 0.554602 0.120178
vt 0.530191 0.120969
vt 0.539914 0.130661
vt 0.536237 0.140351
vt 0.528634 0.124836
vt 0.506109 0.126805
vt 0.505587 0.139389
vt 0.504960 0.138689
vt 0.520614 0.139767
vt 0.514024 0.142534
vt 0.539335 0.143128
vt 0.519426 0.141754
vt 0.559652 0.143760
vt 0.564328 0.141220
vt 0.652808 0.129046
vt 0.663793 0.139279
vt 0.667466 0.129426
vt 0.662489 0.135209
vt 0.669364 0.132378
vt 0.657184 0.142387
vt 0.632275 0.145886
vt 0.651187 0.145388
vt 0.619671 0.145694
vt 0.629548 0.138055
vt 0.631749 0.135709
vt 0.644278 0.139761
vt 0.648955 0.136005
vt 0.661157 0.133304
vt 0.662695 0.128598
vt 0.680831 0.130596
vt 0.708474 0.135593
vt 0.720887 0.142246
vt 0.728164 0.145871
vt 0.735109 0.153349
vt 0.745529 0.153310
vt 0.746136 0.158492
vt 0.741672 0.167755
vt 0.752331 0.174514
vt 0.749463 0.183205
vt 0.737695 0.168392
vt 0.743876 0.187561
vt 0.737263 0.184440
vt 0.714883 0.176600
vt 0.728212 0.179541
vt 0.728401 0.189016
vt 0.719295 0.186067
vt 0.705926 0.178338
vt 0.690517 0.178320
vt 0.751260 0.235835
vt 0.748083 0.252985
vt 0.746493 0.265403
vt 0.736685 0.222408
vt 0.727285 0.211398
vt 0.710878 0.217671
vt 0.708214 0.201249
vt 0.717545 0.200749
vt 0.703727 0.186805
vt 0.744125 0.208626
vt 0.735574 0.193088
vt 0.745549 0.197352
vt 0.760489 0.182606
vt 0.765212 0.200817
vt 0.760540 0.173799
vt 0.767310 0.186046
vt 0.780601 0.180913
vt 0.797624 0.256472
vt 0.801308 0.251683
vt 0.803553 0.261857
vt 0.803993 0.273283
vt 0.817825 0.272758
vt 0.815865 0.279050
vt 0.825317 0.279194
vt 0.828036 0.280631
vt 0.837218 0.275964
vt 0.830312 0.277098
vt 0.817227 0.276603
vt 0.822251 0.281194
vt 0.814352 0.282408
vt 0.804941 0.279844
vt 0.802089 0.277596
vt 0.798584 0.270781
vt 0.838796 0.274712
vt 0.814014 0.282098
vt 0.719404 0.192074
vt 0.688828 0.169557
vt 0.725156 0.145722
vt 0.713196 0.136656
vt 0.704330 0.128651
vt 0.704051 0.131513
vt 0.677363 0.123426
vt 0.643641 0.121486
vt 0.653792 0.122797
vt 0.614219 0.120429
vt 0.619138 0.121833
vt 0.701223 0.132977
vt 0.672657 0.131235
vt 0.674362 0.127011
vt 0.690775 0.125201
vt 0.697728 0.128395
vt 0.733241 0.158043
vt 0.719789 0.138888
vt 0.710850 0.138345
vt 0.716983 0.141629
vt 0.708213 0.150373
vt 0.713906 0.160523
vt 0.700023 0.154030
vt 0.702719 0.164960
vt 0.704139 0.169720
vt 0.690586 0.161162
vt 0.645642 0.143708
vt 0.672183 0.144659
vt 0.668880 0.152024
vt 0.651541 0.135312
vt 0.635594 0.127548
vt 0.655156 0.126285
vt 0.643965 0.124409
vt 0.632679 0.124130
vt 0.625909 0.133844
vt 0.618680 0.126256
vt 0.700694 0.129876
vt 0.692235 0.130574
vt 0.753738 0.170194
vt 0.625898 0.142503
vt 0.634612 0.144438
vt 0.634731 0.136637
vt 0.645174 0.135077
vt 0.650683 0.130613
vt 0.602939 0.149365
vt 0.587207 0.150005
vt 0.589439 0.153610
vt 0.502573 0.164663
vt 0.474813 0.165332
vt 0.461585 0.167357
vt 0.466829 0.169816
vt 0.456251 0.166706
vt 0.448564 0.165238
vt 0.447619 0.158643
vt 0.408438 0.158155
vt 0.404422 0.154571
vt 0.402930 0.159035
vt 0.404741 0.168307
vt 0.400734 0.164237
vt 0.406525 0.175154
vt 0.410000 0.177496
vt 0.412071 0.182816
vt 0.421005 0.190111
vt 0.417514 0.193025
vt 0.401253 0.171802
vt 0.396720 0.160393
vt 0.399468 0.166839
vt 0.397807 0.155490
vt 0.393673 0.165623
vt 0.402384 0.171415
vt 0.398624 0.165902
vt 0.390603 0.157815
vt 0.365641 0.159806
vt 0.415204 0.192837
vt 0.407665 0.182342
vt 0.404215 0.175709
vt 0.419104 0.203793
vt 0.434464 0.207838
vt 0.323042 0.283878
vt 0.327158 0.279602
vt 0.320038 0.279274
vt 0.319082 0.275142
vt 0.308872 0.280288
vt 0.307180 0.273495
vt 0.299667 0.281645
vt 0.292163 0.287853
vt 0.299054 0.279875
vt 0.289689 0.290662
vt 0.289391 0.283736
vt 0.302956 0.301623
vt 0.297499 0.311986
vt 0.307569 0.307830
vt 0.304420 0.318529
vt 0.299405 0.328833
vt 0.307197 0.329863
vt 0.319528 0.321314
vt 0.335055 0.329157
vt 0.327075 0.332394
vt 0.333790 0.349008
vt 0.344182 0.344587
vt 0.348757 0.331065
vt 0.356485 0.349579
vt 0.352631 0.319204
vt 0.364642 0.309074
vt 0.349339 0.304475
vt 0.365378 0.279732
vt 0.362227 0.293209
vt 0.383147 0.284996
vt 0.379309 0.268364
vt 0.389095 0.270948
vt 0.366947 0.269057
vt 0.307666 0.295590
vt 0.315310 0.292384
vt 0.313744 0.287073
vt 0.300854 0.288598
vt 0.352053 0.284851
vt 0.365552 0.327484
vt 0.361157 0.337729
vt 0.381190 0.334362
vt 0.368121 0.317604
vt 0.338067 0.315078
vt 0.343866 0.299222
vt 0.334169 0.307245
vt 0.319725 0.303605
vt 0.325994 0.291542
vt 0.379842 0.324258
vt 0.292142 0.328141
vt 0.268926 0.353718
vt 0.272229 0.351646
vt 0.269210 0.358761
vt 0.284840 0.350384
vt 0.285453 0.358942
vt 0.289263 0.352900
vt 0.294404 0.339796
vt 0.296413 0.358728
vt 0.300346 0.346366
vt 0.317237 0.341404
vt 0.277254 0.358821
vt 0.283765 0.368977
vt 0.283399 0.335072
vt 0.280765 0.339787
vt 0.282105 0.326729
vt 0.288032 0.322670
vt 0.283874 0.377829
vt 0.309148 0.425672
vt 0.314656 0.435735
vt 0.344631 0.426179
vt 0.354472 0.428745
vt 0.357953 0.418417
vt 0.372706 0.414990
vt 0.363858 0.402199
vt 0.368190 0.385200
vt 0.376678 0.376670
vt 0.374144 0.359962
vt 0.389328 0.356998
vt 0.381112 0.347390
vt 0.388166 0.315444
vt 0.401929 0.318306
vt 0.378249 0.303726
vt 0.400437 0.298274
vt 0.390440 0.294866
vt 0.399906 0.289993
vt 0.396846 0.281526
vt 0.376038 0.294774
vt 0.364984 0.347207
vt 0.365467 0.359571
vt 0.376527 0.426034
vt 0.384212 0.414381
vt 0.376415 0.393026
vt 0.392797 0.369307
vt 0.404907 0.359449
vt 0.393148 0.339336
vt 0.413827 0.338635
vt 0.423630 0.334485
vt 0.430425 0.338615
vt 0.439774 0.320524
vt 0.363492 0.393092
vt 0.387774 0.383835
vt 0.382530 0.398843
vt 0.407769 0.376671
vt 0.421516 0.349880
vt 0.432285 0.362053
vt 0.409192 0.404955
vt 0.413635 0.364144
vt 0.432612 0.354542
vt 0.438993 0.342608
vt 0.410622 0.387341
vt 0.419165 0.376670
vt 0.420860 0.393881
vt 0.429825 0.409005
vt 0.434880 0.421234
vt 0.416909 0.418340
vt 0.417995 0.324347
vt 0.446251 0.339806
vt 0.440158 0.351167
vt 0.395145 0.405801
vt 0.425452 0.400468
vt 0.327407 0.429328
vt 0.311723 0.361493
vt 0.323665 0.365921
vt 0.294352 0.368958
vt 0.272540 0.332113
vt 0.346563 0.274832
vt 0.331834 0.299138
vt 0.343367 0.269517
vt 0.353390 0.265478
vt 0.328887 0.270766
vt 0.374639 0.258471
vt 0.374975 0.251814
vt 0.358453 0.254624
vt 0.372949 0.246723
vt 0.377051 0.240790
vt 0.374802 0.237446
vt 0.378064 0.227513
vt 0.374314 0.232019
vt 0.381740 0.224066
vt 0.417364 0.214242
vt 0.412339 0.196307
vt 0.397158 0.206755
vt 0.381744 0.199409
vt 0.409350 0.226565
vt 0.397671 0.215844
vt 0.397819 0.234049
vt 0.382015 0.238102
vt 0.384486 0.248960
vt 0.380697 0.259653
vt 0.379986 0.250874
vt 0.398911 0.246465
vt 0.388588 0.262254
vt 0.410751 0.239645
vt 0.404928 0.268142
vt 0.400297 0.257483
vt 0.412039 0.292758
vt 0.406088 0.178984
vt 0.414806 0.156757
vt 0.429526 0.155358
vt 0.427303 0.151566
vt 0.442152 0.155300
vt 0.459967 0.159437
vt 0.479983 0.167061
vt 0.496507 0.169029
vt 0.496275 0.168650
vt 0.435414 0.154858
vt 0.466415 0.166956
vt 0.418357 0.166928
vt 0.408413 0.161382
vt 0.614874 0.143854
vt 0.623100 0.149600
vt 0.615920 0.150058
vt 0.622378 0.147139
vt 0.610832 0.146845
vt 0.531007 0.163866
vt 0.543799 0.160668
vt 0.524046 0.159155
vt 0.616033 0.139919
vt 0.613094 0.139095
vt 0.634052 0.135039
vt 0.616315 0.139180
vt 0.631507 0.136343
vt 0.651121 0.135204
vt 0.662582 0.139195
vt 0.687536 0.139628
vt 0.693791 0.142294
vt 0.699927 0.136980
vt 0.706380 0.137298
vt 0.699133 0.142864
vt 0.709975 0.139458
vt 0.633058 0.144103
vt 0.630868 0.149596
vt 0.621867 0.140135
vt 0.627580 0.143807
vt 0.636773 0.146070
vt 0.675094 0.138298
vt 0.616762 0.143380
vt 0.629253 0.143407
vt 0.660911 0.136186
vt 0.696433 0.129788
vt 0.705914 0.132451
vt 0.716141 0.136608
vt 0.725324 0.142284
vt 0.742132 0.149422
vt 0.756520 0.162657
vt 0.756852 0.155478
vt 0.774133 0.169063
vt 0.807924 0.186586
vt 0.815328 0.183318
vt 0.821304 0.193072
vt 0.818774 0.180891
vt 0.809113 0.173681
vt 0.829019 0.187575
vt 0.812937 0.176654
vt 0.743536 0.153301
vt 0.743845 0.146825
vt 0.727275 0.146201
vt 0.729757 0.142435
vt 0.741441 0.144924
vt 0.738167 0.144447
vt 0.706376 0.139500
vt 0.712568 0.143775
vt 0.717153 0.142056
vt 0.727786 0.140421
vt 0.728162 0.145851
vt 0.742968 0.148728
vt 0.764724 0.158061
vt 0.777166 0.165583
vt 0.776116 0.160821
vt 0.793457 0.175262
vt 0.803690 0.174361
vt 0.749938 0.144668
vt 0.772693 0.153570
vt 0.765175 0.152916
vt 0.795810 0.165718
vt 0.801119 0.169091
vt 0.792854 0.159964
vt 0.788095 0.178112
vt 0.801671 0.187019
vt 0.793419 0.187468
vt 0.804778 0.201346
vt 0.814966 0.233281
vt 0.810395 0.216754
vt 0.826112 0.228453
vt 0.840144 0.247419
vt 0.836225 0.236450
vt 0.844450 0.235637
vt 0.847358 0.246783
vt 0.850680 0.245220
vt 0.849091 0.255816
vt 0.829430 0.268973
vt 0.833212 0.275244
vt 0.845122 0.261855
vt 0.845308 0.267965
vt 0.849304 0.260566
vt 0.826326 0.271190
vt 0.827488 0.258984
vt 0.819678 0.259897
vt 0.814618 0.269278
vt 0.785462 0.262281
vt 0.799061 0.262991
vt 0.782503 0.247360
vt 0.767333 0.247960
vt 0.756329 0.240532
vt 0.767579 0.235649
vt 0.741337 0.227006
vt 0.746255 0.233817
vt 0.737643 0.228470
vt 0.738582 0.247742
vt 0.732986 0.262780
vt 0.724006 0.274847
vt 0.725068 0.259710
vt 0.699947 0.294536
vt 0.699604 0.281240
vt 0.686595 0.281322
vt 0.690865 0.292933
vt 0.681513 0.304992
vt 0.687122 0.319861
vt 0.693380 0.342477
vt 0.674218 0.340354
vt 0.678040 0.347551
vt 0.691179 0.272161
vt 0.682996 0.269681
vt 0.667496 0.315790
vt 0.663060 0.299606
vt 0.679635 0.325064
vt 0.640492 0.297033
vt 0.652974 0.288168
vt 0.667186 0.285388
vt 0.661721 0.278258
vt 0.684753 0.255842
vt 0.666930 0.259138
vt 0.664196 0.266109
vt 0.672081 0.272837
vt 0.677001 0.293003
vt 0.663848 0.329246
vt 0.730892 0.220848
vt 0.718498 0.222567
vt 0.711960 0.215013
vt 0.702499 0.200054
vt 0.704091 0.212491
vt 0.719814 0.198398
vt 0.689769 0.188029
vt 0.704497 0.193006
vt 0.691732 0.196561
vt 0.674185 0.188212
vt 0.712166 0.203203
vt 0.851156 0.248863
vt 0.835024 0.204698
vt 0.837481 0.202320
vt 0.824765 0.194809
vt 0.818755 0.184123
vt 0.797510 0.172683
vt 0.760840 0.157928
vt 0.755065 0.164473
vt 0.740303 0.159968
vt 0.812946 0.186325
vt 0.845531 0.239684
vt 0.841938 0.246165
vt 0.842035 0.262578
vt 0.844966 0.227617
vt 0.834299 0.229185
vt 0.829366 0.238053
vt 0.828494 0.207554
vt 0.848702 0.226531
vt 0.841505 0.270657
vt 0.809777 0.187045
vt 0.797638 0.183814
vt 0.806705 0.196284
vt 0.794402 0.198579
vt 0.804519 0.204908
vt 0.801817 0.219090
vt 0.769067 0.171094
vt 0.776372 0.187992
vt 0.782518 0.175732
vt 0.785338 0.201219
vt 0.774746 0.200713
vt 0.763068 0.197840
vt 0.751873 0.219169
vt 0.743425 0.199953
vt 0.733583 0.216377
vt 0.790889 0.244846
vt 0.789416 0.233060
vt 0.777019 0.234447
vt 0.766509 0.222344
vt 0.784009 0.220277
vt 0.817904 0.200071
vt 0.814501 0.219205
vt 0.819080 0.209248
vt 0.809792 0.236437
vt 0.806093 0.243568
vt 0.819416 0.242483
vt 0.778502 0.166781
vt 0.786783 0.165764
vt 0.779988 0.161983
vt 0.765627 0.154609
vt 0.803389 0.219405
vt 0.790256 0.194926
vt 0.774449 0.202063
vt 0.687825 0.131966
vt 0.554813 0.154787
vt 0.560150 0.149799
vt 0.536698 0.152705
vt 0.563979 0.148480
vt 0.544932 0.148414
vt 0.534338 0.147920
vt 0.595845 0.142228
vt 0.591919 0.144491
vt 0.577526 0.142966
vt 0.577684 0.141590
vt 0.537949 0.142758
vt 0.533252 0.141877
vt 0.588924 0.121728
vt 0.570750 0.121477
vt 0.580025 0.136696
vt 0.546421 0.138792
vt 0.554400 0.127710
vt 0.566029 0.139084
vt 0.606999 0.122770
vt 0.578521 0.118594
vt 0.600589 0.120618
vt 0.572631 0.118838
vt 0.596621 0.141156
vt 0.620115 0.136695
vt 0.632542 0.125062
vt 0.620380 0.123618
vt 0.632688 0.143634
vt 0.613460 0.142159
vt 0.633546 0.121967
vt 0.477104 0.126422
vt 0.483398 0.125498
vt 0.483954 0.132422
vt 0.471659 0.131866
vt 0.483028 0.140623
vt 0.475721 0.150253
vt 0.462444 0.150283
vt 0.470642 0.157710
vt 0.463853 0.161843
vt 0.438250 0.172785
vt 0.450550 0.164972
vt 0.447403 0.173106
vt 0.436004 0.179983
vt 0.425168 0.178523
vt 0.426454 0.183998
vt 0.428938 0.190482
vt 0.416042 0.181817
vt 0.420641 0.188706
vt 0.411594 0.177856
vt 0.417351 0.188719
vt 0.416149 0.201840
vt 0.418109 0.194178
vt 0.419007 0.203455
vt 0.389382 0.189230
vt 0.385664 0.201486
vt 0.378600 0.192476
vt 0.378847 0.210944
vt 0.389866 0.211661
vt 0.381225 0.219376
vt 0.384787 0.218675
vt 0.385782 0.222854
vt 0.392151 0.219455
vt 0.398840 0.213202
vt 0.397068 0.201987
vt 0.412300 0.191987
vt 0.405376 0.186918
vt 0.398164 0.191726
vt 0.416336 0.183241
vt 0.417066 0.188460
vt 0.414034 0.176469
vt 0.436279 0.161809
vt 0.453631 0.153281
vt 0.426883 0.173763
vt 0.411766 0.176980
vt 0.515387 0.123007
vt 0.501229 0.122567
vt 0.495531 0.121814
vt 0.473367 0.122358
vt 0.472202 0.123758
vt 0.456900 0.121637
vt 0.436707 0.124323
vt 0.438413 0.120002
vt 0.416987 0.124530
vt 0.391450 0.125363
vt 0.396543 0.121187
vt 0.382005 0.123880
vt 0.376916 0.124743
vt 0.371770 0.126967
vt 0.374786 0.129814
vt 0.368391 0.129991
vt 0.370871 0.141953
vt 0.375945 0.149353
vt 0.376159 0.156833
vt 0.379912 0.159950
vt 0.377679 0.159094
vt 0.385981 0.164320
vt 0.387217 0.165594
vt 0.406318 0.175937
vt 0.372729 0.136920
vt 0.368431 0.142970
vt 0.376124 0.144016
vt 0.375123 0.153064
vt 0.382564 0.152069
vt 0.382125 0.157801
vt 0.371083 0.149643
vt 0.406948 0.169055
vt 0.401015 0.170170
vt 0.391246 0.161115
vt 0.417452 0.179428
vt 0.383627 0.148942
vt 0.385994 0.128750
vt 0.387968 0.124764
vt 0.379746 0.139163
vt 0.398396 0.169423
vt 0.489900 0.125015
vt 0.497951 0.129466
vt 0.469052 0.124792
vt 0.430438 0.127021
vt 0.400823 0.125531
vt 0.453002 0.126267
vt 0.493092 0.130549
vt 0.496562 0.131795
vt 0.538084 0.121780
vt 0.554203 0.124361
vt 0.536554 0.127968
vt 0.515204 0.136411
vt 0.526429 0.136303
vt 0.518421 0.145001
vt 0.507751 0.191527
vt 0.512222 0.186604
vt 0.517805 0.191209
vt 0.517713 0.200650
vt 0.545981 0.220861
vt 0.561523 0.216717
vt 0.541511 0.235529
vt 0.543434 0.260738
vt 0.556988 0.234475
vt 0.556912 0.255691
vt 0.554265 0.276912
vt 0.562933 0.257481
vt 0.621387 0.297456
vt 0.631911 0.290831
vt 0.627813 0.300712
vt 0.638913 0.300818
vt 0.669370 0.293514
vt 0.669811 0.305599
vt 0.642048 0.283853
vt 0.646454 0.267463
vt 0.637601 0.263730
vt 0.631392 0.278198
vt 0.625268 0.269161
vt 0.614103 0.270678
vt 0.617308 0.261489
vt 0.592269 0.255692
vt 0.600650 0.261694
vt 0.594517 0.272364
vt 0.581428 0.267614
vt 0.579250 0.252735
vt 0.570289 0.263067
vt 0.567787 0.274452
vt 0.562921 0.282593
vt 0.697322 0.317646
vt 0.677843 0.302998
vt 0.702375 0.309082
vt 0.687616 0.300223
vt 0.695140 0.289689
vt 0.701005 0.286432
vt 0.718694 0.286072
vt 0.723265 0.278174
vt 0.727339 0.288969
vt 0.749121 0.283497
vt 0.742051 0.284514
vt 0.743158 0.274144
vt 0.754510 0.278712
vt 0.741148 0.338936
vt 0.741568 0.313174
vt 0.732985 0.328404
vt 0.686998 0.193456
vt 0.674861 0.191865
vt 0.674169 0.201487
vt 0.663702 0.197198
vt 0.658360 0.188968
vt 0.653564 0.177975
vt 0.647967 0.170981
vt 0.656628 0.167160
vt 0.682703 0.204031
vt 0.636570 0.215686
vt 0.650151 0.219893
vt 0.625783 0.227589
vt 0.603112 0.218374
vt 0.591451 0.215712
vt 0.598657 0.209997
vt 0.603211 0.202397
vt 0.582084 0.188395
vt 0.583983 0.206784
vt 0.577063 0.207859
vt 0.566693 0.201531
vt 0.599188 0.233636
vt 0.597352 0.227596
vt 0.609219 0.234498
vt 0.620681 0.216472
vt 0.614228 0.206173
vt 0.627895 0.205893
vt 0.637119 0.206135
vt 0.624421 0.194450
vt 0.638613 0.200350
vt 0.648741 0.200910
vt 0.648091 0.185633
vt 0.643727 0.187408
vt 0.632879 0.188634
vt 0.647772 0.210279
vt 0.662698 0.212488
vt 0.657506 0.199538
vt 0.671101 0.208967
vt 0.623554 0.181714
vt 0.645445 0.177035
vt 0.638757 0.153578
vt 0.622285 0.158392
vt 0.610508 0.165067
vt 0.602663 0.162049
vt 0.612130 0.160441
vt 0.596428 0.175657
vt 0.607320 0.177277
vt 0.605510 0.191611
vt 0.613761 0.169815
vt 0.591089 0.167684
vt 0.599581 0.153639
vt 0.617094 0.147579
vt 0.625769 0.173209
vt 0.775244 0.255271
vt 0.771522 0.262162
vt 0.765943 0.243540
vt 0.760590 0.249108
vt 0.784780 0.294432
vt 0.781994 0.283953
vt 0.772110 0.288538
vt 0.783876 0.369528
vt 0.790748 0.357690
vt 0.776084 0.353025
vt 0.786151 0.354402
vt 0.780936 0.342003
vt 0.759574 0.371034
vt 0.755575 0.358608
vt 0.766810 0.366329
vt 0.767746 0.349070
vt 0.779100 0.369194
vt 0.789764 0.333201
vt 0.784296 0.327143
vt 0.766343 0.318694
vt 0.774527 0.338585
vt 0.773992 0.327147
vt 0.741034 0.305387
vt 0.743782 0.286276
vt 0.733440 0.307508
vt 0.730018 0.296060
vt 0.731581 0.281257
vt 0.718901 0.301749
vt 0.711480 0.297033
vt 0.715229 0.283655
vt 0.755885 0.341086
vt 0.764946 0.297987
vt 0.755583 0.306824
vt 0.746706 0.312811
vt 0.760532 0.350313
vt 0.746978 0.353528
vt 0.733835 0.330811
vt 0.747454 0.336245
vt 0.737006 0.324650
vt 0.731692 0.314919
vt 0.709373 0.320937
vt 0.699810 0.314346
vt 0.715735 0.322777
vt 0.720711 0.314800
vt 0.735355 0.342546
vt 0.738438 0.359150
vt 0.727695 0.354115
vt 0.793476 0.339767
vt 0.786842 0.311972
vt 0.790527 0.297194
vt 0.779574 0.295209
vt 0.774826 0.301803
vt 0.768937 0.278552
vt 0.766158 0.289165
vt 0.756497 0.277481
vt 0.755160 0.261862
vt 0.776807 0.312391
vt 0.707990 0.240270
vt 0.699660 0.243311
vt 0.689755 0.237464
vt 0.703060 0.228895
vt 0.689270 0.224927
vt 0.682727 0.219363
vt 0.686433 0.213098
vt 0.674771 0.209912
vt 0.694165 0.208826
vt 0.618128 0.162294
vt 0.616061 0.163538
vt 0.602848 0.167507
vt 0.612564 0.163137
vt 0.582678 0.156770
vt 0.608949 0.157636
vt 0.620156 0.156572
vt 0.626834 0.154390
vt 0.608828 0.156052
vt 0.625083 0.155348
vt 0.472405 0.375088
vt 0.485984 0.382066
vt 0.545991 0.349377
vt 0.468033 0.277515
vt 0.475916 0.274721
vt 0.496140 0.285096
vt 0.470645 0.259699
vt 0.464452 0.242985
vt 0.466833 0.229559
vt 0.463941 0.229349
vt 0.466261 0.248861
vt 0.471139 0.238534
vt 0.469349 0.221269
vt 0.484589 0.210401
vt 0.473401 0.212312
vt 0.477084 0.234327
vt 0.462064 0.194264
vt 0.472966 0.200894
vt 0.484996 0.204247
vt 0.473349 0.248407
vt 0.462719 0.262450
vt 0.462221 0.260118
vt 0.462712 0.247473
vt 0.473491 0.292366
vt 0.504390 0.303228
vt 0.478023 0.300682
vt 0.490121 0.297264
vt 0.531832 0.308934
vt 0.536560 0.320930
vt 0.548042 0.335570
vt 0.562697 0.352094
vt 0.556426 0.361076
vt 0.573880 0.361066
vt 0.604544 0.316874
vt 0.594691 0.339721
vt 0.611163 0.328707
vt 0.619415 0.343938
vt 0.599820 0.348411
vt 0.606166 0.355671
vt 0.616486 0.359417
vt 0.564728 0.342632
vt 0.641985 0.347482
vt 0.562573 0.291713
vt 0.593181 0.315196
vt 0.589412 0.331985
vt 0.562694 0.331577
vt 0.573821 0.331911
vt 0.580302 0.317736
vt 0.574264 0.301810
vt 0.626302 0.352196
vt 0.627228 0.327490
vt 0.629446 0.337774
vt 0.202776 0.554261
vt 0.578164 0.341110
vt 0.582636 0.352213
vt 0.764174 0.402648
vt 0.758218 0.415786
vt 0.743808 0.429895
vt 0.735719 0.445915
vt 0.742657 0.440652
vt 0.744153 0.452494
vt 0.716310 0.476544
vt 0.710271 0.495472
vt 0.695857 0.502411
vt 0.648120 0.501220
vt 0.663422 0.516904
vt 0.628699 0.518159
vt 0.621919 0.501716
vt 0.642276 0.465810
vt 0.581735 0.515664
vt 0.604677 0.526141
vt 0.588164 0.551818
vt 0.617196 0.546155
vt 0.607605 0.562558
vt 0.616256 0.560570
vt 0.630353 0.556044
vt 0.638262 0.558002
vt 0.682594 0.535060
vt 0.695174 0.536623
vt 0.653608 0.554694
vt 0.623762 0.562661
vt 0.633369 0.563819
vt 0.601767 0.567195
vt 0.643983 0.569468
vt 0.515994 0.037600
vt 0.564043 0.034789
vt 0.554667 0.087989
vt 0.542163 0.292620
vt 0.580720 0.277930
vt 0.544840 0.310942
vt 0.583415 0.303490
vt 0.561537 0.334494
vt 0.629331 0.266677
vt 0.607535 0.257070
vt 0.663700 0.238274
vt 0.632687 0.182940
vt 0.667979 0.141716
vt 0.731863 0.242551
vt 0.733891 0.176168
vt 0.691347 0.501968
vt 0.708456 0.484789
vt 0.681218 0.522863
vt 0.682746 0.512725
vt 0.680867 0.510348
vt 0.673602 0.523202
vt 0.705719 0.482734
vt 0.720237 0.465636
vt 0.729397 0.450256
vt 0.719475 0.459616
vt 0.731371 0.414849
vt 0.696772 0.470692
vt 0.785416 0.330622
vt 0.970899 0.515497
vt 0.916677 0.560091
vt 0.918321 0.503356
vt 0.686402 0.557693
vt 0.670394 0.556183
vt 0.611733 0.101822
vt 0.553916 0.122824
vt 0.585252 0.194627
vt 0.539219 0.164137
vt 0.583661 0.232534
vt 0.553636 0.264396
vt 0.566226 0.245319
vt 0.875844 0.630460
vt 0.823093 0.617619
vt 0.777862 0.556392
vt 0.799554 0.575172
vt 0.742915 0.597286
vt 0.824672 0.564993
vt 0.870046 0.539605
vt 0.838877 0.502589
vt 0.767361 0.413840
vt 0.777423 0.418998
vt 0.819356 0.359190
vt 0.811817 0.406601
vt 0.825793 0.462408
vt 0.797954 0.511064
vt 0.762745 0.507097
vt 0.759943 0.550589
vt 0.738910 0.544729
vt 0.984641 0.446531
vt 0.633880 0.053154
vt 0.937362 0.602937
vt 0.630244 0.227398
vt 0.777749 0.452919
vt 0.742732 0.483793
vt 0.723333 0.504669
vt 0.694295 0.515995
vt 0.667960 0.532897
vt 0.660649 0.544835
vt 0.656623 0.540911
vt 0.645108 0.537570
vt 0.667149 0.521587
vt 0.654987 0.537960
vt 0.752454 0.490441
vt 0.822294 0.435551
vt 0.719429 0.521214
vt 0.784223 0.379156
vt 0.534899 0.296976
vt 0.825675 0.327052
vt 0.815115 0.314543
vt 0.715328 0.379339
vt 0.686731 0.438068
vt 0.641790 0.432430
vt 0.694215 0.366065
vt 0.727875 0.324864
vt 0.689719 0.326003
vt 0.718504 0.296189
vt 0.691266 0.279324
vt 0.686489 0.296471
vt 0.658775 0.267374
vt 0.685257 0.253267
vt 0.712335 0.264747
vt 0.749496 0.356723
vt 0.666686 0.480104
vt 0.856502 0.313577
vt 0.599485 0.302002
vt 0.863524 0.292069
vt 0.834780 0.244873
vt 0.803882 0.263825
vt 0.748136 0.304523
vt 0.763917 0.268472
vt 0.743093 0.261803
vt 0.713050 0.280066
vt 0.765164 0.245553
vt 0.784351 0.175476
vt 0.803833 0.226528
vt 0.791879 0.247298
vt 0.852481 0.218415
vt 0.576433 0.291885
vt 0.572788 0.274793
vt 0.575014 0.261490
vt 0.577855 0.243647
vt 0.588640 0.240145
vt 0.581897 0.250980
vt 0.591008 0.283208
vt 0.593053 0.288700
vt 0.589437 0.296866
vt 0.594072 0.261785
vt 0.592499 0.252144
vt 0.594117 0.274660
vt 0.612081 0.287550
vt 0.612633 0.305648
vt 0.619263 0.313727
vt 0.616317 0.322556
vt 0.619330 0.272253
vt 0.607625 0.272054
vt 0.635310 0.257336
vt 0.632319 0.269937
vt 0.648914 0.255271
vt 0.648160 0.271843
vt 0.508127 0.387149
vt 0.489332 0.384602
vt 0.532343 0.410064
vt 0.540860 0.391832
vt 0.531132 0.391044
vt 0.566047 0.397733
vt 0.553734 0.397024
vt 0.568928 0.402686
vt 0.558191 0.402223
vt 0.555911 0.410227
vt 0.564259 0.409280
vt 0.544470 0.406611
vt 0.544518 0.398819
vt 0.536754 0.395866
vt 0.522439 0.391146
vt 0.883248 0.364803
vt 0.907622 0.306662
vt 0.926650 0.341412
vt 0.822678 0.142348
vt 0.852990 0.178762
vt 0.872248 0.408518
vt 0.895501 0.426434
vt 0.808136 0.114095
vt 0.770791 0.127416
vt 0.516157 0.392521
vt 0.528574 0.397662
vt 0.517909 0.225941
vt 0.513632 0.198337
vt 0.639149 0.281727
vt 0.165452 0.457543
vt 0.144342 0.434036
vt 0.608435 0.257858
vt 0.597833 0.239071
vt 0.591904 0.221646
vt 0.607453 0.231530
vt 0.611430 0.213824
vt 0.603711 0.201619
vt 0.618575 0.204008
vt 0.619715 0.193251
vt 0.616339 0.178207
vt 0.614012 0.168760
vt 0.592121 0.172034
vt 0.627801 0.215064
vt 0.630127 0.208168
vt 0.646733 0.191769
vt 0.635626 0.191184
vt 0.637604 0.174614
vt 0.622985 0.180492
vt 0.596620 0.193574
vt 0.603511 0.160173
vt 0.595126 0.164450
vt 0.624673 0.165185
vt 0.654170 0.195493
vt 0.600064 0.211311
vt 0.584135 0.210452
vt 0.563627 0.206892
vt 0.543254 0.191787
vt 0.553527 0.194924
vt 0.560408 0.189793
vt 0.551137 0.180302
vt 0.571944 0.162388
vt 0.586728 0.161041
vt 0.572662 0.157027
vt 0.558369 0.156166
vt 0.545454 0.156215
vt 0.530518 0.168055
vt 0.525136 0.182356
vt 0.529284 0.191386
vt 0.527606 0.196210
vt 0.507639 0.166231
vt 0.548478 0.201775
vt 0.644461 0.549588
vt 0.633241 0.551649
vt 0.621804 0.553858
vt 0.933067 0.385661
vt 0.770991 0.083150
vt 0.934533 0.438920
vt 0.557372 0.164743
vt 0.574005 0.163241
vt 0.585548 0.205795
vt 0.589512 0.200155
vt 0.581148 0.189066
vt 0.575210 0.177767
vt 0.643201 0.239780
vt 0.480112 0.385747
vt 0.462114 0.403418
vt 0.495077 0.389420
vt 0.481512 0.396957
vt 0.494744 0.420679
vt 0.474439 0.412744
vt 0.476117 0.424151
vt 0.487515 0.433643
vt 0.502417 0.439782
vt 0.519241 0.444895
vt 0.514362 0.434895
vt 0.498869 0.430277
vt 0.493215 0.411688
vt 0.225655 0.549206
vt 0.215657 0.536657
vt 0.569669 0.194835
vt 0.633256 0.222490
vt 0.640859 0.215798
vt 0.640245 0.207798
vt 0.664664 0.249080
vt 0.659755 0.231774
vt 0.667287 0.237677
vt 0.677712 0.230690
vt 0.676779 0.245355
vt 0.686237 0.249687
vt 0.656838 0.382360
vt 0.672733 0.382594
vt 0.688466 0.375397
vt 0.687009 0.386966
vt 0.705973 0.402803
vt 0.685360 0.404401
vt 0.690145 0.416027
vt 0.675720 0.399921
vt 0.658992 0.397022
vt 0.658554 0.407260
vt 0.670089 0.412100
vt 0.660509 0.417717
vt 0.679489 0.419980
vt 0.707844 0.412878
vt 0.707027 0.419005
vt 0.637219 0.399329
vt 0.697532 0.391984
vt 0.443094 0.334183
vt 0.439683 0.331093
vt 0.461130 0.161922
vt 0.462466 0.163994
vt 0.478213 0.161974
vt 0.647106 0.229498
vt 0.656975 0.216562
vt 0.665421 0.221519
vt 0.670933 0.225825
vt 0.687247 0.362686
vt 0.719464 0.378977
vt 0.726187 0.388964
vt 0.720970 0.415899
vt 0.774494 0.379831
vt 0.776124 0.393608
vt 0.771570 0.393954
vt 0.769375 0.403304
vt 0.765819 0.397528
vt 0.770018 0.383968
vt 0.752287 0.404084
vt 0.749271 0.395459
vt 0.757439 0.398974
vt 0.759126 0.408108
vt 0.752301 0.417814
vt 0.248606 0.561556
vt 0.235444 0.550463
vt 0.231720 0.542096
vt 0.261210 0.570449
vt 0.231366 0.563962
vt 0.256493 0.587372
vt 0.442165 0.163890
vt 0.451051 0.163750
vt 0.445288 0.159007
vt 0.426322 0.168567
vt 0.446026 0.194010
vt 0.466543 0.210264
vt 0.464707 0.217372
vt 0.451101 0.202093
vt 0.593800 0.441964
vt 0.639754 0.458388
vt 0.711531 0.544014
vt 0.672425 0.551361
vt 0.698123 0.575183
vt 0.530141 0.431647
vt 0.552092 0.461321
vt 0.541784 0.452185
vt 0.548405 0.445231
vt 0.538782 0.441039
vt 0.555665 0.466123
vt 0.491135 0.162666
vt 0.486357 0.156639
vt 0.459065 0.156837
vt 0.459043 0.155719
vt 0.462978 0.156878
vt 0.421550 0.159103
vt 0.583872 0.437307
vt 0.499770 0.156801
vt 0.488382 0.159905
vt 0.487991 0.156515
vt 0.330987 0.632976
vt 0.304611 0.618240
vt 0.318790 0.609276
vt 0.371146 0.686049
vt 0.357353 0.698816
vt 0.394304 0.697885
vt 0.566637 0.848115
vt 0.593805 0.821855
vt 0.728776 0.810027
vt 0.802473 0.827575
vt 0.835731 0.798037
vt 0.759707 0.783172
vt 0.808659 0.767770
vt 0.834176 0.715077
vt 0.771297 0.696334
vt 0.609773 0.576093
vt 0.581539 0.578353
vt 0.582023 0.569428
vt 0.574057 0.558207
vt 0.552902 0.554748
vt 0.489422 0.471117
vt 0.498004 0.498078
vt 0.475353 0.438673
vt 0.450083 0.444478
vt 0.429179 0.476347
vt 0.458951 0.531391
vt 0.442301 0.545013
vt 0.428986 0.518755
vt 0.437578 0.573431
vt 0.402876 0.533484
vt 0.402047 0.506647
vt 0.402236 0.503816
vt 0.405922 0.506571
vt 0.405236 0.493673
vt 0.403363 0.476526
vt 0.402675 0.477283
vt 0.400016 0.446604
vt 0.396473 0.412911
vt 0.402400 0.408735
vt 0.386775 0.364223
vt 0.373469 0.295093
vt 0.364180 0.278333
vt 0.389192 0.275154
vt 0.363705 0.234073
vt 0.371304 0.185985
vt 0.407037 0.167484
vt 0.426848 0.287648
vt 0.442266 0.274913
vt 0.448544 0.329221
vt 0.477480 0.388862
vt 0.462306 0.346814
vt 0.479954 0.368232
vt 0.486609 0.347488
vt 0.497016 0.395306
vt 0.524491 0.351491
vt 0.505047 0.311023
vt 0.396468 0.421469
vt 0.400177 0.447220
vt 0.402143 0.332693
vt 0.386481 0.337874
vt 0.391062 0.387688
vt 0.394161 0.354653
vt 0.402328 0.469368
vt 0.401540 0.490329
vt 0.403580 0.488831
vt 0.697966 0.629819
vt 0.652200 0.616748
vt 0.747454 0.643228
vt 0.621373 0.598742
vt 0.647810 0.581304
vt 0.573307 0.555182
vt 0.539485 0.528350
vt 0.561848 0.545726
vt 0.541405 0.526488
vt 0.564270 0.545479
vt 0.557054 0.492727
vt 0.532947 0.468507
vt 0.531856 0.444624
vt 0.567412 0.482430
vt 0.552285 0.439470
vt 0.595435 0.354134
vt 0.660880 0.307399
vt 0.584566 0.403528
vt 0.582500 0.440766
vt 0.559588 0.376580
vt 0.619187 0.288205
vt 0.633228 0.302452
vt 0.653115 0.288966
vt 0.642794 0.392882
vt 0.590167 0.559398
vt 0.578012 0.554133
vt 0.652534 0.553046
vt 0.613925 0.561917
vt 0.593463 0.561587
vt 0.594768 0.563805
vt 0.585555 0.560043
vt 0.592245 0.474421
vt 0.271000 0.136600
vt 0.290895 0.138891
vt 0.320157 0.153675
vt 0.388103 0.353750
vt 0.391980 0.369876
vt 0.405484 0.431238
vt 0.406778 0.453011
vt 0.411779 0.456405
vt 0.411640 0.473724
vt 0.403896 0.492891
vt 0.399817 0.498782
vt 0.398293 0.492566
vt 0.398201 0.480255
vt 0.404018 0.480228
vt 0.359263 0.479714
vt 0.372504 0.454551
vt 0.363745 0.447514
vt 0.380525 0.438595
vt 0.371393 0.430088
vt 0.360544 0.406673
vt 0.358538 0.416270
vt 0.348870 0.419177
vt 0.346922 0.408667
vt 0.363007 0.396025
vt 0.370983 0.395069
vt 0.352889 0.389513
vt 0.366044 0.389773
vt 0.356481 0.387485
vt 0.355872 0.383607
vt 0.389618 0.392153
vt 0.382950 0.395939
vt 0.397743 0.402487
vt 0.394395 0.405406
vt 0.376738 0.403751
vt 0.376602 0.408345
vt 0.360751 0.399968
vt 0.376252 0.400440
vt 0.388606 0.409016
vt 0.386655 0.403490
vt 0.394237 0.410608
vt 0.348658 0.400069
vt 0.374559 0.397712
vt 0.417197 0.410001
vt 0.425224 0.403719
vt 0.430543 0.411447
vt 0.442728 0.450988
vt 0.442847 0.458582
vt 0.442550 0.455722
vt 0.428166 0.457343
vt 0.429779 0.465450
vt 0.423403 0.479461
vt 0.433875 0.470123
vt 0.402908 0.415675
vt 0.418348 0.415846
vt 0.408087 0.423120
vt 0.402656 0.409575
vt 0.411260 0.403369
vt 0.429894 0.419056
vt 0.430852 0.424209
vt 0.439504 0.426034
vt 0.440680 0.421111
vt 0.443353 0.440179
vt 0.430758 0.449389
vt 0.415272 0.437923
vt 0.423753 0.431312
vt 0.446040 0.446852
vt 0.443116 0.447264
vt 0.400389 0.420492
vt 0.404869 0.425340
vt 0.398938 0.422803
vt 0.389785 0.414914
vt 0.386119 0.419042
vt 0.375176 0.419047
vt 0.360215 0.427296
vt 0.395548 0.409239
vt 0.405020 0.393008
vt 0.401806 0.377012
vt 0.376309 0.394695
vt 0.378691 0.467779
vt 0.362838 0.465854
vt 0.386142 0.454309
vt 0.410267 0.411064
vt 0.874134 0.813543
vt 0.913526 0.808082
vt 0.900409 0.794184
vt 0.437981 0.235922
vt 0.436958 0.122777
vt 0.484093 0.242289
vt 0.506855 0.158859
vt 0.508833 0.092986
vt 0.525644 0.800557
vt 0.460730 0.787374
vt 0.488750 0.748763
vt 0.482131 0.833726
vt 0.586141 0.765070
vt 0.542104 0.770489
vt 0.514578 0.705675
vt 0.414122 0.601335
vt 0.477351 0.640514
vt 0.453287 0.652091
vt 0.397396 0.609505
vt 0.379333 0.586525
vt 0.360289 0.598956
vt 0.353879 0.585209
vt 0.333469 0.585078
vt 0.311762 0.573406
vt 0.299722 0.569187
vt 0.319168 0.589357
vt 0.272350 0.539544
vt 0.337388 0.604567
vt 0.357556 0.626658
vt 0.406748 0.672234
vt 0.434943 0.666087
vt 0.492484 0.722044
vt 0.445834 0.712593
vt 0.391542 0.632638
vt 0.379132 0.649299
vt 0.294879 0.556038
vt 0.460937 0.581039
vt 0.472109 0.565368
vt 0.504626 0.485366
vt 0.450834 0.487526
vt 0.509360 0.521090
vt 0.498374 0.640556
vt 0.531432 0.664150
vt 0.531529 0.547465
vt 0.536080 0.534665
vt 0.554515 0.572616
vt 0.583274 0.594494
vt 0.562255 0.609431
vt 0.542235 0.586848
vt 0.584306 0.642506
vt 0.646511 0.668997
vt 0.587109 0.689055
vt 0.637236 0.725688
vt 0.552701 0.705257
vt 0.647898 0.764626
vt 0.519911 0.610904
vt 0.512880 0.575617
vt 0.500597 0.547971
vt 0.698304 0.684861
vt 0.698441 0.754497
vt 0.623074 0.801253
vt 0.486488 0.613315
vt 0.546544 0.163797
vt 0.700429 0.332336
vt 0.721270 0.335172
vt 0.707016 0.350493
vt 0.714630 0.091532
vt 0.727160 0.362586
vt 0.733219 0.373688
vt 0.416754 0.312833
vt 0.408139 0.326171
vt 0.356572 0.381048
vt 0.354351 0.389363
vt 0.362969 0.376033
vt 0.604140 0.559695
vt 0.404839 0.178546
vt 0.347072 0.382677
vt 0.348910 0.366781
vt 0.336645 0.374543
vt 0.339651 0.396277
vt 0.335001 0.386811
vt 0.327563 0.392980
vt 0.328681 0.404340
vt 0.293889 0.394246
vt 0.304582 0.405720
vt 0.298290 0.391471
vt 0.338306 0.415169
vt 0.314623 0.415179
vt 0.307246 0.397429
vt 0.324192 0.378308
vt 0.315031 0.380704
vt 0.302057 0.380386
vt 0.349490 0.402591
vt 0.341029 0.405809
vt 0.343676 0.415402
vt 0.332239 0.430128
vt 0.399974 0.157847
vt 0.400935 0.152658
vt 0.402739 0.151606
vt 0.398225 0.150028
vt 0.405017 0.148303
vt 0.424991 0.144772
vt 0.407967 0.142038
vt 0.425002 0.141984
vt 0.393203 0.151769
vt 0.364182 0.145856
vt 0.358946 0.155513
vt 0.349682 0.153886
vt 0.373710 0.157898
vt 0.380885 0.155952
vt 0.367624 0.151650
vt 0.380921 0.144655
vt 0.382634 0.150917
vt 0.531605 0.156646
vt 0.533801 0.158432
vt 0.538202 0.161571
vt 0.509071 0.159833
vt 0.498625 0.166650
vt 0.512029 0.156738
vt 0.566180 0.464236
vt 0.601560 0.562832
vt 0.072088 0.337823
vt 0.128530 0.387967
vt 0.684478 0.202020
vt 0.402706 0.310872
vt 0.532084 0.167182
vt 0.564600 0.168938
vt 0.522632 0.168862
vt 0.550443 0.169790
vt 0.528436 0.168079
vt 0.566643 0.165029
vt 0.519862 0.169709
vt 0.568620 0.161014
vt 0.231024 0.510865
vt 0.741026 0.272908
vt 0.743090 0.257693
vt 0.755830 0.250289
vt 0.747237 0.240243
vt 0.752334 0.242965
vt 0.263109 0.557188
vt 0.560214 0.534068
vt 0.576038 0.555650
vt 0.582358 0.473029
vt 0.189170 0.457542
vt 0.239158 0.506168
vt 0.273678 0.517469
vt 0.260650 0.511215
vt 0.271901 0.528954
vt 0.284101 0.542799
vt 0.161800 0.411917
vt 0.188401 0.441250
vt 0.203850 0.441449
vt 0.241277 0.462660
vt 0.211043 0.425902
vt 0.232224 0.468595
vt 0.246572 0.486778
vt 0.216459 0.472890
vt 0.248704 0.511989
vt 0.124129 0.354545
vt 0.080369 0.322292
vt 0.107600 0.316500
vt 0.572108 0.170265
vt 0.584262 0.168029
vt 0.606877 0.147140
vt 0.616496 0.151013
vt 0.618839 0.147005
vt 0.755592 0.320854
vt 0.610355 0.163829
vt 0.360069 0.658099
vt 0.425398 0.733757
vt 0.524630 0.508362
vt 0.538440 0.515775
vt 0.511489 0.456877
vt 0.527698 0.504194
vt 0.446442 0.164991
vt 0.431295 0.152345
vt 0.422948 0.148370
vt 0.441744 0.154633
vt 0.453493 0.159893
vt 0.431358 0.147899
vt 0.448176 0.162711
vt 0.441623 0.163522
vt 0.482632 0.148181
vt 0.476765 0.137100
vt 0.468238 0.162240
vt 0.501567 0.160457
vt 0.559459 0.157035
vt 0.449606 0.451518
vt 0.453253 0.447795
vt 0.469486 0.455246
vt 0.442817 0.435694
vt 0.418491 0.409182
vt 0.471813 0.455280
vt 0.723983 0.442771
vt 0.478143 0.088173
vt 0.472830 0.132591
vt 0.892105 0.670174
vt 0.594349 0.162701
vt 0.511015 0.414283
vt 0.512715 0.398684
vt 0.530737 0.391797
vt 0.502405 0.356942
vt 0.497801 0.441488
vt 0.475074 0.412268
vt 0.495459 0.455670
vt 0.506269 0.426339
vt 0.510922 0.476109
vt 0.516022 0.489856
vt 0.484443 0.043239
vt 0.928553 0.672483
vt 0.913402 0.698080
vt 0.763881 0.257426
vt 0.762105 0.253187
vt 0.801637 0.274085
vt 0.809416 0.279340
vt 0.833141 0.269956
vt 0.838888 0.269451
vt 0.790915 0.286307
vt 0.785634 0.282442
vt 0.780266 0.278629
vt 0.772511 0.271511
vt 0.769391 0.263689
vt 0.793473 0.276556
vt 0.940591 0.719058
vt 0.928640 0.743225
vt 0.449026 0.065314
vt 0.447752 0.088943
vt 0.870634 0.739822
vt 0.952679 0.753473
vt 0.954549 0.772603
vt 0.958826 0.798021
vt 0.986250 0.802056
vt 0.974600 0.778300
vt 0.425997 0.093435
vt 0.210025 0.136495
vt 0.200795 0.162795
vt 0.184798 0.145864
vt 0.182816 0.183745
vt 0.289427 0.312862
vt 0.280880 0.318866
vt 0.735852 0.433250
vt 0.384817 0.175751
vt 0.396803 0.192303
vt 0.371580 0.174417
vt 0.525226 0.198407
vt 0.523182 0.263628
vt 0.511602 0.292140
vt 0.722176 0.208074
vt 0.755366 0.187990
vt 0.758578 0.183114
vt 0.392288 0.147588
vt 0.601033 0.470291
vt 0.550026 0.466754
vt 0.549498 0.475832
vt 0.526579 0.472300
vt 0.623141 0.467614
vt 0.591033 0.463428
vt 0.569884 0.466260
vt 0.575705 0.473660
vt 0.618181 0.457862
vt 0.644017 0.450891
vt 0.641644 0.435740
vt 0.500148 0.156484
vt 0.469682 0.156029
vt 0.497974 0.154514
vt 0.500554 0.151564
vt 0.478614 0.158422
vt 0.519166 0.153029
vt 0.601508 0.158071
vt 0.384626 0.215136
vt 0.381191 0.219426
vt 0.377941 0.225463
vt 0.756755 0.208417
vt 0.366926 0.242444
vt 0.685809 0.476376
vt 0.701110 0.471161
vt 0.685197 0.479915
vt 0.336543 0.594011
vt 0.367298 0.615367
vt 0.379801 0.227457
vt 0.377662 0.212233
vt 0.390027 0.222447
vt 0.328368 0.262970
vt 0.344103 0.256323
vt 0.336108 0.252101
vt 0.321353 0.258534
vt 0.329835 0.246261
vt 0.321017 0.253951
vt 0.325833 0.246265
vt 0.312645 0.258591
vt 0.306741 0.268567
vt 0.308146 0.264240
vt 0.315940 0.266959
vt 0.320496 0.255451
vt 0.315752 0.257634
vt 0.329507 0.245804
vt 0.335657 0.240830
vt 0.326503 0.249721
vt 0.335458 0.241288
vt 0.353339 0.229692
vt 0.348179 0.234549
vt 0.347989 0.237613
vt 0.328689 0.252046
vt 0.323975 0.249947
vt 0.338997 0.238869
vt 0.337733 0.247148
vt 0.356756 0.238612
vt 0.347576 0.247542
vt 0.330470 0.243914
vt 0.340509 0.235297
vt 0.369042 0.234403
vt 0.348810 0.231626
vt 0.715753 0.148961
vt 0.715713 0.158930
vt 0.737572 0.165752
vt 0.768651 0.180218
vt 0.749260 0.174333
vt 0.687103 0.143896
vt 0.678591 0.145868
vt 0.806462 0.255118
vt 0.490279 0.284406
vt 0.476276 0.290737
vt 0.486672 0.306813
vt 0.814347 0.252237
vt 0.316746 0.272858
vt 0.268689 0.344151
vt 0.230773 0.127263
vt 0.768762 0.258391
vt 0.315638 0.259771
vt 0.255077 0.453736
vt 0.255826 0.444284
vt 0.266450 0.420597
vt 0.259001 0.430088
vt 0.255597 0.440397
vt 0.261006 0.490255
vt 0.264173 0.482497
vt 0.263371 0.472174
vt 0.255794 0.462776
vt 0.257486 0.476835
vt 0.259646 0.458851
vt 0.265544 0.487310
vt 0.536450 0.477894
vt 0.523372 0.476379
vt 0.572443 0.480298
vt 0.468439 0.339368
vt 0.460504 0.293700
vt 0.590056 0.158148
vt 0.596095 0.154309
vt 0.603326 0.145082
vt 0.608874 0.143264
vt 0.777289 0.267391
vt 0.310942 0.264583
vt 0.305736 0.266263
vt 0.299447 0.275012
vt 0.297652 0.273038
vt 0.291463 0.279726
vt 0.302270 0.267515
vt 0.306098 0.270719
vt 0.329838 0.171737
vt 0.333766 0.171363
vt 0.341022 0.180419
vt 0.340933 0.179176
vt 0.422023 0.125759
vt 0.439329 0.127286
vt 0.368749 0.138032
vt 0.367050 0.141052
vt 0.372963 0.134752
vt 0.392076 0.133874
vt 0.344852 0.140180
vt 0.351985 0.136716
vt 0.406760 0.129822
vt 0.324512 0.144219
vt 0.339952 0.140116
vt 0.356878 0.187335
vt 0.370938 0.192029
vt 0.278793 0.530096
vt 0.282047 0.538348
vt 0.789063 0.278959
vt 0.270529 0.354850
vt 0.275491 0.522223
vt 0.441400 0.798100
vt 0.441100 0.793600
vt 0.441677 0.795508
vt 0.344442 0.193592
vt 0.348870 0.163828
vt 0.597387 0.151236
vt 0.607672 0.142403
vt 0.333550 0.204723
vt 0.371474 0.316030
vt 0.273962 0.530404
vt 0.379298 0.337572
vt 0.408409 0.390996
vt 0.424569 0.424480
vt 0.439002 0.429933
vt 0.470070 0.450387
vt 0.456832 0.442976
vt 0.401489 0.378568
vt 0.413670 0.396709
vt 0.432532 0.425703
vt 0.437788 0.437914
vt 0.429514 0.425397
vt 0.463881 0.447694
vt 0.437802 0.350639
vt 0.448131 0.390831
vt 0.268236 0.354969
vt 0.269021 0.357161
vt 0.796694 0.281378
vt 0.800965 0.281476
vt 0.794009 0.283848
vt 0.798336 0.281962
vt 0.798590 0.278868
vt 0.797771 0.285868
vt 0.794496 0.280837
vt 0.796083 0.313071
vt 0.793286 0.305342
vt 0.793569 0.291980
vt 0.791424 0.314489
vt 0.788244 0.302230
vt 0.789775 0.269897
vt 0.778198 0.270962
vt 0.782113 0.269160
vt 0.750824 0.206025
vt 0.763075 0.205644
vt 0.766209 0.216775
vt 0.770020 0.197814
vt 0.773062 0.237071
vt 0.773836 0.218994
vt 0.781782 0.244631
vt 0.404683 0.460960
vt 0.407153 0.474228
vt 0.404802 0.482496
vt 0.410960 0.488259
vt 0.408684 0.498601
vt 0.404856 0.496806
vt 0.633354 0.491539
vt 0.650225 0.489472
vt 0.666476 0.486612
vt 0.612019 0.491193
vt 0.432498 0.450633
vt 0.414664 0.465850
vt 0.404408 0.472803
vt 0.407231 0.406158
vt 0.400317 0.431530
vt 0.418397 0.425809
vt 0.420507 0.491698
vt 0.793199 0.308077
vt 0.412126 0.372410
vt 0.671122 0.475012
vt 0.687553 0.466041
vt 0.672703 0.453113
vt 0.681139 0.454038
vt 0.689113 0.455030
vt 0.670595 0.465218
vt 0.656145 0.476696
vt 0.456622 0.138360
vt 0.456812 0.139790
vt 0.332673 0.138702
vt 0.349189 0.136614
vt 0.346147 0.141593
vt 0.793964 0.351603
vt 0.790616 0.363436
vt 0.794146 0.351944
vt 0.797052 0.331224
vt 0.797531 0.321180
vt 0.287015 0.562308
vt 0.387221 0.130885
vt 0.356759 0.138231
vt 0.793830 0.260047
vt 0.793576 0.246426
vt 0.796799 0.241933
vt 0.798848 0.266068
vt 0.787325 0.251762
vt 0.783981 0.237712
vt 0.401792 0.528033
vt 0.276338 0.413023
vt 0.280112 0.410971
vt 0.665252 0.482326
vt 0.691360 0.471311
vt 0.509930 0.148406
vt 0.514199 0.147143
vt 0.506455 0.142962
vt 0.494688 0.136095
vt 0.491867 0.135727
vt 0.493163 0.133681
vt 0.482012 0.135261
vt 0.483598 0.132069
vt 0.476702 0.134222
vt 0.473542 0.136241
vt 0.476047 0.136819
vt 0.417547 0.133339
vt 0.481700 0.128495
vt 0.485800 0.125500
vt 0.491258 0.128342
vt 0.496714 0.132864
vt 0.502494 0.144862
vt 0.508103 0.142169
vt 0.506318 0.141230
vt 0.495200 0.138200
vt 0.498379 0.128493
vt 0.480017 0.138126
vt 0.471899 0.138855
vt 0.484000 0.135500
vt 0.477581 0.130374
vt 0.472875 0.132341
vt 0.474057 0.130190
vt 0.462390 0.130358
vt 0.457294 0.127010
vt 0.470374 0.127866
vt 0.458288 0.130918
vt 0.507423 0.149609
vt 0.498111 0.142423
vt 0.471742 0.139536
vt 0.466346 0.140130
vt 0.469236 0.136294
vt 0.839509 0.201263
vt 0.829724 0.191460
vt 0.848549 0.227068
vt 0.833360 0.218287
vt 0.835108 0.210735
vt 0.842010 0.209373
vt 0.821641 0.202462
vt 0.829121 0.200837
vt 0.848258 0.222353
vt 0.266757 0.487057
vt 0.375765 0.132646
vt 0.381357 0.132627
vt 0.401552 0.131103
vt 0.368417 0.133525
vt 0.780792 0.159577
vt 0.773700 0.161300
vt 0.283645 0.399812
vt 0.298939 0.560781
vt 0.317144 0.564319
vt 0.311902 0.554393
vt 0.395611 0.533809
vt 0.556004 0.458286
vt 0.622750 0.446410
vt 0.487714 0.451882
vt 0.504643 0.451839
vt 0.484616 0.438609
vt 0.485208 0.445723
vt 0.475492 0.438425
vt 0.516611 0.443789
vt 0.518175 0.436840
vt 0.514527 0.397034
vt 0.501690 0.395246
vt 0.503856 0.408623
vt 0.482081 0.418365
vt 0.495680 0.422984
vt 0.453814 0.436051
vt 0.506139 0.430103
vt 0.506714 0.441761
vt 0.522854 0.424870
vt 0.519361 0.416257
vt 0.521141 0.406686
vt 0.781316 0.371623
vt 0.784280 0.352469
vt 0.794230 0.336129
vt 0.791994 0.325931
vt 0.785042 0.323635
vt 0.775490 0.328856
vt 0.769385 0.346142
vt 0.759060 0.365864
vt 0.755804 0.358581
vt 0.749855 0.380485
vt 0.733798 0.382274
vt 0.727091 0.386894
vt 0.725567 0.381813
vt 0.719276 0.391268
vt 0.700743 0.388603
vt 0.699360 0.395700
vt 0.734263 0.375699
vt 0.715749 0.379583
vt 0.751263 0.346583
vt 0.738415 0.364846
vt 0.738556 0.352220
vt 0.710214 0.368681
vt 0.725119 0.367793
vt 0.717523 0.354382
vt 0.727207 0.353439
vt 0.698257 0.361601
vt 0.711731 0.339963
vt 0.783751 0.337094
vt 0.745004 0.368570
vt 0.778988 0.382787
vt 0.765681 0.404683
vt 0.775525 0.347477
vt 0.762597 0.368321
vt 0.409484 0.499945
vt 0.409313 0.484069
vt 0.404810 0.469160
vt 0.836547 0.199760
vt 0.831412 0.258139
vt 0.839662 0.258830
vt 0.816166 0.259420
vt 0.828185 0.245386
vt 0.804773 0.234081
vt 0.813767 0.248091
vt 0.790073 0.211159
vt 0.371573 0.135737
vt 0.364058 0.139473
vt 0.373501 0.141329
vt 0.373880 0.138058
vt 0.374014 0.131936
vt 0.378899 0.126398
vt 0.370411 0.129374
vt 0.470445 0.137069
vt 0.338483 0.560754
vt 0.361271 0.553935
vt 0.577527 0.151283
vt 0.521355 0.148340
vt 0.532549 0.150323
vt 0.484772 0.125834
vt 0.418168 0.200603
vt 0.420033 0.201812
vt 0.418436 0.211706
vt 0.424038 0.201594
vt 0.419372 0.218659
vt 0.424166 0.226736
vt 0.418466 0.228008
vt 0.442789 0.232057
vt 0.455967 0.231135
vt 0.454062 0.242912
vt 0.466500 0.253128
vt 0.459999 0.265596
vt 0.471833 0.261396
vt 0.475218 0.245520
vt 0.488154 0.263567
vt 0.499739 0.261286
vt 0.499034 0.234381
vt 0.506259 0.247980
vt 0.516977 0.249778
vt 0.522581 0.222870
vt 0.525272 0.227943
vt 0.525814 0.248403
vt 0.530838 0.234710
vt 0.529424 0.258087
vt 0.522126 0.270540
vt 0.533308 0.271119
vt 0.539120 0.252899
vt 0.531983 0.208059
vt 0.512065 0.226417
vt 0.501177 0.212535
vt 0.496474 0.194369
vt 0.489088 0.219532
vt 0.483708 0.208852
vt 0.473570 0.224603
vt 0.468356 0.235433
vt 0.485577 0.236664
vt 0.499228 0.222560
vt 0.429644 0.219826
vt 0.432846 0.229722
vt 0.442050 0.222601
vt 0.411148 0.223396
vt 0.450515 0.192120
vt 0.443635 0.185601
vt 0.451366 0.178557
vt 0.438376 0.196647
vt 0.431379 0.203113
vt 0.420080 0.235865
vt 0.400742 0.220502
vt 0.273917 0.439089
vt 0.393512 0.162723
vt 0.790129 0.241916
vt 0.792553 0.231096
vt 0.779742 0.208753
vt 0.787905 0.229158
vt 0.783633 0.228365
vt 0.770673 0.368233
vt 0.406636 0.506866
vt 0.400204 0.519521
vt 0.407577 0.512813
vt 0.391850 0.532532
vt 0.401415 0.507612
vt 0.396341 0.510479
vt 0.394252 0.479196
vt 0.404996 0.465585
vt 0.367036 0.137239
vt 0.366240 0.131509
vt 0.779288 0.357647
vt 0.762172 0.383429
vt 0.475152 0.430164
vt 0.537364 0.412427
vt 0.418634 0.475829
vt 0.414681 0.483643
vt 0.421449 0.468951
vt 0.433215 0.455886
vt 0.413730 0.447529
vt 0.421493 0.459257
vt 0.407739 0.459528
vt 0.408185 0.511641
vt 0.367540 0.128998
vt 0.366893 0.138406
vt 0.647744 0.143431
vt 0.642737 0.145155
vt 0.653713 0.143388
vt 0.465519 0.170481
vt 0.466950 0.210257
vt 0.474840 0.195799
vt 0.484265 0.192108
vt 0.485497 0.152668
vt 0.477678 0.159670
vt 0.485399 0.143768
vt 0.495414 0.138857
vt 0.500199 0.153492
vt 0.510020 0.155937
vt 0.511550 0.168002
vt 0.505326 0.181341
vt 0.501928 0.163077
vt 0.500577 0.174611
vt 0.494237 0.168404
vt 0.491088 0.159013
vt 0.487874 0.177488
vt 0.482489 0.165941
vt 0.520876 0.167974
vt 0.525984 0.122947
vt 0.539163 0.136538
vt 0.534127 0.118500
vt 0.516686 0.153093
vt 0.510019 0.144117
vt 0.501521 0.126667
vt 0.514949 0.127910
vt 0.502272 0.140912
vt 0.509773 0.123273
vt 0.512780 0.120025
vt 0.490597 0.127794
vt 0.500060 0.184682
vt 0.464302 0.184438
vt 0.452734 0.202639
vt 0.785660 0.221535
vt 0.776470 0.211272
vt 0.818669 0.210054
vt 0.447267 0.424986
vt 0.425227 0.448652
vt 0.436035 0.440408
vt 0.811650 0.201151
vt 0.341069 0.268365
vt 0.713399 0.401977
vt 0.702837 0.413818
vt 0.713001 0.409033
vt 0.742172 0.382882
vt 0.329404 0.300114
vt 0.617569 0.422526
vt 0.603432 0.424076
vt 0.607154 0.400583
vt 0.577234 0.399225
vt 0.578216 0.382299
vt 0.572137 0.383902
vt 0.565201 0.408237
vt 0.559854 0.382207
vt 0.549447 0.405266
vt 0.579827 0.368082
vt 0.577061 0.358748
vt 0.591860 0.364493
vt 0.546807 0.381824
vt 0.558914 0.368845
vt 0.548301 0.356068
vt 0.556921 0.347416
vt 0.563212 0.350118
vt 0.555747 0.342401
vt 0.613871 0.416651
vt 0.580449 0.418689
vt 0.735683 0.205012
vt 0.687212 0.408944
vt 0.680682 0.417339
vt 0.743931 0.164959
vt 0.461480 0.408158
vt 0.438187 0.395097
vt 0.444335 0.407008
vt 0.422064 0.426407
vt 0.295606 0.480488
vt 0.394362 0.526361
vt 0.386077 0.493146
vt 0.373127 0.481895
vt 0.388954 0.483163
vt 0.392620 0.470235
vt 0.395163 0.455602
vt 0.385622 0.467204
vt 0.388857 0.509223
vt 0.590275 0.141015
vt 0.344104 0.385162
vt 0.338676 0.407521
vt 0.764981 0.227319
vt 0.758137 0.228796
vt 0.753995 0.218433
vt 0.746578 0.221716
vt 0.413068 0.430764
vt 0.405607 0.434170
vt 0.410883 0.439201
vt 0.407233 0.448438
vt 0.399817 0.448128
vt 0.395333 0.439391
vt 0.388451 0.441110
vt 0.424365 0.440537
vt 0.409379 0.168695
vt 0.403191 0.161004
vt 0.710656 0.132445
vt 0.716949 0.139554
vt 0.726540 0.156304
vt 0.732153 0.167903
vt 0.720316 0.170722
vt 0.725830 0.148479
vt 0.683261 0.158666
vt 0.662202 0.160496
vt 0.667258 0.155226
vt 0.678794 0.168033
vt 0.681456 0.163249
vt 0.431944 0.236497
vt 0.436285 0.243982
vt 0.440504 0.252368
vt 0.454558 0.293333
vt 0.485029 0.277793
vt 0.500615 0.275541
vt 0.499020 0.283809
vt 0.490936 0.295499
vt 0.502638 0.295256
vt 0.511407 0.288542
vt 0.510255 0.301298
vt 0.519192 0.295729
vt 0.465749 0.278852
vt 0.477338 0.279564
vt 0.462263 0.290871
vt 0.459724 0.315704
vt 0.475992 0.314969
vt 0.466406 0.325109
vt 0.445456 0.303147
vt 0.463339 0.299743
vt 0.455360 0.307384
vt 0.470769 0.308249
vt 0.450310 0.315808
vt 0.775753 0.282426
vt 0.425231 0.242541
vt 0.411854 0.246787
vt 0.388085 0.284720
vt 0.392376 0.277160
vt 0.397701 0.292833
vt 0.404991 0.286118
vt 0.395186 0.267085
vt 0.663309 0.125824
vt 0.765341 0.264986
vt 0.386348 0.401532
vt 0.298512 0.429322
vt 0.297972 0.417301
vt 0.312214 0.418031
vt 0.309870 0.407237
vt 0.319899 0.409449
vt 0.322471 0.403200
vt 0.300247 0.443576
vt 0.318288 0.445003
vt 0.308403 0.434440
vt 0.316227 0.427712
vt 0.308820 0.454653
vt 0.327731 0.434713
vt 0.327279 0.421278
vt 0.336338 0.442580
vt 0.330430 0.410807
vt 0.526894 0.190290
vt 0.518538 0.179839
vt 0.529788 0.177058
vt 0.575683 0.146192
vt 0.559359 0.141064
vt 0.570261 0.124543
vt 0.593540 0.146625
vt 0.565361 0.154977
vt 0.554839 0.150082
vt 0.580660 0.157106
vt 0.587415 0.165085
vt 0.579338 0.170842
vt 0.564687 0.174744
vt 0.570297 0.176898
vt 0.561038 0.179054
vt 0.550819 0.182231
vt 0.544471 0.180673
vt 0.551500 0.186407
vt 0.538405 0.190697
vt 0.557960 0.192142
vt 0.572113 0.187062
vt 0.527891 0.196336
vt 0.568439 0.162657
vt 0.555506 0.162106
vt 0.547580 0.147549
vt 0.543174 0.155874
vt 0.554386 0.170625
vt 0.533103 0.145917
vt 0.537315 0.159853
vt 0.556008 0.121101
vt 0.569358 0.120422
vt 0.583394 0.122481
vt 0.554983 0.118067
vt 0.535615 0.167365
vt 0.521967 0.197569
vt 0.542523 0.172031
vt 0.526955 0.212119
vt 0.622499 0.397421
vt 0.764972 0.301922
vt 0.755321 0.292083
vt 0.758119 0.299914
vt 0.749619 0.305061
vt 0.750095 0.314506
vt 0.756504 0.313309
vt 0.745319 0.299501
vt 0.734775 0.298854
vt 0.501102 0.356037
vt 0.516661 0.279225
vt 0.620969 0.387214
vt 0.615495 0.383538
vt 0.525340 0.284091
vt 0.536177 0.285529
vt 0.545594 0.289861
vt 0.555767 0.288478
vt 0.544569 0.279407
vt 0.562306 0.293794
vt 0.613557 0.366987
vt 0.412994 0.120130
vt 0.425801 0.121446
vt 0.446734 0.122884
vt 0.445753 0.125581
vt 0.465884 0.125512
vt 0.458901 0.130017
vt 0.407182 0.330009
vt 0.403496 0.337582
vt 0.409903 0.312193
vt 0.429136 0.315357
vt 0.419386 0.307708
vt 0.435488 0.302633
vt 0.424082 0.334755
vt 0.437382 0.321545
vt 0.423929 0.324926
vt 0.411296 0.320980
vt 0.419756 0.313866
vt 0.536807 0.351405
vt 0.541073 0.346376
vt 0.400409 0.131380
vt 0.394301 0.142441
vt 0.389309 0.122493
vt 0.470814 0.180780
vt 0.419185 0.279490
vt 0.421847 0.270707
vt 0.433169 0.289844
vt 0.414561 0.300552
vt 0.427208 0.291581
vt 0.429264 0.268671
vt 0.397252 0.155987
vt 0.405528 0.154273
vt 0.434891 0.150892
vt 0.421697 0.166631
vt 0.440326 0.140819
vt 0.451124 0.141973
vt 0.417767 0.143169
vt 0.429057 0.138053
vt 0.421634 0.155766
vt 0.447619 0.130427
vt 0.407323 0.145611
vt 0.409491 0.136320
vt 0.429101 0.127852
vt 0.412033 0.129619
vt 0.401871 0.431659
vt 0.726799 0.195952
vt 0.478789 0.300525
vt 0.483830 0.288295
vt 0.475423 0.292444
vt 0.544467 0.341695
vt 0.697604 0.351415
vt 0.396051 0.426825
vt 0.387799 0.429842
vt 0.673579 0.134234
vt 0.679557 0.126296
vt 0.669454 0.124216
vt 0.669080 0.128365
vt 0.406124 0.123733
vt 0.690978 0.212136
vt 0.697096 0.212157
vt 0.723450 0.246062
vt 0.739013 0.258586
vt 0.733396 0.267456
vt 0.586005 0.224860
vt 0.572356 0.221553
vt 0.593012 0.199388
vt 0.569912 0.238090
vt 0.731734 0.250365
vt 0.726313 0.260166
vt 0.717493 0.269943
vt 0.705767 0.264726
vt 0.707677 0.273332
vt 0.696435 0.269626
vt 0.693395 0.241526
vt 0.688449 0.231637
vt 0.694977 0.226870
vt 0.716046 0.242838
vt 0.714544 0.255793
vt 0.702587 0.229111
vt 0.492620 0.124300
vt 0.348980 0.437369
vt 0.349338 0.446291
vt 0.355017 0.454478
vt 0.655093 0.155277
vt 0.588078 0.181981
vt 0.707389 0.239548
vt 0.592498 0.238170
vt 0.587273 0.237842
vt 0.706890 0.252713
vt 0.660467 0.313023
vt 0.603101 0.123042
vt 0.696724 0.254921
vt 0.602370 0.134004
vt 0.599287 0.242785
vt 0.609004 0.244315
vt 0.625099 0.238487
vt 0.629780 0.250846
vt 0.641561 0.251006
vt 0.649637 0.254942
vt 0.648432 0.240327
vt 0.658718 0.250968
vt 0.672685 0.217747
vt 0.666923 0.222995
vt 0.642362 0.235909
vt 0.621632 0.248498
vt 0.666163 0.235150
vt 0.663434 0.244969
vt 0.605993 0.252243
vt 0.654790 0.280765
vt 0.662978 0.280849
vt 0.663640 0.268929
vt 0.656368 0.264028
vt 0.667429 0.265415
vt 0.679135 0.266206
vt 0.685553 0.277359
vt 0.683597 0.286612
vt 0.688030 0.259897
vt 0.680170 0.235575
vt 0.678203 0.255053
vt 0.687801 0.219800
vt 0.594775 0.126411
vt 0.596371 0.289296
vt 0.582575 0.281705
vt 0.618437 0.281222
vt 0.454523 0.136894
vt 0.439135 0.127063
vt 0.487700 0.134600
vn 0.5702 0.6828 0.4568
vn 0.4936 0.7662 0.4114
vn 0.3506 0.7957 0.4939
vn 0.2213 0.9086 0.3541
vn -0.0188 0.9068 0.4211
vn -0.9346 0.1511 -0.3219
vn -0.9661 -0.1431 -0.2150
vn -0.9318 0.3533 0.0834
vn -0.6443 -0.5664 -0.5138
vn -0.8681 -0.3676 -0.3336
vn -0.9926 0.1218 -0.0025
vn -0.5167 0.7372 0.4354
vn -0.4305 0.8091 0.3999
vn -0.1481 0.8896 0.4320
vn -0.1851 0.9181 0.3506
vn 0.8405 0.5207 0.1498
vn 0.9258 0.3726 0.0638
vn 0.9657 0.2584 0.0243
vn 0.9352 0.3174 0.1574
vn 0.9996 0.0164 -0.0217
vn 0.9981 0.0232 0.0566
vn 0.8311 0.4329 0.3491
vn 0.9679 0.1634 0.1908
vn 0.8886 0.3489 0.2979
vn 0.9963 -0.0846 -0.0146
vn 0.8913 0.3046 -0.3358
vn 0.9713 0.1490 0.1856
vn 0.8649 -0.0978 -0.4923
vn 0.3062 0.0138 -0.9519
vn -0.4698 -0.0004 -0.8828
vn 0.1756 0.2568 -0.9504
vn 0.2667 0.6992 -0.6633
vn -0.2152 0.5422 -0.8122
vn 0.0001 0.9296 -0.3686
vn 0.4426 0.8902 0.1075
vn -0.0663 0.9895 -0.1286
vn -0.6298 0.7082 -0.3191
vn -0.1925 0.9805 0.0386
vn -0.5310 0.6898 -0.4922
vn -0.5549 0.4934 -0.6698
vn 0.5490 0.5758 -0.6059
vn 0.7018 0.5748 0.4208
vn 0.7062 0.5519 0.4435
vn 0.4464 -0.2933 -0.8454
vn -0.3817 -0.1504 -0.9120
vn 0.3270 -0.3948 -0.8586
vn 0.9430 -0.2797 -0.1803
vn 0.4646 -0.5104 -0.7236
vn 0.7718 -0.5796 -0.2616
vn 0.5000 -0.7517 -0.4300
vn 0.2900 -0.7408 -0.6060
vn 0.0162 -0.7742 -0.6327
vn 0.0851 -0.8475 -0.5239
vn 0.6301 -0.7375 -0.2430
vn 0.4899 -0.8243 -0.2838
vn 0.7990 -0.5649 -0.2063
vn 0.7623 -0.5862 -0.2744
vn 0.8091 -0.5491 -0.2095
vn 0.6021 -0.7465 -0.2831
vn 0.9173 -0.3804 -0.1179
vn 0.9954 -0.0943 0.0143
vn 0.9827 -0.1796 -0.0448
vn 0.9829 0.1833 0.0193
vn 0.9496 0.3012 0.0863
vn 0.9995 -0.0262 -0.0183
vn 0.9429 -0.3046 -0.1344
vn 0.9698 0.1941 0.1476
vn 0.9299 0.3388 0.1432
vn 0.8498 0.4476 0.2783
vn 0.7806 0.5704 0.2554
vn -0.7141 0.0210 -0.6997
vn -0.5540 -0.6065 -0.5702
vn -0.7809 -0.4486 -0.4347
vn -0.5485 -0.6534 -0.5217
vn -0.7246 -0.5485 -0.4173
vn -0.8840 -0.3613 -0.2966
vn -0.9404 -0.2792 -0.1943
vn -0.7502 -0.5857 -0.3068
vn -0.7334 -0.6698 -0.1164
vn -0.8069 -0.5867 -0.0682
vn -0.5925 -0.7979 -0.1108
vn -0.3041 -0.9310 -0.2018
vn -0.3938 -0.8912 -0.2250
vn -0.6590 -0.7307 -0.1786
vn 0.2286 -0.7925 -0.5653
vn 0.7428 -0.5365 -0.4005
vn 0.4070 -0.2721 -0.8719
vn 0.8549 -0.1514 -0.4962
vn 0.4593 0.2501 -0.8523
vn 0.3933 0.4791 -0.7847
vn 0.4819 0.2726 -0.8328
vn 0.5514 0.2667 -0.7905
vn 0.7447 0.0979 -0.6601
vn 0.9267 0.0052 -0.3759
vn 0.7470 0.3511 -0.5646
vn 0.9225 0.2424 -0.3005
vn 0.8503 0.4505 -0.2721
vn 0.7702 0.4653 -0.4363
vn 0.5943 0.2842 -0.7524
vn 0.3576 0.2126 -0.9094
vn 0.3805 0.1859 -0.9059
vn 0.2351 0.1539 -0.9597
vn -0.3423 -0.0750 -0.9366
vn -0.2451 -0.0450 -0.9684
vn -0.1509 -0.0246 -0.9882
vn -0.7755 0.3492 -0.5260
vn -0.6838 0.3148 -0.6583
vn -0.8401 0.1916 -0.5075
vn -0.8505 0.4041 -0.3369
vn -0.8708 0.4655 -0.1581
vn -0.8610 0.4369 -0.2604
vn -0.9270 0.3241 -0.1887
vn -0.8751 -0.0269 -0.4832
vn -0.8873 -0.0042 -0.4612
vn -0.9658 -0.0899 -0.2433
vn -0.9876 -0.0637 -0.1438
vn -0.9052 0.4044 0.1309
vn -0.9958 0.0737 0.0549
vn -0.9221 0.2111 0.3242
vn -0.8013 0.4878 0.3463
vn -0.2524 0.9669 -0.0384
vn -0.3064 0.9453 0.1120
vn -0.1553 0.9869 0.0440
vn -0.0791 0.9892 0.1233
vn -0.2139 0.9546 0.2071
vn -0.0776 0.9699 0.2307
vn 0.0599 0.9568 0.2844
vn -0.0455 0.9450 0.3240
vn 0.0278 0.8967 0.4418
vn 0.0624 0.8055 0.5894
vn 0.1836 0.8225 0.5383
vn 0.4789 0.6726 0.5641
vn 0.5475 0.2824 0.7877
vn 0.8173 0.1214 0.5632
vn 0.2596 0.9174 0.3016
vn 0.1252 0.9433 0.3075
vn 0.0382 0.9881 0.1489
vn 0.0680 0.9975 -0.0173
vn -0.0072 0.9992 0.0393
vn -0.3791 0.9223 -0.0758
vn -0.3979 0.8902 -0.2217
vn -0.7973 0.6028 0.0305
vn -0.6312 0.7252 0.2750
vn -0.4098 0.1733 -0.8956
vn -0.4857 0.2442 -0.8393
vn -0.5688 0.2665 -0.7781
vn -0.8437 0.4029 -0.3549
vn -0.7190 0.3913 -0.5743
vn -0.6899 0.2193 -0.6899
vn -0.6799 0.3199 -0.6598
vn -0.5077 0.1688 -0.8448
vn -0.7457 0.3022 -0.5938
vn -0.4844 -0.0640 -0.8725
vn -0.4294 0.0946 -0.8982
vn -0.4975 0.1036 -0.8613
vn -0.7028 0.1904 -0.6855
vn -0.9040 -0.1016 -0.4154
vn -0.9831 -0.0167 -0.1823
vn -0.9930 0.0314 -0.1140
vn -0.9099 0.3474 -0.2266
vn -0.9341 0.0139 -0.3567
vn -0.5977 0.6770 -0.4296
vn -0.6238 0.7560 -0.1984
vn -0.7390 0.4946 -0.4574
vn -0.8151 0.0364 -0.5781
vn -0.7457 0.4445 -0.4964
vn -0.8231 -0.2603 -0.5048
vn -0.7778 0.0496 -0.6266
vn -0.7700 0.2582 -0.5835
vn -0.9016 0.2861 -0.3244
vn -0.8779 -0.1221 -0.4630
vn -0.9991 0.0061 0.0415
vn -0.9868 -0.0173 0.1612
vn -0.1132 0.1675 -0.9793
vn -0.4114 0.1834 -0.8928
vn -0.1675 0.0869 -0.9820
vn 0.0774 0.1156 -0.9903
vn 0.1218 0.1536 -0.9806
vn 0.2474 0.0771 -0.9658
vn 0.3538 0.2129 -0.9108
vn -0.1163 0.0756 -0.9903
vn -0.4062 -0.8896 -0.2090
vn -0.0987 -0.9649 -0.2434
vn -0.0807 -0.9535 -0.2903
vn 0.1653 -0.9510 -0.2614
vn 0.4650 -0.8146 -0.3467
vn 0.3287 -0.9009 -0.2832
vn 0.6837 -0.6837 -0.2550
vn 0.8726 -0.4477 -0.1952
vn -0.1444 0.8776 0.4571
vn -0.1123 0.8614 0.4953
vn 0.2548 0.8729 0.4160
vn 0.5748 0.7220 0.3852
vn 0.6889 0.6410 0.3384
vn 0.5892 0.7487 0.3038
vn 0.5410 0.8031 0.2497
vn 0.3625 0.8644 0.3486
vn 0.8259 0.5417 0.1564
vn 0.7107 0.6779 0.1881
vn 0.2930 0.8365 0.4631
vn 0.9846 -0.1528 -0.0848
vn 0.9857 0.1073 0.1302
vn 0.9041 0.3424 0.2557
vn 0.7779 0.5335 0.3322
vn 0.6885 0.6285 0.3617
vn -0.2690 0.9489 0.1650
vn -0.7051 -0.1744 -0.6873
vn -0.7362 -0.0924 -0.6705
vn -0.8178 -0.2085 -0.5363
vn -0.5896 -0.4731 -0.6546
vn -0.7186 -0.3761 -0.5850
vn -0.7758 -0.3847 -0.5001
vn -0.6068 0.0465 -0.7935
vn -0.4826 -0.2399 -0.8424
vn 0.0354 -0.5843 -0.8108
vn 0.5955 -0.6228 -0.5075
vn -0.8490 -0.1431 -0.5086
vn -0.4487 -0.4336 -0.7814
vn -0.8224 -0.0247 -0.5684
vn -0.8981 -0.0348 -0.4384
vn -0.9178 -0.0667 -0.3914
vn -0.9485 -0.0110 -0.3166
vn 0.8905 -0.4178 -0.1801
vn -0.8976 -0.1872 -0.3990
vn 0.7348 0.6740 0.0762
vn 0.9660 -0.2440 -0.0859
vn 0.9896 -0.1407 0.0303
vn -0.2150 -0.8876 -0.4074
vn 0.2406 -0.9313 -0.2734
vn -0.1999 -0.9520 -0.2319
vn 0.1194 -0.9658 -0.2302
vn 0.3996 -0.8774 -0.2656
vn 0.4152 -0.8719 -0.2597
vn -0.1957 -0.9692 -0.1493
vn -0.5152 -0.8507 -0.1039
vn -0.7015 -0.6889 -0.1825
vn -0.9559 0.2800 -0.0883
vn -0.9770 0.1880 -0.1005
vn -0.9854 0.0764 -0.1522
vn -0.9895 0.0627 -0.1305
vn -0.9341 -0.1984 -0.2967
vn -0.9635 -0.1772 -0.2005
vn -0.8849 -0.3355 -0.3232
vn -0.9884 -0.0656 -0.1369
vn -0.9004 -0.1698 -0.4007
vn -0.9840 0.0243 -0.1765
vn -0.9719 -0.0239 -0.2340
vn -0.9682 0.0877 -0.2345
vn -0.8084 -0.4871 -0.3305
vn -0.8940 -0.2949 -0.3372
vn -0.9335 -0.1186 -0.3384
vn -0.4473 -0.5567 -0.7000
vn -0.5012 -0.6115 -0.6123
vn -0.6142 -0.6266 -0.4796
vn -0.8292 -0.4986 -0.2527
vn -0.9825 -0.1196 -0.1429
vn -0.9755 0.1798 -0.1269
vn -0.7378 0.0520 -0.6731
vn 0.5703 -0.7628 -0.3047
vn 0.9136 -0.3770 -0.1522
vn -0.6063 -0.3892 -0.6935
vn -0.7098 0.7006 -0.0730
vn 0.3970 0.8634 0.3113
vn 0.2712 0.8551 0.4418
vn 0.1252 0.9319 0.3405
vn -0.1124 0.8620 0.4943
vn 0.5148 0.7803 0.3551
vn 0.6574 0.6778 0.3293
vn -0.5535 0.7656 0.3279
vn -0.7983 0.5254 0.2943
vn -0.6577 -0.4761 -0.5837
vn -0.7913 -0.5119 -0.3343
vn -0.5357 -0.6998 -0.4725
vn -0.6664 -0.6516 -0.3623
vn -0.5027 -0.7444 -0.4396
vn -0.7965 -0.5548 -0.2405
vn -0.7256 -0.6046 -0.3284
vn -0.9423 -0.2754 -0.1902
vn -0.7041 -0.6474 -0.2916
vn -0.9762 -0.2141 -0.0360
vn -0.8174 -0.5232 -0.2411
vn -0.9962 -0.0506 0.0704
vn -0.9957 -0.0396 0.0834
vn -0.7192 0.6063 0.3394
vn -0.5361 0.7502 0.3872
vn -0.4628 0.8098 0.3606
vn -0.0499 0.9076 0.4170
vn -0.7848 0.5314 0.3189
vn -0.7583 0.5654 0.3244
vn -0.9349 0.2719 0.2279
vn -0.9955 -0.0241 0.0919
vn -0.9274 0.2744 0.2542
vn -0.5178 0.7408 0.4279
vn -0.9530 -0.2801 -0.1156
vn -0.9561 0.2431 0.1639
vn -0.8717 0.3917 0.2944
vn -0.1252 0.9166 0.3796
vn -0.9991 0.0426 0.0002
vn 0.8119 -0.5216 -0.2623
vn 0.9242 -0.3217 -0.2058
vn 0.9228 -0.3312 -0.1967
vn 0.9723 -0.1860 -0.1419
vn 0.9872 -0.0905 -0.1317
vn 0.7063 0.6064 0.3652
vn 0.5499 0.7967 0.2507
vn 0.2642 0.9168 0.2994
vn 0.7952 0.5533 0.2482
vn -0.5013 -0.6910 -0.5208
vn -0.0138 -0.8940 -0.4479
vn 0.6124 -0.7492 -0.2524
vn 0.7146 0.6688 0.2051
vn -0.9606 0.2772 -0.0209
vn -0.9805 -0.1853 -0.0654
vn -0.9376 -0.3347 -0.0939
vn -0.9705 0.2384 0.0370
vn -0.9707 -0.2273 -0.0777
vn -0.9948 0.0418 -0.0924
vn -0.9533 0.0844 -0.2899
vn -0.9629 0.0101 -0.2696
vn -0.9705 -0.0693 -0.2310
vn -0.9884 0.1070 0.1076
vn -0.9747 0.2105 -0.0753
vn -0.8802 0.4347 0.1905
vn -0.9935 -0.0143 -0.1127
vn 0.9970 0.0231 -0.0740
vn -0.0751 0.0121 -0.9971
vn -0.1893 0.2379 -0.9527
vn -0.1630 0.3787 -0.9111
vn -0.3127 0.5608 -0.7666
vn -0.2602 0.3145 -0.9129
vn -0.5202 0.4674 -0.7148
vn -0.5911 0.6200 -0.5160
vn -0.7876 0.4008 -0.4681
vn -0.7722 0.5287 -0.3525
vn -0.8634 0.3732 -0.3394
vn -0.5775 0.4023 -0.7104
vn -0.6733 0.3493 -0.6516
vn -0.8932 0.2310 -0.3859
vn -0.7588 0.1365 -0.6368
vn -0.9181 0.0392 -0.3944
vn -0.0195 -0.2939 -0.9556
vn -0.2109 -0.2761 -0.9377
vn -0.1138 -0.3345 -0.9355
vn -0.3265 -0.3476 -0.8790
vn -0.0144 -0.3273 -0.9448
vn -0.2024 -0.4304 -0.8796
vn -0.2250 -0.2863 -0.9314
vn -0.0312 -0.3411 -0.9395
vn 0.0686 -0.1449 -0.9871
vn 0.0069 -0.2925 -0.9562
vn 0.0818 -0.0103 -0.9966
vn -0.0381 0.0035 -0.9993
vn -0.2780 0.1178 -0.9533
vn 0.0130 0.4612 -0.8872
vn -0.3701 0.6787 -0.6344
vn -0.3673 0.6881 -0.6258
vn -0.0999 0.7888 -0.6065
vn -0.4340 0.8634 -0.2574
vn -0.7089 0.6499 -0.2742
vn -0.5121 0.8263 -0.2344
vn -0.7550 0.5973 -0.2705
vn 0.1933 -0.0166 -0.9810
vn 0.1795 0.0338 -0.9832
vn 0.1593 0.0071 -0.9872
vn 0.1967 -0.4346 -0.8789
vn 0.0084 -0.9819 -0.1890
vn 0.0927 -0.7557 -0.6483
vn 0.0502 -0.9007 -0.4316
vn -0.1037 -0.6293 0.7702
vn -0.1030 -0.7798 0.6175
vn -0.1832 -0.5863 0.7891
vn -0.1640 -0.6764 0.7180
vn -0.0325 -0.9988 0.0359
vn -0.0439 -0.9948 0.0915
vn 0.0139 -0.9908 -0.1349
vn 0.1457 -0.9780 -0.1495
vn 0.6625 -0.6238 -0.4147
vn 0.6821 -0.1885 -0.7066
vn 0.4393 -0.6500 -0.6201
vn 0.2016 -0.1830 -0.9622
vn 0.2190 -0.0090 -0.9757
vn 0.2246 -0.1546 -0.9621
vn 0.1421 -0.2287 -0.9631
vn 0.1607 -0.2049 -0.9655
vn 0.2202 -0.1522 -0.9635
vn 0.0575 -0.3268 -0.9434
vn 0.0115 -0.3928 -0.9196
vn 0.0818 -0.4726 -0.8774
vn -0.0641 -0.5769 -0.8143
vn -0.0576 -0.5025 -0.8626
vn -0.0961 -0.6365 -0.7653
vn 0.1318 0.0640 -0.9892
vn 0.2402 0.0077 -0.9707
vn 0.1341 0.1040 -0.9855
vn 0.0987 0.1328 -0.9862
vn -0.1186 -0.0870 -0.9891
vn -0.0228 0.2154 -0.9763
vn -0.3593 0.4486 -0.8183
vn -0.5956 0.6104 -0.5223
vn -0.4661 0.8024 -0.3727
vn -0.3544 0.7049 -0.6144
vn -0.3384 0.8635 -0.3739
vn -0.3188 0.9266 -0.1993
vn -0.4243 0.8923 -0.1541
vn -0.7653 0.5700 -0.2992
vn -0.8251 0.5220 -0.2164
vn -0.9548 0.1710 -0.2430
vn -0.9723 -0.0830 -0.2185
vn -0.9185 -0.2179 -0.3300
vn -0.5519 -0.3317 -0.7651
vn -0.8653 -0.3114 -0.3927
vn -0.4990 -0.3708 -0.7833
vn -0.5432 -0.3909 -0.7430
vn -0.8908 -0.2584 -0.3737
vn -0.6295 -0.3774 -0.6792
vn -0.8865 -0.2377 -0.3971
vn -0.9307 -0.2462 -0.2706
vn -0.9341 -0.2557 -0.2490
vn -0.9136 -0.2456 -0.3241
vn -0.8887 -0.2368 -0.3927
vn -0.8174 -0.2785 -0.5043
vn -0.8551 -0.2884 -0.4309
vn -0.8187 -0.1242 -0.5606
vn -0.9393 -0.1260 -0.3190
vn -0.9110 0.0761 -0.4054
vn -0.8950 -0.1189 -0.4299
vn -0.9515 0.0302 -0.3062
vn -0.8328 0.2468 -0.4955
vn -0.7491 0.2325 -0.6203
vn -0.9505 -0.1579 -0.2676
vn -0.9567 0.0527 -0.2861
vn -0.1618 0.8488 -0.5034
vn -0.5254 0.7184 -0.4559
vn -0.3976 0.8713 -0.2878
vn -0.7831 0.1353 -0.6070
vn -0.7390 0.5838 -0.3364
vn -0.1252 -0.1733 -0.9769
vn -0.7204 -0.1541 -0.6762
vn -0.1063 -0.3143 -0.9434
vn -0.0023 -0.4225 -0.9064
vn -0.9124 -0.2858 -0.2929
vn -0.9458 -0.2260 -0.2333
vn -0.8995 -0.2795 -0.3359
vn -0.9287 -0.0910 -0.3594
vn -0.9123 -0.1697 -0.3726
vn -0.7034 -0.2678 -0.6584
vn -0.5846 -0.3293 -0.7415
vn -0.8775 -0.2451 -0.4123
vn -0.6714 -0.3568 -0.6496
vn -0.2104 -0.4064 -0.8891
vn -0.4943 0.1979 -0.8464
vn -0.5490 0.4596 -0.6981
vn -0.4271 -0.3675 -0.8261
vn -0.5165 -0.3509 -0.7811
vn -0.2818 -0.3093 -0.9082
vn 0.0160 -0.3495 -0.9368
vn -0.2497 -0.3307 -0.9101
vn -0.0282 -0.2434 -0.9695
vn 0.1690 -0.2484 -0.9538
vn 0.2865 -0.1976 -0.9375
vn 0.0453 0.0059 -0.9990
vn 0.1281 -0.0379 -0.9910
vn 0.0833 -0.0531 -0.9951
vn 0.0622 -0.1174 -0.9911
vn 0.1438 0.1278 -0.9813
vn 0.1968 0.3117 -0.9296
vn 0.2734 0.4525 -0.8488
vn 0.1996 0.1450 -0.9691
vn -0.0305 0.9250 -0.3788
vn 0.0599 0.9095 -0.4113
vn 0.0316 0.8102 -0.5853
vn 0.0467 0.7176 -0.6949
vn 0.0766 0.6305 -0.7724
vn 0.1068 0.4132 -0.9043
vn -0.0840 0.2520 -0.9641
vn -0.7539 0.0109 -0.6569
vn -0.4865 0.2654 -0.8324
vn -0.6996 -0.2131 -0.6821
vn -0.7027 -0.3267 -0.6321
vn -0.8096 -0.3247 -0.4890
vn -0.4482 0.1122 -0.8869
vn -0.5978 -0.0693 -0.7986
vn 0.0097 -0.0592 -0.9982
vn -0.0925 0.0073 -0.9957
vn -0.2201 0.0969 -0.9706
vn -0.0201 0.0096 -0.9998
vn -0.1357 -0.0869 -0.9869
vn -0.4544 -0.0880 -0.8864
vn -0.4689 -0.0006 -0.8832
vn 0.1333 0.2993 -0.9448
vn 0.2321 0.3273 -0.9159
vn 0.0872 0.4246 -0.9011
vn 0.1308 0.3195 -0.9385
vn 0.2035 0.8350 -0.5113
vn 0.1524 0.9027 -0.4023
vn 0.2116 0.6895 -0.6927
vn 0.2957 0.5388 -0.7889
vn 0.3688 0.6671 -0.6473
vn 0.3444 0.3934 -0.8524
vn 0.2522 0.2146 -0.9436
vn 0.1757 0.6438 -0.7448
vn 0.2703 0.7843 -0.5584
vn 0.1356 -0.0720 -0.9882
vn 0.1975 -0.1295 -0.9717
vn 0.2048 -0.1688 -0.9641
vn 0.1674 -0.1848 -0.9684
vn 0.1750 -0.2010 -0.9638
vn 0.0974 0.0166 -0.9951
vn 0.1401 -0.0643 -0.9881
vn 0.1098 -0.1069 -0.9882
vn 0.2251 -0.1429 -0.9638
vn 0.1355 -0.3239 -0.9363
vn 0.0585 -0.3416 -0.9380
vn 0.0850 -0.2481 -0.9650
vn 0.0874 -0.2432 -0.9660
vn 0.0141 -0.3341 -0.9424
vn -0.1829 -0.4199 -0.8890
vn 0.1987 -0.2321 -0.9522
vn 0.1509 -0.1374 -0.9790
vn 0.1435 -0.3247 -0.9349
vn -0.4095 -0.3401 -0.8465
vn 0.2370 -0.2310 -0.9437
vn 0.3120 -0.2097 -0.9267
vn 0.1669 -0.1317 -0.9771
vn -0.0945 -0.4669 -0.8793
vn 0.1853 -0.2594 -0.9478
vn 0.0743 -0.3337 -0.9398
vn 0.2132 -0.2274 -0.9502
vn -0.1218 -0.5127 -0.8499
vn -0.1515 -0.3131 -0.9375
vn -0.3240 -0.4225 -0.8465
vn 0.0447 -0.9978 -0.0484
vn 0.3560 -0.9318 -0.0710
vn 0.3567 -0.9271 -0.1152
vn 0.3807 -0.8147 -0.4375
vn 0.3000 -0.9254 -0.2314
vn 0.5496 -0.7660 -0.3334
vn 0.7115 -0.5710 -0.4095
vn 0.6833 -0.7060 -0.1861
vn 0.3936 -0.9113 -0.1213
vn 0.7320 -0.6336 -0.2504
vn -0.0605 -0.9980 0.0201
vn 0.5539 -0.6010 -0.5763
vn 0.5130 -0.8032 -0.3028
vn 0.2568 -0.8731 -0.4145
vn 0.6724 -0.5770 -0.4636
vn 0.2886 -0.5611 -0.7758
vn 0.1222 -0.3816 -0.9162
vn 0.1484 -0.7037 -0.6948
vn 0.1598 -0.6297 -0.7602
vn 0.0747 -0.3482 -0.9344
vn 0.2721 -0.5414 -0.7955
vn -0.2579 -0.9487 0.1829
vn -0.0898 -0.9944 0.0555
vn -0.2214 -0.9652 0.1395
vn 0.1135 -0.8144 -0.5690
vn 0.1284 -0.9412 -0.3126
vn 0.3781 -0.7081 -0.5964
vn 0.1275 -0.9585 -0.2549
vn 0.0498 -0.9987 -0.0085
vn 0.0407 -0.9992 -0.0062
vn -0.0647 -0.9590 0.2759
vn 0.0694 -0.9923 0.1029
vn -0.3327 -0.9286 0.1644
vn -0.1040 -0.9652 0.2401
vn -0.2583 -0.7688 0.5850
vn -0.1814 -0.9365 0.3000
vn 0.0509 -0.9450 0.3230
vn 0.0107 -0.9952 0.0974
vn 0.8392 -0.4907 -0.2344
vn 0.8205 -0.5169 -0.2442
vn 0.7011 -0.6395 -0.3154
vn 0.4610 -0.6025 -0.6515
vn 0.5912 -0.6142 -0.5227
vn 0.8074 -0.3688 -0.4604
vn 0.5984 -0.5014 -0.6249
vn 0.7006 -0.4959 -0.5132
vn 0.7373 -0.4273 -0.5233
vn 0.7163 -0.3604 -0.5975
vn 0.7615 -0.2509 -0.5977
vn 0.5940 -0.1010 -0.7981
vn 0.5966 -0.3597 -0.7174
vn 0.6287 -0.2678 -0.7301
vn 0.5304 -0.0054 -0.8477
vn 0.2714 -0.0256 -0.9621
vn 0.1618 -0.1681 -0.9724
vn 0.2011 -0.1404 -0.9695
vn 0.3943 0.0656 -0.9166
vn 0.4665 -0.0068 -0.8845
vn 0.3718 0.0467 -0.9272
vn 0.4340 0.0426 -0.8999
vn 0.4223 0.2764 -0.8633
vn 0.3556 0.3233 -0.8770
vn 0.4070 0.1558 -0.9000
vn 0.4718 0.1745 -0.8643
vn 0.5449 0.3528 -0.7607
vn 0.4999 0.2706 -0.8227
vn 0.7823 0.1775 -0.5971
vn 0.6301 0.3069 -0.7133
vn 0.7317 0.4373 -0.5229
vn 0.8582 0.2571 -0.4444
vn 0.7451 0.2764 -0.6070
vn 0.9526 0.2921 0.0854
vn 0.9511 0.3088 0.0028
vn 0.9232 0.3778 0.0706
vn 0.4922 0.5685 -0.6592
vn 0.5224 0.6341 -0.5701
vn 0.5126 0.5536 -0.6563
vn 0.2077 0.7963 -0.5681
vn 0.3484 0.7959 -0.4952
vn 0.3885 0.6914 -0.6091
vn 0.1719 0.6101 -0.7735
vn 0.2682 0.4885 -0.8303
vn 0.2470 0.3329 -0.9100
vn 0.0931 0.2011 -0.9751
vn 0.0412 0.0863 -0.9954
vn 0.1451 0.2120 -0.9664
vn 0.0896 0.3059 -0.9478
vn 0.1086 0.6985 -0.7073
vn 0.1716 0.8546 -0.4900
vn 0.1642 0.5956 -0.7863
vn 0.1441 0.7943 -0.5902
vn 0.0594 0.4142 -0.9083
vn -0.1706 0.4685 -0.8668
vn 0.0726 0.5999 -0.7968
vn 0.0484 0.5198 -0.8529
vn 0.0275 0.3323 -0.9428
vn 0.1544 0.4906 -0.8576
vn 0.1879 0.1834 -0.9649
vn 0.3190 0.2404 -0.9168
vn 0.3115 0.3892 -0.8669
vn 0.3344 0.2946 -0.8952
vn 0.3617 0.3911 -0.8463
vn 0.3274 0.3554 -0.8755
vn 0.3580 0.5606 -0.7467
vn 0.4028 0.7176 -0.5682
vn 0.3950 0.7711 -0.4994
vn 0.4443 0.6399 -0.6270
vn 0.5029 0.7061 -0.4986
vn 0.2492 0.8418 -0.4789
vn 0.0653 0.3163 -0.9464
vn 0.4019 0.5951 -0.6959
vn 0.3222 0.5150 -0.7943
vn 0.3614 0.5297 -0.7673
vn 0.3828 0.2527 -0.8886
vn 0.5665 0.3496 -0.7462
vn 0.5471 0.5942 -0.5896
vn 0.5336 0.4911 -0.6886
vn 0.4992 0.2003 -0.8430
vn 0.4243 0.3640 -0.8291
vn 0.3819 0.6844 -0.6212
vn 0.1417 0.2879 -0.9471
vn 0.1029 0.2394 -0.9654
vn 0.1608 0.2904 -0.9433
vn 0.6060 0.5854 -0.5386
vn 0.4150 0.4856 -0.7694
vn 0.4811 0.4625 -0.7447
vn 0.5865 0.6985 -0.4100
vn 0.5413 0.7580 -0.3638
vn 0.5890 0.5545 -0.5879
vn 0.3523 0.3332 -0.8745
vn 0.3946 0.5148 -0.7611
vn 0.7029 0.5225 -0.4825
vn 0.6486 0.4958 -0.5775
vn 0.8125 0.4444 -0.3773
vn 0.6151 0.7439 -0.2614
vn 0.5376 0.8421 -0.0424
vn 0.6142 0.7702 -0.1721
vn 0.5045 0.8536 -0.1300
vn 0.4483 0.4889 0.7483
vn 0.3859 0.5626 0.7311
vn 0.3262 0.4288 0.8425
vn 0.4500 0.8839 0.1275
vn 0.4251 0.9006 0.0910
vn 0.3630 0.9079 0.2099
vn 0.1706 0.9843 -0.0447
vn 0.2947 0.9555 -0.0101
vn 0.3772 0.9210 -0.0969
vn 0.5919 0.6765 0.4382
vn 0.5245 0.7913 0.3141
vn 0.3524 0.7623 0.5428
vn 0.4108 0.8657 0.2859
vn 0.5125 0.8537 0.0927
vn 0.4312 0.9022 -0.0083
vn 0.2702 0.9502 -0.1555
vn 0.3811 0.8909 -0.2470
vn 0.2704 0.8894 -0.3687
vn 0.3045 0.8130 -0.4962
vn 0.3872 0.8050 -0.4495
vn 0.2824 0.8205 -0.4970
vn 0.2694 0.6485 -0.7119
vn 0.0138 0.9935 -0.1129
vn 0.0354 0.9992 -0.0186
vn 0.1610 0.9685 -0.1902
vn 0.0909 0.9020 -0.4220
vn 0.2362 0.8139 -0.5309
vn 0.0485 0.8368 -0.5453
vn 0.1086 0.9510 -0.2895
vn -0.0119 0.9542 -0.2989
vn -0.0386 0.7634 -0.6447
vn -0.0370 0.7878 -0.6148
vn 0.1283 0.8164 -0.5631
vn -0.0111 0.7169 -0.6971
vn 0.0509 0.4277 -0.9025
vn -0.1734 0.5982 -0.7824
vn 0.1736 0.2098 -0.9622
vn 0.1399 0.2861 -0.9479
vn -0.0787 0.3555 -0.9314
vn -0.0168 0.2516 -0.9677
vn -0.2084 0.4563 -0.8650
vn -0.0163 0.4657 -0.8848
vn -0.0531 0.3744 -0.9257
vn 0.0354 0.3959 -0.9176
vn -0.0328 0.2040 -0.9784
vn -0.0330 0.2600 -0.9650
vn -0.0396 0.4367 -0.8987
vn -0.4047 0.7482 -0.5258
vn -0.2255 0.8870 -0.4029
vn -0.1306 0.7063 -0.6957
vn -0.0143 0.5931 -0.8050
vn -0.1144 0.8024 -0.5856
vn -0.0972 0.6754 -0.7311
vn 0.0141 0.6823 -0.7309
vn -0.1650 0.7396 -0.6525
vn -0.0499 0.6127 -0.7887
vn -0.1016 0.6503 -0.7529
vn -0.0537 0.6298 -0.7749
vn 0.0089 0.7695 -0.6386
vn 0.0789 0.6686 -0.7394
vn -0.1836 0.6838 -0.7062
vn 0.0990 0.6569 -0.7474
vn -0.1043 0.7206 -0.6855
vn 0.0179 0.8516 -0.5239
vn -0.0632 0.7793 -0.6235
vn 0.0301 0.7554 -0.6546
vn 0.0585 0.8459 -0.5301
vn 0.0387 0.7178 -0.6952
vn -0.1728 0.7604 -0.6260
vn -0.0666 0.6979 -0.7131
vn -0.3043 0.7859 -0.5383
vn -0.2458 0.7707 -0.5879
vn -0.1430 0.8861 -0.4409
vn -0.0725 0.9283 -0.3646
vn -0.1508 0.9540 -0.2593
vn -0.0950 0.9836 -0.1534
vn -0.2395 0.9117 -0.3339
vn 0.0711 0.8824 -0.4651
vn -0.0945 0.9953 -0.0224
vn -0.1504 0.9885 -0.0124
vn -0.1178 0.9887 0.0927
vn 0.0271 0.8986 0.4379
vn 0.0408 0.7616 0.6468
vn 0.0744 0.7788 0.6229
vn 0.2657 0.5785 0.7712
vn 0.1930 0.3012 0.9338
vn 0.2677 0.2113 0.9400
vn -0.0342 0.6295 0.7763
vn -0.1377 0.5453 0.8269
vn -0.2592 0.6272 0.7345
vn -0.1387 0.7018 0.6987
vn 0.0950 0.2247 0.9698
vn 0.0007 0.3732 0.9277
vn -0.0740 0.1257 0.9893
vn 0.0336 0.1235 0.9918
vn -0.0136 0.2481 0.9686
vn -0.0455 0.0890 0.9950
vn 0.0624 0.1050 0.9925
vn -0.1774 0.2536 0.9509
vn 0.1245 0.0172 0.9921
vn -0.2467 0.1764 0.9529
vn -0.3404 0.4001 0.8509
vn -0.4745 0.3218 0.8193
vn -0.6432 -0.0985 0.7594
vn -0.2042 -0.3113 0.9281
vn -0.0726 -0.3339 0.9398
vn -0.0411 -0.3511 0.9354
vn 0.2350 0.0486 0.9708
vn 0.2821 -0.0198 0.9592
vn -0.0769 0.0194 0.9969
vn -0.2152 0.0260 0.9762
vn -0.0725 0.0301 0.9969
vn 0.2804 0.0904 0.9556
vn 0.3331 0.1491 0.9310
vn 0.3697 -0.0493 0.9278
vn 0.1630 -0.2575 0.9524
vn 0.1362 -0.2467 0.9595
vn 0.0789 -0.2994 0.9509
vn -0.0706 -0.5187 0.8521
vn 0.2207 -0.4061 0.8868
vn -0.1923 -0.4963 0.8466
vn 0.0013 -0.6152 0.7884
vn -0.1742 -0.6322 0.7549
vn 0.0219 -0.5657 0.8243
vn -0.1200 -0.5195 0.8460
vn 0.0400 -0.2637 0.9638
vn -0.0806 -0.0072 0.9967
vn -0.2598 -0.2664 0.9282
vn -0.4027 -0.0785 0.9120
vn -0.3639 0.1915 0.9116
vn -0.3393 0.0462 0.9395
vn -0.2555 0.1798 0.9499
vn -0.3643 0.0801 0.9278
vn -0.1716 0.1018 0.9799
vn -0.6212 0.1305 0.7727
vn -0.7058 0.0917 0.7025
vn -0.6577 -0.0135 0.7532
vn -0.7925 0.2925 0.5351
vn -0.7368 -0.1144 0.6664
vn -0.7969 -0.0796 0.5988
vn -0.7976 -0.3393 0.4987
vn -0.8512 -0.1582 0.5005
vn -0.8093 -0.5130 0.2861
vn -0.8934 -0.3304 0.3043
vn -0.8805 -0.3030 0.3646
vn -0.7874 -0.5533 0.2717
vn -0.8144 -0.5552 0.1689
vn -0.8141 -0.5644 0.1369
vn -0.8235 -0.5659 0.0401
vn -0.7966 -0.6045 -0.0087
vn -0.8793 -0.3785 -0.2890
vn -0.8789 -0.4188 -0.2285
vn -0.8656 -0.3458 -0.3622
vn -0.7875 -0.3506 -0.5068
vn -0.9158 0.2050 -0.3455
vn -0.9105 0.2170 -0.3520
vn -0.8613 0.1544 -0.4841
vn -0.6479 0.1624 -0.7442
vn -0.4469 -0.2075 -0.8702
vn -0.4273 0.1117 -0.8972
vn -0.2710 -0.1301 -0.9538
vn -0.1953 0.0969 -0.9760
vn -0.1115 -0.0137 -0.9937
vn -0.1176 0.4686 -0.8755
vn -0.1028 0.5225 -0.8464
vn 0.0363 0.3690 -0.9287
vn -0.1599 0.3840 -0.9094
vn -0.2224 0.2873 -0.9317
vn -0.1042 0.3085 -0.9455
vn -0.1741 0.2173 -0.9605
vn -0.2117 0.2148 -0.9534
vn -0.1460 0.2028 -0.9683
vn -0.1493 0.1734 -0.9735
vn -0.2538 0.1495 -0.9556
vn -0.4968 0.2755 -0.8230
vn -0.7338 0.6005 -0.3179
vn -0.8418 -0.4114 -0.3495
vn -0.9106 -0.2915 -0.2930
vn -0.8158 -0.5530 -0.1691
vn -0.9338 -0.3298 -0.1390
vn -0.9365 0.3231 -0.1362
vn -0.9403 0.3401 0.0090
vn -0.9783 0.2069 0.0131
vn -0.9167 0.3253 0.2321
vn -0.9336 0.2871 0.2144
vn -0.9103 0.2228 0.3490
vn -0.8830 -0.1074 0.4569
vn -0.8732 -0.3331 0.3558
vn -0.6699 -0.6878 0.2796
vn -0.7290 -0.6184 0.2936
vn -0.6241 -0.7582 0.1887
vn -0.8718 -0.4828 0.0827
vn -0.7063 -0.6841 0.1822
vn -0.8694 -0.4050 0.2829
vn -0.9999 -0.0122 -0.0027
vn -0.9733 0.2118 0.0886
vn -0.9737 0.1982 -0.1121
vn -0.9479 0.3180 -0.0206
vn -0.9206 0.3899 -0.0213
vn -0.9065 0.4168 -0.0679
vn -0.9820 0.1168 0.1486
vn -0.9836 0.0725 0.1651
vn -0.8755 0.4475 0.1824
vn -0.9563 0.2141 0.1992
vn -0.8905 0.4028 0.2114
vn -0.9533 0.1655 0.2525
vn -0.9661 -0.0961 0.2395
vn -0.5658 -0.8179 0.1041
vn -0.7526 -0.5581 0.3495
vn -0.8720 0.3244 0.3667
vn -0.9458 0.1340 0.2960
vn -0.8875 -0.3571 0.2912
vn -0.8683 -0.1870 0.4594
vn -0.8311 -0.4351 0.3465
vn -0.9088 -0.2049 0.3635
vn -0.9067 -0.4098 0.0999
vn -0.9389 -0.3410 0.0462
vn -0.9773 -0.1899 0.0944
vn -0.9986 0.0401 -0.0331
vn -0.9670 0.0931 -0.2370
vn -0.9988 0.0324 -0.0357
vn -0.9735 -0.0521 -0.2229
vn -0.9917 -0.0297 -0.1251
vn -0.9892 -0.1391 -0.0469
vn -0.9607 -0.2132 0.1778
vn -0.9633 -0.2683 0.0072
vn -0.8555 -0.5178 -0.0011
vn -0.8617 -0.4929 0.1204
vn -0.8372 -0.5463 0.0230
vn -0.9476 0.0737 -0.3110
vn -0.9135 -0.4067 -0.0046
vn -0.9595 -0.2786 0.0426
vn -0.9042 -0.4175 0.0902
vn -0.9325 -0.3453 0.1056
vn -0.9400 -0.3402 -0.0269
vn -0.9363 -0.3169 -0.1515
vn -0.9756 -0.2016 -0.0871
vn -0.9440 -0.2897 -0.1577
vn -0.8015 -0.5243 -0.2875
vn -0.8834 -0.3228 -0.3397
vn -0.9299 -0.1877 -0.3164
vn -0.8651 -0.4592 -0.2020
vn -0.9312 -0.2221 0.2891
vn -0.8894 -0.4237 0.1719
vn -0.6385 -0.7379 0.2184
vn -0.7983 -0.4522 0.3979
vn -0.5459 -0.8375 0.0254
vn -0.7127 -0.5366 0.4518
vn -0.5198 -0.8228 0.2299
vn -0.3110 -0.8693 0.3840
vn 0.0718 -0.9620 0.2633
vn -0.1073 -0.9155 0.3877
vn -0.3576 -0.8438 0.4002
vn -0.1968 -0.7380 0.6454
vn -0.1938 -0.6824 0.7048
vn -0.0677 -0.1796 0.9814
vn -0.3950 -0.3210 0.8608
vn -0.3606 -0.3419 0.8678
vn 0.4735 0.4737 0.7426
vn 0.2613 0.4978 0.8270
vn 0.5462 0.3418 0.7647
vn 0.0378 0.7025 0.7107
vn 0.2133 0.5846 0.7828
vn 0.1907 0.6836 0.7045
vn -0.3357 0.7268 0.5993
vn -0.1043 0.7801 0.6169
vn -0.1694 0.8564 0.4877
vn -0.5548 0.0183 0.8318
vn -0.3091 0.0414 0.9501
vn -0.4254 0.3539 0.8329
vn -0.6292 0.3513 0.6933
vn -0.4392 0.4865 0.7553
vn -0.5748 0.4861 0.6583
vn -0.7139 0.4151 0.5640
vn -0.5546 0.5619 0.6137
vn -0.6997 -0.7052 -0.1148
vn -0.9223 -0.3731 -0.1013
vn -0.7956 -0.5707 0.2034
vn -0.4671 -0.8752 -0.1258
vn -0.2726 -0.9549 0.1178
vn -0.2518 -0.9397 0.2315
vn -0.4158 -0.8966 0.1523
vn -0.5908 -0.7119 0.3798
vn -0.6983 -0.7068 0.1132
vn -0.9288 0.0550 0.3666
vn -0.8002 0.2204 0.5578
vn -0.8919 0.3376 0.3008
vn -0.8302 0.2907 0.4756
vn -0.9578 0.2745 0.0851
vn -0.9160 0.3333 0.2233
vn -0.9426 0.3198 0.0963
vn -0.9495 0.3094 0.0517
vn -0.8355 0.3056 0.4566
vn -0.7707 0.2879 0.5684
vn -0.7098 0.1180 0.6945
vn -0.9932 0.1157 0.0120
vn -0.9144 -0.4045 0.0130
vn -0.9936 -0.0968 0.0578
vn -0.9733 -0.1875 -0.1326
vn -0.3675 -0.9291 -0.0405
vn -0.5709 -0.8071 -0.1507
vn -0.8040 -0.5766 -0.1456
vn -0.3582 -0.9312 -0.0673
vn -0.8212 -0.5011 0.2732
vn -0.8949 -0.2712 0.3544
vn -0.7647 0.0338 0.6434
vn -0.8583 0.1716 0.4837
vn -0.8859 0.0375 0.4623
vn -0.7288 0.2235 0.6472
vn -0.7867 0.3071 0.5356
vn -0.7884 -0.0775 0.6103
vn -0.8334 -0.1433 0.5338
vn -0.8819 -0.3718 0.2898
vn -0.9982 0.0517 0.0296
vn -0.9886 0.1149 0.0973
vn -0.9609 0.2067 -0.1844
vn -0.9778 0.0306 0.2074
vn -0.9527 -0.2924 0.0830
vn -0.9969 0.0777 -0.0090
vn -0.9522 -0.2267 0.2049
vn -0.9683 -0.1614 0.1909
vn -0.9663 -0.2235 0.1279
vn -0.9653 -0.1445 0.2175
vn -0.9927 -0.1202 -0.0028
vn -0.1967 0.6906 0.6960
vn -0.4429 0.7335 0.5155
vn -0.5395 0.6281 0.5608
vn -0.9283 0.2612 0.2645
vn -0.7426 0.5112 0.4327
vn -0.8789 0.2219 0.4222
vn -0.6058 0.6385 0.4747
vn -0.7037 0.4947 0.5100
vn -0.3162 0.8346 0.4511
vn -0.5793 0.6989 0.4195
vn -0.9909 -0.0108 0.1344
vn -0.8391 0.3901 0.3791
vn -0.9934 -0.1131 -0.0194
vn -0.9510 0.3076 -0.0316
vn -0.9317 0.2421 0.2707
vn -0.9935 0.1047 0.0455
vn -0.9071 0.4074 0.1060
vn -0.9884 0.1487 -0.0309
vn -0.9829 0.1709 0.0684
vn -0.2464 0.5278 0.8128
vn -0.0883 0.6082 0.7889
vn -0.3728 0.6125 0.6971
vn 0.0134 0.5181 0.8552
vn -0.1099 0.3548 0.9285
vn -0.9731 -0.0320 0.2283
vn -0.9353 0.3290 -0.1306
vn -0.9814 -0.0740 0.1771
vn -0.9295 -0.3628 -0.0667
vn -0.9915 0.0670 -0.1113
vn -0.8348 -0.2216 -0.5040
vn -0.9194 0.0533 -0.3897
vn -0.8569 -0.0125 -0.5154
vn -0.8562 0.1962 -0.4780
vn -0.6240 -0.0285 -0.7809
vn -0.4930 -0.1459 -0.8577
vn -0.5052 -0.2722 -0.8190
vn -0.4118 -0.1921 -0.8908
vn -0.2769 -0.0930 -0.9564
vn -0.7201 -0.2878 -0.6314
vn -0.7087 -0.2728 -0.6507
vn -0.8375 0.0222 -0.5460
vn -0.7384 -0.4546 -0.4981
vn -0.9496 -0.2620 -0.1720
vn -0.9047 -0.2541 -0.3419
vn -0.9316 0.2374 -0.2753
vn -0.9193 0.2965 -0.2586
vn -0.9085 0.2484 -0.3360
vn -0.8936 0.2851 -0.3468
vn -0.9373 0.1200 -0.3273
vn -0.9627 -0.0041 -0.2705
vn -0.6955 -0.6725 -0.2530
vn -0.8942 -0.1052 -0.4351
vn -0.8702 0.2650 -0.4154
vn -0.8332 0.3321 -0.4420
vn -0.7513 0.4055 -0.5206
vn -0.6392 0.3978 -0.6581
vn -0.7161 0.3165 -0.6221
vn -0.8949 0.2100 -0.3938
vn -0.7573 0.1543 -0.6346
vn -0.6782 0.3544 -0.6438
vn -0.7336 0.4160 -0.5374
vn -0.6894 0.3675 -0.6243
vn -0.5506 -0.3636 -0.7514
vn -0.5628 -0.3089 -0.7667
vn -0.5190 -0.3365 -0.7857
vn -0.5556 -0.2654 -0.7879
vn -0.6125 -0.4452 -0.6532
vn -0.6609 -0.1484 -0.7356
vn -0.6676 -0.3921 -0.6329
vn -0.7034 -0.4246 -0.5701
vn -0.6823 -0.5863 -0.4366
vn -0.7537 -0.4655 -0.4638
vn -0.9360 -0.0804 -0.3427
vn -0.8065 -0.5163 -0.2880
vn 0.0670 0.0599 -0.9960
vn 0.0778 0.2100 -0.9746
vn 0.2400 0.1215 -0.9632
vn 0.0789 0.1145 -0.9903
vn 0.1454 0.9399 -0.3088
vn 0.2326 0.9484 -0.2156
vn 0.2404 0.9453 -0.2203
vn 0.2432 0.9699 -0.0094
vn 0.3105 0.9499 0.0370
vn 0.3399 0.9345 -0.1060
vn -0.2787 0.9013 0.3318
vn -0.1076 0.9450 0.3090
vn -0.3023 0.8713 0.3866
vn -0.1580 0.8957 0.4156
vn -0.1141 0.7676 0.6307
vn -0.2414 0.7757 0.5831
vn -0.1294 0.6321 0.7640
vn 0.1828 0.5508 0.8144
vn -0.0354 0.5525 0.8328
vn 0.0729 0.4991 0.8635
vn 0.2352 0.5805 0.7795
vn 0.2707 0.4156 0.8683
vn 0.0734 0.5877 0.8058
vn 0.1764 0.5060 0.8443
vn 0.3125 0.5425 0.7798
vn 0.1687 0.5362 0.8271
vn 0.2353 0.4054 0.8833
vn 0.1900 0.4401 0.8776
vn 0.3525 0.6565 0.6669
vn 0.1797 0.9836 0.0149
vn 0.1838 0.9598 0.2123
vn -0.1169 0.9912 0.0619
vn 0.0154 0.9969 -0.0772
vn -0.1810 0.9789 -0.0947
vn -0.0659 0.9701 -0.2334
vn -0.2062 0.9366 -0.2832
vn -0.1445 0.9079 -0.3935
vn 0.1329 0.8326 -0.5377
vn -0.0899 0.8562 -0.5088
vn -0.0491 0.8195 -0.5709
vn 0.1398 0.7304 -0.6685
vn 0.0281 0.6571 -0.7533
vn 0.1905 0.6507 -0.7351
vn 0.0289 0.6337 -0.7730
vn -0.0310 0.4607 -0.8870
vn 0.0308 0.4505 -0.8923
vn -0.1238 0.3952 -0.9102
vn 0.0452 0.5685 -0.8214
vn -0.0205 0.7616 -0.6477
vn 0.0040 0.9392 -0.3435
vn -0.1614 0.9777 -0.1341
vn -0.1986 0.9797 0.0286
vn 0.0509 0.6469 0.7608
vn -0.0508 0.9892 0.1374
vn -0.1371 0.9608 0.2409
vn -0.0766 0.9378 0.3387
vn 0.0503 0.9633 0.2638
vn -0.2088 0.9719 -0.1087
vn -0.2235 0.9493 -0.2213
vn -0.1859 0.8371 -0.5145
vn -0.1258 0.8168 -0.5631
vn -0.3132 0.7412 -0.5937
vn -0.0202 0.8155 -0.5785
vn -0.1982 0.8370 -0.5101
vn -0.0777 0.7736 -0.6289
vn -0.1615 0.6683 -0.7261
vn -0.1765 0.6754 -0.7160
vn -0.1224 0.6463 -0.7532
vn -0.1023 0.6086 -0.7869
vn 0.0456 0.6270 -0.7777
vn 0.0332 0.4827 -0.8752
vn -0.0468 0.7142 -0.6983
vn -0.0242 0.7698 -0.6378
vn -0.1276 0.7560 -0.6420
vn -0.1148 0.7083 -0.6965
vn 0.0793 0.6204 -0.7803
vn -0.4589 0.5711 -0.6807
vn -0.0457 0.5410 -0.8398
vn 0.0669 0.4313 -0.8997
vn -0.0239 0.7958 -0.6051
vn 0.1439 0.8436 -0.5174
vn 0.1002 0.7056 -0.7015
vn 0.3050 0.6694 -0.6775
vn 0.1587 0.5383 -0.8277
vn 0.1119 0.5683 -0.8152
vn 0.1966 0.7128 -0.6733
vn 0.0721 0.8963 -0.4376
vn -0.0794 0.9369 -0.3405
vn 0.0359 0.7952 -0.6053
vn 0.4091 0.6572 -0.6330
vn 0.3784 0.8089 -0.4499
vn 0.2336 0.8758 -0.4224
vn 0.0613 0.9085 -0.4133
vn 0.1126 0.9557 -0.2718
vn 0.7440 0.3365 -0.5773
vn 0.6271 0.4122 -0.6609
vn 0.5319 0.3747 -0.7594
vn 0.3968 0.7700 -0.4997
vn 0.1926 0.9668 0.1679
vn 0.5566 0.7695 -0.3132
vn 0.6476 0.7205 -0.2480
vn 0.3308 0.9400 -0.0836
vn 0.3565 0.9213 0.1552
vn -0.1438 0.4581 -0.8772
vn -0.3251 0.4099 -0.8522
vn -0.3336 0.5857 -0.7387
vn -0.2400 0.6513 -0.7199
vn -0.3611 0.5988 -0.7149
vn -0.2734 0.5937 -0.7568
vn -0.1992 0.5842 -0.7868
vn -0.0599 0.5172 -0.8538
vn 0.0083 0.4776 -0.8785
vn -0.1783 0.7657 -0.6179
vn -0.1310 0.7227 -0.6786
vn -0.2517 0.7075 -0.6604
vn -0.1418 0.5695 -0.8097
vn 0.0016 0.6199 -0.7847
vn -0.0437 0.4046 -0.9134
vn -0.0108 0.3787 -0.9255
vn -0.1648 0.4365 -0.8845
vn 0.0136 0.3632 -0.9316
vn 0.1418 0.4256 -0.8937
vn -0.0385 0.6319 -0.7741
vn 0.1066 0.7677 -0.6319
vn 0.3835 0.3424 -0.8577
vn 0.4097 0.2420 -0.8796
vn 0.3224 0.1627 -0.9325
vn -0.9147 -0.0528 -0.4006
vn -0.5414 -0.1697 0.8235
vn -0.3945 -0.0349 0.9182
vn -0.4663 -0.1472 0.8723
vn -0.4807 -0.3051 0.8221
vn -0.4069 -0.4032 0.8197
vn -0.5840 -0.4684 0.6630
vn -0.5385 -0.3820 0.7510
vn -0.6515 -0.4804 0.5872
vn -0.7252 -0.5400 0.4272
vn -0.6347 -0.4849 0.6017
vn -0.7291 -0.5544 0.4014
vn -0.4550 -0.6398 0.6194
vn -0.5768 -0.6413 0.5060
vn -0.4851 -0.7390 0.4675
vn -0.6058 -0.6786 0.4155
vn -0.5283 -0.7694 0.3590
vn -0.6521 -0.6941 0.3049
vn -0.7121 -0.5406 0.4479
vn -0.7678 -0.5629 0.3059
vn -0.6003 -0.7308 0.3249
vn -0.4366 -0.8002 0.4112
vn -0.3720 -0.8518 0.3687
vn -0.2892 -0.8674 0.4050
vn -0.3577 -0.9242 -0.1339
vn -0.3142 -0.9492 -0.0184
vn -0.3183 -0.9353 -0.1545
vn -0.7287 0.6690 -0.1465
vn -0.9237 0.2651 -0.2765
vn -0.7280 0.5015 -0.4674
vn -0.4668 0.6994 -0.5413
vn -0.4751 0.5190 -0.7106
vn -0.3304 0.6298 -0.7029
vn -0.8431 0.1576 -0.5141
vn -0.7444 0.5538 -0.3730
vn -0.6216 0.2416 -0.7452
vn -0.5982 -0.2681 -0.7552
vn -0.4212 -0.0050 -0.9070
vn -0.2536 -0.8987 -0.3578
vn -0.3342 -0.6761 -0.6566
vn -0.1066 -0.9801 -0.1674
vn -0.1482 -0.9295 -0.3378
vn -0.0428 -0.9969 -0.0660
vn 0.0855 -0.9898 -0.1141
vn 0.2666 -0.9386 -0.2190
vn 0.2049 -0.9615 -0.1831
vn 0.1111 -0.9275 0.3570
vn 0.1677 -0.9851 -0.0387
vn 0.2907 -0.9444 0.1537
vn 0.1319 -0.9903 0.0427
vn -0.0043 -1.0000 0.0056
vn 0.0829 -0.9323 0.3521
vn -0.0181 -0.9997 -0.0180
vn -0.0005 -0.9985 0.0544
vn -0.2531 -0.7852 0.5652
vn -0.0757 -0.9289 0.3625
vn -0.1000 -0.9609 0.2580
vn 0.0784 -0.9956 -0.0505
vn -0.0116 -0.9988 -0.0480
vn -0.1706 -0.9114 0.3745
vn -0.4665 -0.7188 -0.5156
vn -0.8480 0.3627 -0.3866
vn -0.9853 0.0183 -0.1696
vn -0.9167 0.3869 -0.1002
vn -0.9783 -0.2060 -0.0196
vn -0.9313 0.3602 0.0540
vn -0.7701 0.2146 0.6008
vn -0.7161 0.4945 0.4926
vn -0.7178 0.2754 0.6394
vn -0.5779 0.5402 0.6118
vn -0.6956 0.3269 0.6398
vn -0.5351 0.4948 0.6848
vn -0.7160 0.6734 0.1840
vn -0.6048 0.7487 -0.2712
vn -0.4494 0.8449 0.2902
vn -0.4504 0.8253 0.3405
vn -0.4149 0.9038 0.1053
vn -0.6880 0.6920 0.2186
vn -0.8796 0.4752 0.0212
vn -0.7470 0.6646 0.0163
vn -0.7624 0.6241 -0.1712
vn -0.8756 0.3576 -0.3246
vn -0.7804 0.4958 -0.3811
vn -0.5310 0.5926 -0.6057
vn -0.4553 0.7834 -0.4231
vn -0.3371 0.5964 -0.7285
vn -0.4587 0.7987 -0.3894
vn -0.3800 0.3922 -0.8377
vn -0.8454 0.5341 -0.0069
vn -0.3658 0.7974 0.4799
vn -0.3533 0.8789 0.3205
vn -0.3232 0.8304 0.4538
vn -0.5336 0.6173 0.5781
vn -0.6593 0.4542 0.5992
vn -0.4893 0.6457 0.5863
vn -0.4409 0.7080 0.5517
vn -0.5158 0.8271 0.2233
vn -0.5309 0.6566 0.5357
vn -0.7018 0.3711 0.6081
vn -0.3997 0.6822 0.6123
vn -0.4024 0.6408 0.6538
vn -0.8354 -0.3082 -0.4550
vn -0.5961 -0.7672 -0.2369
vn -0.1734 -0.9837 -0.0481
vn -0.2104 -0.9771 0.0302
vn -0.5864 -0.8063 0.0769
vn -0.7893 -0.6012 -0.1246
vn -0.3395 -0.5879 0.7343
vn -0.4026 -0.7044 0.5846
vn -0.3038 -0.7011 0.6451
vn -0.8998 -0.4291 -0.0787
vn -0.6704 -0.7064 0.2272
vn -0.4901 -0.8612 0.1344
vn -0.7139 -0.6946 0.0880
vn -0.7426 -0.4959 0.4501
vn -0.4927 -0.8566 0.1530
vn -0.3216 -0.9277 0.1894
vn -0.3015 -0.9534 0.0118
vn -0.2914 -0.9472 0.1337
vn -0.2061 -0.8585 0.4696
vn -0.2575 -0.8036 0.5366
vn -0.3717 -0.7915 0.4852
vn -0.3102 -0.9102 0.2743
vn -0.2821 -0.9006 0.3307
vn -0.4401 -0.5095 0.7393
vn -0.1089 0.5921 0.7985
vn -0.2297 0.4948 0.8381
vn -0.7291 0.4138 0.5452
vn -0.6100 0.5131 0.6039
vn -0.5234 0.6977 0.4892
vn -0.5414 0.3911 0.7443
vn -0.3145 0.4718 0.8237
vn -0.1408 -0.1648 0.9762
vn -0.1381 -0.0343 0.9898
vn -0.1231 0.0962 0.9877
vn -0.0703 -0.1807 0.9810
vn -0.2492 0.1068 0.9626
vn -0.2479 -0.0662 0.9665
vn -0.8366 0.1521 0.5262
vn -0.7210 0.3063 0.6215
vn -0.6442 0.5345 0.5471
vn -0.8432 -0.0548 0.5348
vn -0.5849 0.1826 0.7903
vn -0.1422 0.2210 0.9648
vn 0.1483 0.0528 0.9875
vn 0.1389 0.3529 0.9253
vn -0.1571 0.4160 0.8957
vn -0.1296 0.4697 0.8732
vn -0.1820 0.3751 0.9089
vn -0.2155 0.4270 0.8782
vn -0.0920 0.4072 0.9087
vn 0.0852 0.4247 0.9013
vn 0.4402 0.2780 0.8538
vn 0.2409 0.5116 0.8247
vn 0.7561 -0.0071 0.6544
vn 0.5122 0.4626 0.7236
vn 0.8344 0.0988 0.5423
vn 0.8887 -0.0358 0.4571
vn 0.7126 0.2971 0.6356
vn -0.0431 0.7912 0.6100
vn -0.0425 0.8045 0.5924
vn 0.1503 0.8550 0.4963
vn 0.3058 0.6548 0.6912
vn 0.6791 0.3703 0.6338
vn 0.2712 0.3910 0.8795
vn -0.0252 0.5364 0.8436
vn -0.0200 0.2902 0.9568
vn -0.1600 0.3459 0.9245
vn 0.1445 0.4108 0.9002
vn 0.0161 0.3766 0.9262
vn 0.1873 0.4979 0.8468
vn -0.1766 0.2602 0.9493
vn -0.2155 0.3277 0.9199
vn -0.3483 0.3046 0.8865
vn -0.2282 0.2639 0.9372
vn -0.4215 0.2529 0.8709
vn -0.5241 0.2475 0.8149
vn -0.6269 0.1368 0.7670
vn -0.5790 0.1454 0.8022
vn -0.6898 0.1353 0.7112
vn -0.7017 0.2830 0.6538
vn -0.7683 -0.0922 0.6334
vn -0.8108 0.2693 0.5197
vn -0.5893 0.2120 0.7796
vn -0.1514 0.0584 0.9867
vn 0.0972 0.3340 0.9375
vn 0.1246 0.2961 0.9470
vn 0.1603 0.2423 0.9569
vn -0.1474 0.1210 0.9816
vn 0.0232 0.1579 0.9872
vn -0.2032 0.2093 0.9565
vn -0.0658 0.2649 0.9620
vn 0.0718 0.4385 0.8958
vn 0.2592 0.1362 0.9562
vn 0.2186 0.2404 0.9457
vn 0.0596 0.3340 0.9407
vn 0.1463 0.1952 0.9698
vn 0.1410 0.3991 0.9060
vn 0.1588 -0.0043 0.9873
vn -0.1630 0.2126 0.9635
vn -0.0327 0.0326 0.9989
vn -0.1654 0.2209 0.9612
vn 0.2374 0.0256 0.9711
vn -0.0431 0.2456 0.9684
vn 0.1891 0.6814 0.7070
vn 0.0252 0.2815 0.9592
vn -0.0789 0.4299 0.8994
vn -0.1681 0.5087 0.8444
vn -0.1899 0.3684 0.9100
vn -0.2502 0.5053 0.8258
vn -0.2542 0.6456 0.7201
vn -0.3403 0.5946 0.7285
vn -0.3683 0.5999 0.7103
vn -0.1814 0.5952 0.7829
vn -0.2594 0.6708 0.6948
vn -0.2724 0.5370 0.7984
vn -0.2472 0.5561 0.7935
vn -0.2957 0.8198 0.4905
vn 0.1973 0.8827 0.4266
vn 0.1426 0.8747 0.4632
vn -0.2835 0.8631 0.4181
vn -0.2795 0.7227 0.6321
vn -0.2627 0.7893 0.5550
vn 0.1428 0.5111 0.8476
vn -0.0696 0.5977 0.7987
vn -0.4140 0.5068 0.7561
vn -0.3995 0.6532 0.6432
vn -0.1255 0.6877 0.7151
vn -0.2308 0.8105 0.5384
vn -0.2186 0.8911 0.3976
vn -0.1179 0.7524 0.6481
vn -0.0802 0.8929 0.4430
vn -0.0394 0.4229 0.9053
vn 0.0528 0.2528 0.9661
vn 0.0772 0.2942 0.9526
vn 0.2171 0.1920 0.9571
vn 0.2446 0.0945 0.9650
vn 0.3502 0.1293 0.9277
vn 0.1380 0.2584 0.9561
vn -0.1799 0.6383 0.7485
vn 0.1354 0.2872 0.9482
vn -0.0932 0.1385 0.9860
vn -0.0288 0.2335 0.9719
vn -0.1908 0.2320 0.9538
vn -0.0870 0.0793 0.9930
vn -0.1603 0.7536 0.6375
vn -0.3396 0.8255 0.4508
vn 0.0370 0.5510 0.8337
vn -0.1195 0.7182 0.6855
vn 0.0478 0.8575 0.5122
vn 0.0931 0.8973 0.4314
vn 0.0673 0.6682 0.7410
vn -0.0671 0.5931 0.8023
vn 0.1732 0.2090 0.9625
vn 0.2278 0.3117 0.9225
vn -0.0508 0.5685 0.8211
vn 0.2110 0.2190 0.9526
vn 0.0996 0.0778 0.9920
vn 0.0868 0.2999 0.9500
vn -0.0200 0.2956 0.9551
vn -0.0745 0.8888 0.4521
vn -0.0001 0.7754 0.6314
vn -0.1543 0.8132 0.5611
vn -0.1029 0.7383 0.6666
vn 0.1462 0.8434 0.5171
vn 0.4196 0.8308 0.3657
vn 0.5464 0.5788 0.6053
vn 0.4017 0.7492 0.5267
vn 0.6950 0.7073 -0.1292
vn 0.7236 0.6772 0.1335
vn 0.6938 0.7198 0.0228
vn 0.6211 0.7827 0.0415
vn 0.6463 0.7266 0.2331
vn 0.5848 0.7970 0.1507
vn 0.2887 0.5203 0.8037
vn 0.5138 0.3718 0.7732
vn 0.3393 0.4319 0.8357
vn 0.5890 0.6077 0.5328
vn 0.6559 0.6278 0.4192
vn 0.6880 0.6552 0.3119
vn 0.6669 0.4029 0.6268
vn 0.4438 0.5271 0.7247
vn 0.5325 0.5030 0.6808
vn 0.6954 0.4758 0.5385
vn 0.5209 0.6202 0.5865
vn 0.3232 0.3774 0.8678
vn 0.6411 0.7645 -0.0665
vn 0.7439 0.6680 -0.0213
vn 0.7896 0.6109 0.0582
vn 0.8995 0.4112 0.1476
vn 0.8138 0.4624 0.3520
vn 0.8994 0.3350 0.2807
vn 0.9096 0.3143 0.2718
vn 0.9317 0.3358 0.1382
vn 0.8730 0.4836 0.0633
vn 0.8074 0.5899 -0.0114
vn 0.8016 0.5521 0.2294
vn 0.8642 0.5031 -0.0104
vn 0.8250 0.5357 -0.1801
vn 0.7256 0.6361 -0.2625
vn 0.7838 0.6123 -0.1037
vn 0.5495 0.6579 -0.5149
vn 0.9938 0.0259 0.1077
vn 0.9540 -0.0130 0.2995
vn 0.9643 -0.0297 0.2632
vn 0.8068 -0.0282 0.5901
vn 0.7097 -0.0576 0.7022
vn 0.7608 -0.0647 0.6457
vn 0.4898 -0.0011 0.8718
vn 0.5142 0.0625 0.8554
vn 0.6539 0.2111 0.7265
vn 0.5950 0.1857 0.7820
vn 0.2954 0.2542 0.9209
vn 0.5019 0.2758 0.8198
vn 0.3358 0.3113 0.8890
vn 0.4728 0.1096 0.8743
vn 0.5000 0.1957 0.8436
vn 0.5469 0.1768 0.8183
vn 0.1477 0.3011 0.9421
vn 0.2766 0.3820 0.8818
vn 0.2830 0.3942 0.8744
vn 0.3267 0.5837 0.7433
vn 0.1789 0.8316 0.5258
vn 0.1337 0.7337 0.6662
vn 0.2234 0.2047 0.9530
vn 0.3190 0.4836 0.8151
vn 0.5056 0.4560 0.7324
vn -0.0211 0.6312 0.7753
vn 0.1016 0.6850 0.7214
vn 0.3341 0.7251 0.6022
vn 0.2688 0.6525 0.7085
vn -0.0551 0.5716 0.8187
vn 0.3225 0.5570 0.7653
vn 0.1342 0.5684 0.8118
vn 0.3091 0.5471 0.7779
vn 0.0734 0.4881 0.8697
vn 0.6655 0.1878 0.7224
vn 0.6657 -0.2180 0.7137
vn 0.5605 -0.3750 0.7384
vn 0.5313 -0.1580 0.8323
vn 0.6849 -0.2371 0.6890
vn 0.6541 -0.1931 0.7314
vn 0.6062 -0.0506 0.7937
vn 0.5148 0.0227 0.8570
vn 0.4744 -0.1278 0.8710
vn 0.5948 -0.2098 0.7760
vn 0.5589 -0.0894 0.8244
vn 0.4493 -0.3897 0.8039
vn 0.3424 -0.4480 0.8259
vn 0.1866 -0.3157 0.9303
vn 0.1988 -0.7240 0.6605
vn 0.0164 -0.5868 0.8096
vn -0.0870 -0.7479 0.6581
vn -0.0437 -0.6687 0.7423
vn -0.0292 -0.9745 -0.2227
vn 0.0554 -0.9866 -0.1534
vn 0.1178 -0.8717 -0.4757
vn 0.1463 -0.9668 -0.2094
vn 0.2649 -0.9038 -0.3363
vn 0.3477 -0.9031 -0.2519
vn 0.4168 -0.9087 0.0248
vn 0.4778 -0.8671 0.1410
vn 0.2242 -0.9650 -0.1358
vn 0.0878 -0.9950 0.0486
vn 0.0075 -0.9998 0.0185
vn 0.0398 -0.9992 0.0102
vn -0.0000 -0.9991 0.0434
vn -0.0017 -1.0000 0.0083
vn -0.2520 -0.8647 -0.4345
vn -0.5963 -0.7564 -0.2688
vn -0.4194 -0.8427 -0.3375
vn -0.5187 -0.7606 0.3905
vn -0.6483 -0.7577 -0.0751
vn -0.5695 -0.7739 0.2770
vn -0.1656 -0.9581 0.2337
vn -0.2614 -0.9622 0.0766
vn 0.0004 -0.9992 0.0394
vn -0.4657 -0.7592 0.4547
vn -0.2258 -0.9507 0.2128
vn -0.3843 -0.8045 0.4529
vn -0.0950 -0.9924 0.0787
vn -0.2112 -0.9534 0.2157
vn -0.0084 -0.9992 -0.0381
vn -0.0263 -0.9996 -0.0045
vn 0.3724 -0.9055 0.2032
vn 0.3790 -0.8720 0.3098
vn 0.4947 -0.7961 0.3486
vn 0.6172 -0.6374 0.4612
vn 0.3280 -0.7078 0.6257
vn 0.4654 -0.5363 0.7041
vn 0.7163 -0.4787 0.5077
vn 0.6615 -0.4801 0.5762
vn 0.6331 -0.4218 0.6491
vn 0.6717 -0.3215 0.6674
vn 0.4493 -0.4608 0.7654
vn 0.5079 -0.3798 0.7732
vn 0.4994 -0.4608 0.7336
vn 0.5064 -0.3360 0.7941
vn 0.6376 -0.5212 0.5673
vn 0.4894 -0.6218 0.6114
vn 0.4237 -0.5910 0.6864
vn 0.5326 -0.5262 0.6629
vn 0.5722 0.0145 0.8200
vn 0.5637 -0.1442 0.8133
vn 0.6574 -0.3008 0.6909
vn 0.5522 -0.0191 0.8335
vn 0.5604 -0.0641 0.8257
vn 0.4850 -0.2475 0.8387
vn 0.3367 -0.2143 0.9169
vn 0.3396 -0.2153 0.9156
vn 0.4272 -0.4710 0.7717
vn 0.5769 -0.3534 0.7364
vn 0.5641 -0.4829 0.6697
vn 0.6284 -0.4716 0.6187
vn 0.3983 -0.3901 0.8302
vn 0.7329 -0.4278 0.5290
vn 0.0084 -0.3613 0.9324
vn -0.0279 -0.1183 0.9926
vn -0.0947 -0.2130 0.9724
vn 0.5555 0.4329 0.7099
vn -0.0537 0.6383 0.7679
vn 0.0503 0.7873 0.6145
vn 0.1000 0.9096 0.4033
vn -0.0576 0.9100 0.4107
vn -0.0783 0.9827 0.1679
vn 0.2051 0.9668 0.1525
vn 0.3590 0.9256 -0.1194
vn 0.6012 0.7920 0.1060
vn 0.5724 0.7510 -0.3292
vn 0.2557 0.7994 -0.5436
vn 0.2674 0.9112 -0.3134
vn 0.0318 0.9973 -0.0662
vn 0.1216 0.9762 0.1796
vn 0.5503 0.7570 0.3523
vn 0.8442 0.2703 0.4629
vn 0.6841 0.7212 -0.1090
vn 0.0626 0.9719 -0.2270
vn 0.4308 -0.4513 0.7815
vn 0.5356 -0.5622 0.6301
vn 0.6574 -0.6962 0.2882
vn 0.5546 -0.8188 0.1484
vn 0.3883 -0.9026 0.1856
vn 0.3689 -0.9270 0.0681
vn 0.0410 -0.9957 0.0825
vn 0.0196 -0.9820 0.1880
vn -0.0696 -0.9908 -0.1165
vn 0.0121 -0.9926 0.1212
vn 0.1345 -0.8533 0.5037
vn 0.1320 -0.9903 0.0430
vn -0.2466 -0.9683 0.0394
vn -0.1112 -0.9898 -0.0895
vn 0.1973 -0.9378 0.2857
vn 0.1509 -0.9881 0.0309
vn 0.7719 -0.4605 0.4382
vn 0.6772 -0.6992 0.2293
vn 0.5388 -0.4041 0.7392
vn 0.6259 -0.4890 0.6076
vn 0.4284 -0.0668 0.9011
vn 0.4913 0.1749 0.8532
vn 0.2465 0.0774 0.9661
vn 0.3296 0.1056 0.9382
vn 0.4900 -0.3647 0.7918
vn 0.3237 -0.1947 0.9259
vn 0.2465 0.0712 0.9665
vn 0.1611 -0.0019 0.9869
vn 0.1965 -0.0366 0.9798
vn 0.2289 -0.0153 0.9733
vn 0.3089 -0.1402 0.9407
vn 0.2095 -0.3672 0.9062
vn 0.1349 -0.7695 0.6243
vn 0.2528 -0.5549 0.7926
vn 0.3205 0.0344 0.9466
vn 0.2919 -0.2937 0.9102
vn 0.4406 -0.6249 0.6445
vn 0.2823 -0.3502 0.8931
vn 0.3605 -0.4827 0.7981
vn -0.4055 -0.8207 0.4025
vn -0.4123 -0.7535 0.5121
vn -0.3680 -0.9192 0.1403
vn -0.0148 -0.9999 0.0033
vn -0.1449 -0.9890 -0.0310
vn -0.0017 -0.9988 -0.0486
vn -0.0250 -0.9977 -0.0623
vn 0.0527 -0.9983 0.0266
vn 0.0539 -0.9756 0.2128
vn 0.2773 -0.8509 0.4463
vn 0.3803 -0.8540 0.3551
vn 0.3625 -0.7874 0.4986
vn -0.4319 -0.7491 -0.5023
vn -0.4277 -0.8902 -0.1569
vn -0.7791 -0.4602 -0.4257
vn -0.7808 0.1296 -0.6112
vn -0.9232 -0.0474 -0.3813
vn -0.7411 0.4046 -0.5358
vn -0.6856 0.5090 -0.5204
vn -0.6467 0.5227 -0.5554
vn -0.6115 0.5641 -0.5549
vn -0.6058 0.5879 -0.5361
vn -0.9141 0.3299 -0.2357
vn -0.8207 0.2235 -0.5258
vn -0.9503 0.2194 -0.2209
vn -0.8965 -0.1635 -0.4118
vn -0.3173 0.3995 -0.8601
vn -0.5928 0.4076 -0.6946
vn -0.7877 0.4505 -0.4202
vn -0.3728 0.1253 -0.9194
vn -0.3433 0.1350 -0.9295
vn -0.6246 0.4918 -0.6067
vn -0.5966 0.4469 -0.6665
vn -0.8551 0.4541 -0.2501
vn -0.2884 0.1885 -0.9388
vn -0.1000 0.3630 -0.9264
vn -0.5424 -0.6811 -0.4919
vn -0.5198 -0.6780 -0.5197
vn -0.5364 -0.6279 -0.5639
vn -0.4815 -0.7519 -0.4504
vn -0.4546 -0.7515 -0.4781
vn -0.6724 -0.6772 -0.2987
vn -0.6189 -0.7422 -0.2571
vn -0.7627 -0.5967 -0.2494
vn -0.7028 -0.6863 -0.1875
vn -0.7806 -0.5798 -0.2333
vn -0.7228 -0.6393 -0.2624
vn -0.6603 -0.4645 -0.5902
vn -0.7245 -0.3592 -0.5883
vn -0.6544 -0.4160 -0.6314
vn -0.6098 -0.3404 -0.7158
vn -0.6738 -0.2712 -0.6874
vn -0.4994 -0.1770 -0.8481
vn -0.4362 -0.2499 -0.8645
vn -0.2886 -0.1232 -0.9495
vn -0.3703 -0.0605 -0.9269
vn -0.3003 0.0890 -0.9497
vn -0.3252 0.0553 -0.9440
vn -0.2964 -0.0589 -0.9532
vn -0.4518 0.0322 -0.8915
vn -0.2886 -0.2651 -0.9200
vn -0.1174 -0.3778 -0.9184
vn -0.2259 -0.3877 -0.8937
vn -0.1235 -0.7227 -0.6800
vn -0.0960 -0.5348 -0.8395
vn 0.0032 -0.4978 -0.8673
vn -0.3091 -0.6895 -0.6550
vn -0.3405 -0.5333 -0.7743
vn -0.1993 -0.7976 -0.5693
vn -0.7486 -0.5611 -0.3533
vn -0.5619 -0.6245 -0.5424
vn -0.5037 -0.6724 -0.5424
vn -0.6075 -0.5784 -0.5445
vn -0.2444 -0.6340 -0.7337
vn -0.1994 -0.2671 -0.9428
vn -0.2568 -0.0414 -0.9656
vn -0.0267 -0.1189 -0.9925
vn -0.0843 -0.3970 -0.9139
vn -0.2806 -0.2398 -0.9294
vn -0.2527 -0.4661 -0.8479
vn -0.3338 -0.3302 -0.8829
vn -0.5224 -0.4526 -0.7226
vn -0.4872 -0.6272 -0.6076
vn 0.0229 -0.4022 -0.9153
vn -0.7409 -0.2792 -0.6109
vn -0.9025 0.0473 -0.4281
vn -0.7985 -0.0531 -0.5996
vn -0.9653 0.0631 -0.2535
vn -0.7872 -0.0563 -0.6141
vn -0.7621 -0.0292 -0.6468
vn -0.7909 0.0156 -0.6118
vn -0.6926 -0.0679 -0.7182
vn -0.5857 0.0871 -0.8059
vn -0.5178 0.0428 -0.8544
vn -0.4069 0.0874 -0.9093
vn -0.7506 0.0162 -0.6605
vn -0.7436 0.1954 -0.6394
vn -0.8434 -0.0814 -0.5311
vn -0.7925 -0.0960 -0.6023
vn -0.8201 -0.2194 -0.5284
vn -0.7763 -0.3147 -0.5462
vn -0.7313 0.2363 -0.6399
vn -0.5298 0.4109 -0.7419
vn -0.4835 0.3691 -0.7937
vn -0.4758 0.3497 -0.8070
vn -0.2991 0.4534 -0.8396
vn -0.2722 0.2883 -0.9180
vn -0.2481 0.2340 -0.9400
vn -0.3002 0.2477 -0.9212
vn -0.3490 0.1749 -0.9207
vn -0.0883 0.0426 -0.9952
vn -0.0618 -0.0381 -0.9974
vn -0.0020 -0.0021 -1.0000
vn -0.0517 -0.0418 -0.9978
vn 0.0252 -0.4955 -0.8683
vn -0.0407 -0.3916 -0.9192
vn 0.0558 -0.4835 -0.8736
vn -0.2317 -0.3902 -0.8911
vn -0.0090 -0.5192 -0.8546
vn -0.3182 -0.3319 -0.8880
vn -0.2512 -0.3480 -0.9032
vn 0.0782 -0.5290 -0.8450
vn -0.1894 -0.0595 -0.9801
vn -0.3126 -0.0071 -0.9499
vn -0.1828 0.2555 -0.9494
vn -0.1818 0.3182 -0.9304
vn -0.2925 0.2114 -0.9326
vn -0.0502 -0.0326 -0.9982
vn -0.0897 -0.0339 -0.9954
vn -0.0024 -0.1729 -0.9849
vn 0.0074 -0.1889 -0.9820
vn -0.1527 -0.2711 -0.9503
vn -0.3118 -0.1714 -0.9346
vn -0.4392 -0.3862 -0.8111
vn -0.4359 0.2931 -0.8509
vn -0.0532 -0.0261 -0.9982
vn -0.1369 0.3206 -0.9373
vn -0.1690 0.0319 -0.9851
vn -0.1727 -0.2071 -0.9630
vn -0.2625 -0.0256 -0.9646
vn 0.0014 0.1858 -0.9826
vn -0.2142 -0.1000 -0.9716
vn -0.3982 -0.2721 -0.8760
vn -0.5394 -0.2124 -0.8148
vn -0.0302 0.1363 -0.9902
vn -0.2036 0.1562 -0.9665
vn -0.0875 0.1771 -0.9803
vn -0.0106 0.2735 -0.9618
vn -0.0685 0.2289 -0.9710
vn -0.0617 0.3432 -0.9372
vn -0.0810 -0.2968 -0.9515
vn -0.7392 -0.0955 -0.6667
vn -0.5403 -0.1449 -0.8289
vn -0.1008 0.3948 -0.9132
vn -0.0641 0.2103 -0.9755
vn -0.4694 0.4070 -0.7836
vn -0.3566 0.1204 -0.9264
vn -0.3839 0.0876 -0.9192
vn -0.6548 0.1566 -0.7394
vn -0.8466 -0.0845 -0.5255
vn -0.3348 -0.7542 -0.5649
vn -0.4047 -0.5292 -0.7458
vn -0.4335 -0.7317 -0.5260
vn -0.2733 -0.7489 -0.6037
vn -0.5493 -0.6704 -0.4989
vn -0.3889 -0.6179 -0.6833
vn -0.4571 -0.6079 -0.6492
vn -0.2525 -0.7488 -0.6128
vn -0.5655 -0.5843 -0.5821
vn -0.8214 -0.3587 -0.4435
vn -0.6755 -0.6160 -0.4052
vn -0.6211 -0.7758 -0.1114
vn -0.7561 -0.6111 -0.2343
vn -0.8172 -0.5652 0.1128
vn -0.2560 0.0025 -0.9667
vn -0.3929 0.2283 -0.8908
vn -0.4916 0.0587 -0.8688
vn -0.6747 0.2644 -0.6891
vn -0.3146 -0.2267 -0.9218
vn -0.4963 -0.1451 -0.8559
vn -0.4964 -0.2664 -0.8262
vn -0.7657 -0.2016 -0.6108
vn -0.6701 -0.1912 -0.7172
vn -0.5773 -0.3661 -0.7299
vn -0.7273 -0.3408 -0.5957
vn -0.3800 -0.1889 -0.9055
vn -0.5144 -0.3392 -0.7876
vn -0.1746 -0.2544 -0.9512
vn -0.3994 -0.3184 -0.8597
vn -0.4579 -0.2632 -0.8491
vn -0.3316 -0.2510 -0.9094
vn -0.8230 0.5236 -0.2202
vn -0.1531 -0.9630 -0.2218
vn -0.0197 -0.9998 -0.0092
vn 0.1219 -0.9883 0.0914
vn 0.1183 -0.9696 0.2141
vn 0.1568 -0.7056 0.6911
vn -0.0083 -0.7833 0.6216
vn -0.0417 -0.9618 0.2704
vn -0.0113 -0.9998 -0.0188
vn 0.4636 -0.8394 0.2839
vn 0.1361 -0.7730 0.6196
vn -0.4877 -0.2407 -0.8391
vn -0.5399 -0.4748 -0.6950
vn -0.1280 -0.9836 0.1269
vn -0.5757 -0.7365 0.3552
vn 0.0071 -0.9984 -0.0568
vn 0.0100 -0.9981 -0.0610
vn -0.0060 -0.9992 -0.0392
vn -0.5135 -0.8166 0.2638
vn -0.3692 -0.9290 0.0253
vn -0.0305 -0.9959 0.0856
vn -0.1578 -0.9872 -0.0225
vn 0.0358 -0.9990 -0.0254
vn 0.0508 -0.9985 -0.0213
vn 0.0915 -0.9952 -0.0341
vn -0.0161 -0.9924 -0.1217
vn -0.1641 -0.9639 -0.2097
vn -0.1584 -0.9715 -0.1761
vn -0.1461 -0.9871 -0.0648
vn -0.2727 -0.9621 0.0059
vn -0.1431 -0.9895 0.0182
vn -0.0012 -0.9983 0.0575
vn -0.2410 -0.9610 -0.1354
vn 0.0162 -0.9993 -0.0340
vn 0.0852 -0.9963 0.0064
vn 0.0474 -0.9688 0.2434
vn 0.0343 -0.9886 -0.1467
vn -0.1566 -0.9847 -0.0763
vn 0.1546 -0.9691 0.1921
vn 0.0908 -0.9939 0.0629
vn 0.2304 -0.9531 0.1961
vn 0.2979 -0.8894 0.3468
vn 0.2965 -0.8430 0.4488
vn 0.1124 -0.5516 0.8265
vn 0.1889 -0.7608 0.6209
vn 0.0145 -0.5451 0.8382
vn 0.5453 -0.4898 0.6802
vn 0.5995 -0.5975 0.5326
vn 0.6160 -0.5023 0.6068
vn 0.6105 -0.6918 0.3856
vn 0.5173 -0.8041 0.2929
vn 0.7057 -0.6878 0.1700
vn 0.5801 -0.8095 0.0907
vn 0.3052 -0.9317 -0.1969
vn 0.3083 -0.9510 0.0211
vn 0.1905 -0.9692 -0.1558
vn 0.1685 -0.9849 0.0400
vn 0.2876 -0.9432 0.1662
vn 0.2514 -0.9024 0.3500
vn 0.0959 -0.9919 -0.0827
vn 0.1936 -0.9699 0.1476
vn 0.2826 -0.9302 0.2343
vn 0.3826 -0.9068 0.1769
vn 0.2467 -0.7197 0.6490
vn 0.3320 -0.8123 0.4794
vn 0.4217 -0.6399 0.6424
vn 0.4935 -0.7202 0.4876
vn 0.3239 -0.8933 0.3116
vn 0.4320 -0.8492 0.3037
vn 0.4881 -0.8662 0.1075
vn 0.4264 -0.9015 0.0748
vn 0.1959 -0.4643 0.8637
vn 0.4191 -0.3904 0.8197
vn 0.1453 -0.1890 0.9712
vn 0.1980 -0.0141 0.9801
vn 0.0889 0.4425 0.8923
vn 0.2020 0.1667 0.9651
vn 0.3698 0.2005 0.9072
vn 0.6170 0.3330 0.7130
vn 0.5512 0.1964 0.8109
vn 0.8024 -0.0061 0.5967
vn 0.8416 0.1741 0.5113
vn 0.9485 0.0335 0.3150
vn 0.9066 0.2770 0.3184
vn 0.2582 0.8203 0.5104
vn 0.4060 0.8689 0.2833
vn 0.7860 0.4873 0.3804
vn 0.8446 0.5261 0.0991
vn 0.9699 0.2436 0.0041
vn 0.5750 0.5781 -0.5789
vn 0.7743 0.2119 -0.5963
vn 0.5692 0.2468 -0.7843
vn 0.2937 0.6035 -0.7413
vn -0.0966 0.6462 -0.7570
vn 0.1036 0.5998 -0.7934
vn -0.0391 0.5204 -0.8530
vn -0.0309 0.5288 -0.8482
vn -0.0121 0.4247 -0.9052
vn -0.0960 0.4336 -0.8960
vn 0.1346 0.2268 -0.9646
vn 0.3063 0.1615 -0.9381
vn 0.6496 -0.2202 -0.7277
vn 0.8137 -0.3298 -0.4787
vn 0.7093 -0.2711 -0.6507
vn 0.7003 -0.1547 -0.6969
vn 0.7274 -0.2199 -0.6500
vn 0.7031 -0.1640 -0.6920
vn 0.6107 -0.1531 -0.7770
vn 0.5992 -0.2714 -0.7532
vn 0.5951 -0.1473 -0.7900
vn 0.5400 -0.0153 -0.8415
vn 0.6059 0.0965 -0.7896
vn 0.5688 0.0527 -0.8208
vn 0.5043 0.1611 -0.8483
vn 0.4836 0.1798 -0.8566
vn 0.5834 -0.1315 -0.8015
vn 0.6222 -0.0243 -0.7825
vn 0.3915 0.0746 -0.9171
vn 0.4715 0.0648 -0.8795
vn 0.5234 0.0741 -0.8488
vn 0.3962 0.0887 -0.9139
vn 0.4163 -0.0307 -0.9087
vn 0.6570 -0.1201 -0.7443
vn 0.6044 -0.1857 -0.7747
vn 0.6568 0.0113 -0.7540
vn 0.5017 0.0886 -0.8605
vn 0.5989 -0.1015 -0.7944
vn 0.6588 -0.1155 -0.7434
vn 0.5178 -0.1836 -0.8356
vn 0.4282 0.0517 -0.9022
vn 0.5049 -0.3270 -0.7988
vn 0.6736 -0.5386 -0.5062
vn 0.7868 -0.5117 -0.3451
vn 0.6831 -0.6446 -0.3432
vn 0.8112 -0.4946 -0.3119
vn 0.1833 -0.2486 -0.9511
vn 0.5713 -0.7348 -0.3655
vn 0.4134 -0.5337 -0.7378
vn 0.6231 -0.7363 -0.2640
vn 0.6578 -0.6951 -0.2903
vn 0.5773 -0.5224 -0.6276
vn 0.9925 0.0303 0.1183
vn 0.8634 -0.4965 -0.0894
vn 0.8590 -0.5107 0.0371
vn 0.7334 -0.6685 -0.1230
vn 0.6557 -0.7547 -0.0225
vn 0.5289 -0.8433 -0.0952
vn 0.3965 -0.9087 -0.1307
vn 0.3944 -0.8539 -0.3394
vn 0.2758 -0.8977 -0.3435
vn 0.6325 -0.7568 -0.1646
vn 0.9816 -0.0822 -0.1723
vn 0.9407 0.0375 -0.3372
vn 0.9367 0.2408 -0.2541
vn 0.9575 -0.2721 -0.0955
vn 0.8877 -0.2937 -0.3545
vn 0.8479 -0.1241 -0.5154
vn 0.8528 -0.4540 -0.2581
vn 0.9675 -0.2355 0.0920
vn 0.8551 0.4839 -0.1863
vn 0.6628 -0.7123 -0.2310
vn 0.5809 -0.7504 -0.3156
vn 0.6313 -0.6699 -0.3907
vn 0.5602 -0.6142 -0.5558
vn 0.6420 -0.4968 -0.5840
vn 0.6328 -0.3201 -0.7051
vn 0.4483 -0.8055 -0.3876
vn 0.4107 -0.7237 -0.5546
vn 0.4776 -0.8115 -0.3367
vn 0.5302 -0.5163 -0.6726
vn 0.4004 -0.4923 -0.7728
vn 0.2682 -0.5538 -0.7883
vn -0.0275 0.1281 -0.9914
vn 0.0574 -0.2844 -0.9570
vn 0.0542 -0.0301 -0.9981
vn 0.2154 0.3623 -0.9068
vn 0.4083 -0.0332 -0.9122
vn 0.0887 0.2267 -0.9699
vn 0.1680 0.0488 -0.9846
vn 0.4241 -0.2443 -0.8720
vn 0.7183 -0.6199 -0.3157
vn 0.7716 -0.3106 -0.5551
vn 0.7973 -0.3909 -0.4599
vn 0.7044 -0.1173 -0.7001
vn 0.5504 0.2210 -0.8051
vn 0.7352 0.1146 -0.6681
vn 0.4465 -0.8838 -0.1395
vn 0.4283 -0.9036 0.0011
vn 0.4030 -0.9109 0.0890
vn -0.1034 0.3630 0.9260
vn -0.0580 0.0506 0.9970
vn 0.2084 -0.0772 0.9750
vn -0.0023 -0.9993 -0.0375
vn -0.0021 -0.9998 -0.0176
vn -0.0078 -0.9996 -0.0282
vn 0.0016 -0.9999 -0.0157
vn 0.0029 -0.9995 0.0322
vn -0.0095 -0.9988 0.0480
vn -0.0499 -0.9912 -0.1226
vn 0.0101 -0.9988 0.0489
vn 0.0083 -0.9984 0.0559
vn -0.1165 -0.9447 -0.3067
vn -0.0793 -0.9336 -0.3495
vn -0.1345 -0.8589 -0.4941
vn 0.0529 -0.9648 -0.2574
vn 0.0021 -0.8616 -0.5076
vn -0.0466 -0.9452 -0.3231
vn -0.1278 -0.9334 -0.3354
vn -0.0243 -0.9997 0.0071
vn 0.0789 -0.9359 0.3434
vn 0.1017 -0.9476 0.3028
vn -0.1141 -0.9569 -0.2669
vn -0.2045 -0.7931 -0.5738
vn -0.1942 -0.8735 -0.4463
vn -0.1671 -0.8668 -0.4698
vn -0.1314 -0.9370 -0.3237
vn -0.0866 -0.9653 -0.2464
vn -0.0684 -0.9884 -0.1356
vn 0.2794 -0.4435 0.8516
vn -0.2195 -0.5977 0.7711
vn -0.1883 0.0925 0.9778
vn 0.4040 -0.0409 0.9138
vn 0.1238 0.1781 0.9762
vn 0.3507 0.2639 0.8985
vn 0.2464 0.3922 0.8863
vn 0.1738 0.4578 0.8719
vn 0.1458 0.5641 0.8127
vn -0.0042 0.8090 0.5878
vn 0.1200 0.7053 0.6986
vn -0.1506 0.6380 0.7552
vn -0.3811 0.7687 0.5137
vn -0.3331 0.9199 0.2067
vn -0.7038 0.6382 0.3122
vn -0.8733 0.3456 0.3435
vn -0.6992 0.7087 -0.0942
vn -0.9295 0.3586 0.0856
vn -0.7258 0.6080 -0.3218
vn -0.9589 0.2462 -0.1408
vn -0.8900 -0.0302 0.4549
vn -0.9928 0.1186 0.0159
vn -0.9815 -0.1912 -0.0122
vn -0.6407 0.5270 0.5584
vn -0.8510 0.3155 0.4199
vn -0.7478 0.5980 0.2883
vn -0.9832 0.1795 0.0314
vn -0.8929 -0.0496 0.4475
vn -0.9890 -0.1071 0.1026
vn -0.8665 -0.4217 0.2669
vn -0.4230 -0.9061 -0.0041
vn -0.7104 -0.6451 0.2814
vn -0.7743 -0.3626 0.5186
vn -0.7409 0.1494 0.6548
vn -0.7934 0.3000 0.5296
vn -0.6047 0.4929 0.6257
vn -0.6179 0.3053 0.7245
vn -0.9284 0.3705 -0.0286
vn -0.9357 0.1865 -0.2995
vn -0.8306 0.4507 -0.3272
vn 0.1858 0.7600 0.6227
vn 0.2198 0.5255 0.8219
vn -0.0815 0.9395 0.3326
vn -0.7222 0.6543 0.2245
vn 0.1244 -0.9848 -0.1216
vn 0.1089 -0.9913 -0.0744
vn -0.1596 -0.9718 0.1735
vn -0.0153 -0.9934 0.1137
vn 0.1407 -0.8931 0.4273
vn 0.0632 -0.9759 0.2088
vn -0.0115 -0.9999 -0.0055
vn 0.0161 -0.9820 0.1883
vn -0.0091 -0.9999 0.0059
vn -0.0462 -0.9989 -0.0003
vn -0.1201 -0.9890 0.0869
vn -0.1492 -0.9887 0.0127
vn -0.5161 -0.8413 0.1610
vn -0.3820 -0.9239 -0.0214
vn -0.9337 -0.2123 0.2884
vn -0.9546 -0.2848 0.0877
vn -0.9344 0.3562 -0.0049
vn -0.9108 0.4020 0.0936
vn -0.8461 0.5163 -0.1323
vn -0.7884 0.6151 0.0097
vn -0.6842 0.6587 -0.3130
vn -0.4946 0.7721 -0.3991
vn -0.5445 0.8315 -0.1105
vn -0.4443 0.8671 -0.2252
vn -0.8897 0.0318 -0.4554
vn -0.8707 0.2134 -0.4432
vn -0.7997 0.3591 -0.4813
vn -0.7325 0.4785 -0.4842
vn -0.6930 0.6262 -0.3571
vn -0.5669 0.6430 -0.5150
vn -0.8810 0.4372 -0.1811
vn -0.6287 0.7313 -0.2643
vn -0.3674 0.9247 0.0997
vn -0.6693 0.6891 0.2777
vn -0.4294 0.9031 0.0101
vn -0.8175 0.4123 0.4022
vn -0.8121 0.0008 0.5835
vn -0.6755 -0.4575 0.5782
vn -0.8441 0.3015 0.4433
vn -0.4491 0.7937 -0.4103
vn 0.1381 -0.9899 -0.0330
vn 0.5103 -0.8535 -0.1053
vn -0.0448 -0.9990 0.0039
vn -0.0366 -0.9972 0.0655
vn -0.0450 -0.9983 0.0361
vn -0.0216 -0.9978 0.0629
vn 0.4361 -0.8969 0.0740
vn 0.5974 -0.7815 0.1803
vn -0.2365 -0.5921 0.7704
vn 0.0667 -0.2592 0.9635
vn -0.3671 -0.0552 0.9286
vn -0.6471 0.1042 0.7553
vn -0.5024 0.1921 0.8431
vn -0.4754 0.4150 0.7757
vn 0.3086 0.0916 0.9468
vn -0.0462 0.6709 0.7401
vn -0.0645 0.4528 0.8893
vn 0.1454 -0.1148 0.9827
vn -0.8107 -0.1101 0.5750
vn -0.8167 -0.1279 0.5627
vn -0.8205 -0.2411 0.5184
vn -0.8105 -0.3260 0.4866
vn -0.8083 -0.2823 0.5166
vn -0.7986 -0.3365 0.4991
vn -0.7500 -0.3166 0.5807
vn -0.6877 -0.3358 0.6437
vn 0.1333 0.1123 0.9847
vn 0.1191 0.0662 0.9907
vn 0.1618 0.0073 0.9868
vn 0.0362 0.0433 0.9984
vn 0.1988 -0.0688 0.9776
vn 0.1428 0.2505 0.9575
vn -0.0004 0.1398 0.9902
vn 0.1129 0.1217 0.9861
vn -0.0854 0.0558 0.9948
vn 0.0432 0.1359 0.9898
vn -0.1074 -0.0276 0.9938
vn -0.0961 -0.1802 0.9789
vn -0.1955 -0.1558 0.9682
vn -0.2034 -0.2579 0.9445
vn -0.1973 -0.2572 0.9460
vn -0.1414 -0.1912 0.9713
vn -0.2750 -0.3440 0.8978
vn -0.4156 -0.2309 0.8798
vn -0.4584 -0.3782 0.8043
vn -0.4423 -0.3908 0.8072
vn -0.5672 -0.1700 0.8058
vn 0.3861 0.3286 0.8619
vn 0.2642 0.2242 0.9380
vn 0.5755 0.0397 0.8168
vn 0.4028 -0.0003 0.9153
vn 0.4631 -0.0179 0.8861
vn 0.3685 0.1777 0.9125
vn 0.3866 0.2479 0.8883
vn 0.5041 0.0519 0.8621
vn 0.4667 0.2116 0.8587
vn 0.7272 -0.0859 0.6810
vn 0.6513 0.0229 0.7584
vn 0.6937 -0.1879 0.6954
vn 0.5610 -0.1461 0.8148
vn 0.4944 0.2453 0.8339
vn 0.4819 0.0801 0.8725
vn 0.2364 0.2021 0.9504
vn 0.2655 -0.1694 0.9491
vn 0.1782 -0.1689 0.9694
vn 0.2449 -0.3998 0.8833
vn 0.2184 -0.2819 0.9343
vn 0.3015 -0.1699 0.9382
vn 0.1841 -0.4517 0.8730
vn -0.0193 -0.6710 0.7412
vn -0.0029 -0.6676 0.7445
vn 0.3616 -0.2550 0.8968
vn -0.0559 -0.2637 0.9630
vn -0.0213 -0.0879 0.9959
vn -0.1239 -0.0121 0.9922
vn -0.3510 -0.0204 0.9362
vn -0.4217 -0.1914 0.8863
vn -0.2987 -0.3924 0.8700
vn -0.3977 -0.4397 0.8053
vn -0.3116 -0.3690 0.8756
vn -0.4591 -0.2377 0.8560
vn -0.6555 -0.1360 0.7428
vn -0.7487 -0.1232 0.6514
vn -0.0397 -0.1010 0.9941
vn -0.2126 -0.0285 0.9767
vn -0.2799 -0.1097 0.9537
vn -0.0745 -0.0978 0.9924
vn -0.2312 -0.3873 0.8925
vn 0.1896 -0.3868 0.9025
vn 0.0177 -0.4691 0.8830
vn -0.0932 -0.2742 0.9572
vn -0.0779 -0.1209 0.9896
vn -0.0372 -0.2614 0.9645
vn 0.2533 -0.2181 0.9425
vn -0.1077 -0.0866 0.9904
vn -0.2348 -0.1036 0.9665
vn -0.1740 -0.4399 0.8810
vn 0.1134 -0.3277 0.9380
vn 0.2086 -0.3413 0.9165
vn 0.2794 -0.4570 0.8445
vn -0.2367 -0.4179 0.8771
vn 0.1067 -0.5640 0.8189
vn 0.2226 -0.0197 0.9747
vn 0.1698 -0.1076 0.9796
vn -0.0580 -0.6260 0.7776
vn 0.1916 0.1905 0.9628
vn 0.2021 -0.0278 0.9790
vn -0.3265 -0.4711 0.8194
vn -0.1553 -0.4232 0.8926
vn -0.2897 -0.3087 0.9060
vn -0.1563 -0.6907 0.7060
vn -0.1018 -0.2244 0.9692
vn 0.3468 0.3667 0.8633
vn 0.3317 0.1672 0.9284
vn -0.1360 -0.6359 0.7597
vn 0.7421 -0.0728 0.6663
vn 0.6320 -0.1173 0.7660
vn 0.5711 -0.0454 0.8196
vn 0.5041 -0.0130 0.8635
vn 0.7921 -0.0414 0.6090
vn 0.8238 -0.0615 0.5636
vn 0.7546 -0.0424 0.6548
vn 0.9590 0.2716 -0.0808
vn 0.9828 0.1775 0.0507
vn 0.9253 0.1741 -0.3368
vn 0.9857 0.1437 -0.0881
vn 0.9793 -0.0015 -0.2025
vn 0.8193 0.3140 -0.4797
vn 0.8081 0.2799 -0.5182
vn 0.8939 0.2460 -0.3747
vn 0.9151 0.1160 -0.3862
vn 0.9388 0.2600 -0.2261
vn 0.9979 0.0381 -0.0522
vn 0.9764 0.0049 -0.2160
vn 0.8960 -0.0671 -0.4389
vn 0.9536 -0.0671 -0.2934
vn 0.9560 -0.0117 -0.2932
vn 0.6899 0.1195 -0.7140
vn 0.7587 0.0296 -0.6508
vn 0.7347 -0.1326 -0.6653
vn 0.7132 0.1182 -0.6909
vn 0.6954 -0.0142 -0.7185
vn 0.7815 -0.0466 -0.6221
vn 0.7246 -0.0858 -0.6838
vn 0.6613 0.0006 -0.7501
vn 0.8804 -0.0240 -0.4735
vn 0.8699 -0.0415 -0.4914
vn 0.8125 -0.0194 -0.5826
vn 0.7839 -0.1753 -0.5956
vn 0.9096 0.0593 -0.4112
vn 0.7613 0.1954 -0.6182
vn 0.7171 -0.1991 -0.6680
vn 0.8532 -0.0563 -0.5185
vn 0.7560 -0.3157 -0.5735
vn 0.7167 -0.3660 -0.5936
vn 0.5981 -0.0407 -0.8004
vn 0.6211 0.0266 -0.7833
vn 0.6917 -0.2533 -0.6763
vn 0.7491 -0.2330 -0.6201
vn 0.7368 0.0723 -0.6722
vn 0.7012 0.3831 -0.6013
vn 0.6505 0.2260 -0.7251
vn 0.9949 0.0905 0.0449
vn 0.9878 0.0042 -0.1557
vn 0.9913 0.0571 -0.1190
vn 0.9526 -0.0720 -0.2956
vn 0.9244 -0.0987 -0.3685
vn 0.9120 -0.1637 -0.3761
vn 0.9235 -0.1658 -0.3458
vn 0.8985 -0.1715 -0.4042
vn 0.8782 -0.2619 -0.4002
vn 0.9365 0.0450 -0.3477
vn 0.4702 -0.4751 -0.7438
vn 0.6616 -0.3360 -0.6704
vn 0.7409 -0.2099 -0.6379
vn 0.8032 -0.2734 -0.5293
vn 0.7187 -0.1473 -0.6796
vn 0.5802 -0.3460 -0.7373
vn 0.6611 -0.5312 -0.5299
vn 0.4274 -0.6401 -0.6384
vn 0.7665 -0.5187 -0.3787
vn -0.6505 -0.7594 0.0141
vn -0.5578 -0.7916 -0.2494
vn -0.1697 -0.9824 -0.0783
vn -0.4853 -0.7259 0.4875
vn -0.0896 -0.8758 0.4743
vn -0.3088 -0.6950 0.6493
vn -0.4434 -0.7693 0.4600
vn -0.6376 -0.7423 -0.2061
vn -0.1469 -0.9322 0.3309
vn -0.4899 -0.8639 0.1169
vn -0.5727 0.7453 -0.3413
vn -0.3597 0.8759 -0.3215
vn 0.0981 0.0905 -0.9911
vn -0.7267 -0.2961 -0.6198
vn -0.5936 -0.3143 -0.7408
vn -0.1464 -0.2848 -0.9473
vn -0.7098 -0.2610 -0.6542
vn -0.9434 -0.0971 -0.3171
vn -0.8792 -0.0747 -0.4705
vn -0.9402 -0.0356 -0.3387
vn -0.8998 -0.2408 -0.3637
vn -0.7604 -0.2623 -0.5941
vn -0.7684 -0.0563 -0.6375
vn -0.4336 -0.2000 -0.8787
vn -0.5573 0.0521 -0.8287
vn -0.6000 -0.3100 -0.7375
vn 0.0581 0.4035 -0.9131
vn -0.0796 0.4694 -0.8794
vn -0.1267 0.1785 -0.9757
vn -0.6642 -0.3451 -0.6631
vn -0.8762 -0.2663 -0.4017
vn -0.9295 -0.2726 -0.2484
vn -0.9476 -0.1180 -0.2970
vn -0.5499 -0.3209 -0.7711
vn 0.0168 -0.1271 -0.9917
vn -0.4031 -0.2385 -0.8835
vn -0.1486 -0.1737 -0.9735
vn 0.2040 -0.1824 -0.9618
vn 0.0827 -0.1262 -0.9886
vn 0.1660 -0.0501 -0.9849
vn 0.3230 0.2360 -0.9165
vn 0.1963 0.2934 -0.9356
vn 0.3261 0.1860 -0.9269
vn 0.4166 -0.0053 -0.9091
vn 0.2926 0.1395 -0.9460
vn 0.4165 0.1028 -0.9033
vn 0.3343 0.0642 -0.9403
vn 0.3306 0.1025 -0.9382
vn 0.3674 0.0273 -0.9297
vn 0.3014 0.1200 -0.9459
vn 0.3532 -0.0448 -0.9345
vn 0.4801 0.0948 -0.8721
vn 0.1886 -0.1433 -0.9715
vn 0.2019 -0.0291 -0.9790
vn 0.1600 0.0764 -0.9841
vn 0.2598 -0.0923 -0.9612
vn 0.2987 -0.0004 -0.9544
vn 0.1883 -0.0255 -0.9818
vn 0.1268 -0.2613 -0.9569
vn 0.3557 0.0132 -0.9345
vn 0.3928 0.0159 -0.9195
vn 0.3815 0.0854 -0.9204
vn -0.9678 0.2363 -0.0867
vn 0.3704 0.0550 -0.9272
vn 0.3477 0.1504 -0.9254
vn 0.9396 0.1953 -0.2811
vn 0.3608 0.1642 -0.9181
vn 0.9029 0.3950 -0.1698
vn 0.4123 0.5937 -0.6910
vn -0.1308 0.3277 -0.9357
vn -0.5990 0.1289 -0.7903
vn -0.3001 0.6343 -0.7124
vn -0.6913 0.3566 -0.6284
vn -0.3815 0.7612 -0.5244
vn 0.7414 -0.0152 0.6709
vn 0.9875 0.0206 -0.1564
vn 0.7863 -0.1730 0.5931
vn 0.6666 -0.0001 0.7454
vn 0.5990 0.1694 0.7826
vn 0.7339 -0.1969 0.6501
vn 0.7778 -0.3481 0.5233
vn 0.7430 -0.1774 0.6454
vn 0.7881 -0.2109 0.5783
vn -0.3964 0.8632 0.3125
vn 0.0028 0.7945 0.6072
vn -0.2464 0.8803 0.4054
vn -0.5801 0.8102 -0.0843
vn -0.6902 0.5442 -0.4769
vn -0.6285 0.4643 -0.6240
vn -0.6167 0.6500 -0.4441
vn -0.5564 0.8145 -0.1645
vn -0.6037 0.6724 -0.4282
vn -0.6389 0.7207 -0.2690
vn -0.6308 0.4742 -0.6142
vn 0.3382 -0.8901 -0.3054
vn 0.1430 -0.8082 -0.5713
vn 0.2882 -0.9073 -0.3062
vn 0.4334 0.3061 0.8476
vn 0.5864 0.0186 0.8098
vn 0.2301 0.7955 0.5606
vn 0.3717 0.6581 0.6548
vn 0.1876 0.8498 0.4926
vn 0.7372 -0.4437 0.5095
vn 0.6159 -0.5858 0.5267
vn 0.3894 -0.9070 -0.1606
vn 0.2635 -0.9290 -0.2599
vn 0.1042 -0.8330 -0.5434
vn 0.0650 -0.8557 -0.5133
vn -0.1101 -0.7204 -0.6847
vn 0.4439 0.8758 -0.1898
vn 0.1467 0.8648 -0.4802
vn -0.5846 0.7268 -0.3605
vn 0.0459 0.9904 -0.1305
vn 0.7346 0.6192 0.2774
vn 0.0338 0.9985 0.0427
vn 0.6352 0.7715 -0.0356
vn 0.4689 0.8103 -0.3514
vn 0.8604 0.5095 -0.0130
vn 0.8202 0.4395 0.3663
vn 0.7865 0.3078 0.5354
vn 0.8086 0.2469 0.5340
vn 0.9539 0.1860 0.2356
vn 0.0659 -0.7342 -0.6757
vn -0.0338 -0.6606 -0.7500
vn -0.0856 -0.5202 -0.8497
vn -0.5931 0.3169 -0.7402
vn -0.6023 0.4722 -0.6437
vn 0.1872 -0.8582 -0.4780
vn 0.3987 -0.9168 -0.0248
vn 0.4104 -0.9035 0.1233
vn 0.4774 -0.8031 0.3566
vn 0.4953 -0.7664 0.4090
vn 0.5098 -0.2884 0.8105
vn 0.5115 -0.5751 0.6385
vn -0.0417 -0.6585 -0.7514
vn -0.2105 -0.5222 -0.8264
vn -0.3899 -0.1657 -0.9058
vn -0.3493 -0.3183 -0.8813
vn -0.5085 -0.0960 -0.8557
vn -0.1975 -0.4225 -0.8846
vn -0.1553 -0.4715 -0.8681
vn -0.2436 -0.3205 -0.9154
vn -0.3711 -0.0751 -0.9255
vn -0.6169 -0.1443 -0.7737
vn -0.3552 -0.3739 -0.8568
vn -0.6049 -0.2533 -0.7549
vn -0.4188 -0.1367 -0.8977
vn -0.3816 -0.1116 -0.9176
vn -0.5129 0.1023 -0.8524
vn -0.4900 0.0269 -0.8713
vn -0.5702 0.1256 -0.8118
vn -0.0313 -0.6697 -0.7420
vn 0.4621 -0.8802 0.1084
vn -0.6369 -0.0213 -0.7707
vn -0.6707 0.1256 -0.7310
vn -0.6982 0.3226 -0.6390
vn -0.7202 0.4914 -0.4897
vn -0.4284 0.8990 -0.0912
vn -0.6427 0.7497 -0.1577
vn -0.3080 0.9316 0.1929
vn 0.7680 0.1870 0.6125
vn 0.7166 0.5293 0.4543
vn 0.3088 0.8423 0.4417
vn -0.5950 0.1288 -0.7933
vn -0.5025 -0.1487 -0.8517
vn -0.6198 0.3283 -0.7128
vn 0.4940 -0.1684 -0.8530
vn 0.1427 -0.2213 -0.9647
vn 0.4879 -0.3727 -0.7893
vn 0.9725 -0.1061 -0.2072
vn 0.5860 0.4595 0.6675
vn 0.6343 0.2947 0.7147
vn 0.4829 0.3777 0.7900
vn 0.4666 0.5465 0.6954
vn 0.7290 0.4005 0.5551
vn 0.6107 0.4606 0.6442
vn 0.9321 -0.0269 0.3612
vn 0.8168 -0.5369 0.2110
vn 0.8617 -0.0148 0.5072
vn 0.7376 -0.5918 0.3252
vn 0.4589 -0.8690 -0.1854
vn 0.4685 -0.8500 -0.2408
vn 0.7805 0.3732 0.5015
vn 0.7270 0.0893 0.6809
vn -0.2462 -0.5671 -0.7860
vn 0.2860 -0.2310 -0.9300
vn 0.3898 -0.6079 -0.6917
vn 0.9067 -0.3516 -0.2331
vn 0.9410 0.1458 0.3055
vn 0.8842 -0.4508 -0.1219
vn 0.6670 -0.7246 -0.1734
vn 0.8553 -0.5015 0.1301
vn 0.1646 -0.8327 -0.5287
vn -0.2563 -0.7056 -0.6607
vn -0.1566 -0.7165 -0.6798
vn 0.4007 -0.7383 -0.5426
vn 0.1814 -0.1441 -0.9728
vn 0.1833 -0.0485 -0.9819
vn 0.1919 -0.2544 -0.9479
vn 0.1332 -0.3774 -0.9164
vn 0.1126 -0.2510 -0.9614
vn 0.3777 -0.2126 -0.9012
vn 0.2516 0.0514 -0.9665
vn 0.2373 -0.1518 -0.9595
vn 0.1642 -0.3363 -0.9273
vn 0.2837 -0.2652 -0.9215
vn 0.3273 -0.1118 -0.9383
vn 0.2571 -0.1867 -0.9482
vn 0.1464 -0.2326 -0.9615
vn 0.4944 0.0301 -0.8687
vn 0.4183 -0.0399 -0.9074
vn 0.4659 -0.0683 -0.8822
vn 0.2181 -0.1761 -0.9599
vn 0.2534 -0.1563 -0.9547
vn 0.2689 -0.0701 -0.9606
vn 0.2525 -0.2098 -0.9446
vn 0.3656 -0.0666 -0.9284
vn 0.3852 -0.1954 -0.9019
vn -0.1415 0.8668 -0.4781
vn -0.2739 0.7648 -0.5831
vn -0.1114 0.2016 -0.9731
vn 0.0157 0.8762 -0.4817
vn -0.0135 0.8856 -0.4642
vn 0.0902 0.7475 -0.6581
vn 0.0017 0.8283 -0.5602
vn 0.1040 0.3018 -0.9477
vn 0.1350 0.3845 -0.9132
vn 0.0898 0.2348 -0.9679
vn 0.0509 0.1247 -0.9909
vn 0.0234 0.1930 -0.9809
vn -0.0355 0.4111 -0.9109
vn -0.1240 0.8592 -0.4964
vn -0.1350 0.9292 -0.3441
vn -0.4861 -0.4185 -0.7672
vn -0.4543 -0.5466 -0.7035
vn -0.4004 -0.5542 -0.7297
vn -0.3644 -0.3383 -0.8676
vn -0.2696 -0.3948 -0.8783
vn -0.2866 -0.4988 -0.8179
vn -0.2137 -0.6088 -0.7640
vn -0.1522 0.8289 -0.5383
vn -0.1032 0.3730 -0.9221
vn -0.1060 -0.4538 -0.8848
vn 0.0248 -0.4497 -0.8928
vn 0.2990 -0.1230 -0.9463
vn -0.7075 -0.6671 -0.2333
vn -0.4738 -0.8249 -0.3083
vn 0.1894 -0.1620 -0.9684
vn 0.0293 -0.1290 -0.9912
vn 0.1841 -0.2745 -0.9438
vn 0.1556 -0.2868 -0.9452
vn 0.1357 -0.5312 -0.8363
vn 0.0737 -0.4780 -0.8753
vn 0.1566 -0.4479 -0.8802
vn 0.0669 -0.3318 -0.9410
vn 0.1185 -0.1651 -0.9791
vn 0.2165 -0.3043 -0.9277
vn 0.1205 -0.1254 -0.9848
vn 0.3574 -0.4243 -0.8320
vn 0.3402 -0.4098 -0.8464
vn 0.4873 -0.3202 -0.8124
vn 0.2747 -0.3246 -0.9051
vn 0.4702 -0.4495 -0.7595
vn 0.1420 -0.3631 -0.9209
vn 0.0443 -0.4200 -0.9065
vn 0.0954 -0.8862 -0.4534
vn 0.1119 -0.5675 -0.8157
vn 0.3049 -0.5384 -0.7856
vn 0.6814 -0.1241 -0.7213
vn 0.1391 -0.5653 -0.8131
vn 0.2478 -0.4665 -0.8491
vn 0.0985 -0.6779 -0.7285
vn 0.0086 -0.2343 -0.9721
vn 0.0570 -0.6862 -0.7252
vn 0.1335 -0.1664 -0.9770
vn 0.0721 -0.0719 -0.9948
vn 0.0072 -0.8767 -0.4810
vn 0.0405 -0.8801 -0.4730
vn -0.0079 -0.9896 -0.1435
vn -0.0443 -0.9834 0.1759
vn 0.0184 -0.9836 -0.1793
vn 0.1115 -0.4641 -0.8788
vn 0.1523 -0.0349 -0.9877
vn 0.0918 -0.1143 -0.9892
vn 0.0213 -0.5927 -0.8052
vn 0.1828 -0.5623 -0.8065
vn 0.0302 -0.7521 -0.6584
vn -0.3116 0.9071 0.2829
vn 0.2977 0.6857 0.6642
vn 0.5529 0.3448 0.7585
vn -0.1662 -0.5103 -0.8438
vn -0.0003 -0.6316 -0.7753
vn 0.0495 -0.5268 -0.8485
vn 0.1724 -0.6993 -0.6937
vn 0.1326 -0.6315 -0.7639
vn 0.0821 -0.1820 -0.9799
vn 0.1273 0.0289 -0.9914
vn 0.2620 -0.0845 -0.9614
vn -0.1888 0.3436 -0.9199
vn -0.2382 0.0901 -0.9670
vn -0.0942 0.3705 -0.9240
vn -0.1464 0.1852 -0.9717
vn -0.0608 0.3934 -0.9174
vn -0.2048 0.3113 -0.9280
vn -0.2098 0.5565 -0.8039
vn -0.2056 0.6749 -0.7087
vn -0.1806 0.6257 -0.7589
vn 0.0204 0.5750 -0.8179
vn 0.0088 0.5015 -0.8651
vn -0.0907 0.5658 -0.8195
vn 0.0931 0.2930 -0.9516
vn -0.9956 0.0673 -0.0645
vn -0.8787 0.4653 0.1071
vn 0.0973 -0.5778 -0.8104
vn 0.2569 -0.4387 -0.8611
vn 0.3531 -0.5291 -0.7716
vn 0.4326 -0.2521 -0.8656
vn 0.5086 0.0133 -0.8609
vn 0.4971 -0.3399 -0.7983
vn 0.7001 -0.2282 -0.6766
vn 0.6960 -0.1456 -0.7031
vn 0.7084 -0.2278 -0.6681
vn 0.7205 -0.2546 -0.6450
vn 0.2246 0.2960 -0.9284
vn 0.3321 0.2558 -0.9079
vn 0.4040 0.2955 -0.8657
vn 0.4381 0.2928 -0.8499
vn 0.4901 0.3051 -0.8166
vn 0.3999 0.4608 -0.7923
vn 0.2793 0.5136 -0.8113
vn 0.4076 0.4239 -0.8088
vn 0.2260 0.2727 -0.9352
vn 0.2409 0.5897 -0.7708
vn 0.2627 0.6203 -0.7390
vn 0.2661 0.4658 -0.8439
vn 0.2448 0.4969 -0.8326
vn 0.4614 0.4731 -0.7505
vn 0.4775 0.4929 -0.7274
vn 0.0717 0.2478 -0.9662
vn 0.5492 0.2997 -0.7801
vn -0.6649 -0.0706 -0.7435
vn -0.5340 -0.2123 -0.8184
vn 0.0906 -0.8843 -0.4580
vn 0.1379 -0.4443 -0.8852
vn 0.1359 -0.8387 -0.5273
vn 0.2334 -0.4676 -0.8526
vn 0.3087 -0.6251 -0.7169
vn 0.4974 -0.4857 -0.7189
vn 0.6652 -0.2571 -0.7010
vn 0.4543 0.2202 -0.8632
vn 0.6146 0.3217 -0.7203
vn 0.6296 0.1381 -0.7645
vn 0.5426 0.5313 -0.6506
vn 0.9382 0.2827 -0.1997
vn 0.9187 0.3943 -0.0212
vn 0.9236 0.3541 -0.1468
vn 0.8723 0.4747 -0.1176
vn 0.8437 0.4329 -0.3174
vn 0.9322 0.2171 -0.2896
vn 0.7698 0.5014 -0.3949
vn 0.8201 0.3852 -0.4232
vn 0.7790 0.4840 -0.3986
vn 0.7035 0.5071 -0.4979
vn 0.8137 0.4881 -0.3155
vn -0.7978 -0.5685 -0.2007
vn -0.7622 -0.5689 -0.3088
vn -0.9958 -0.0321 -0.0855
vn -0.9805 -0.1948 0.0277
vn -0.7468 -0.5813 -0.3231
vn -0.9149 -0.3842 -0.1242
vn 0.0936 -0.4986 -0.8617
vn 0.1469 -0.5660 -0.8112
vn -0.0063 -0.9625 -0.2712
vn -0.2781 0.0137 -0.9604
vn -0.1097 0.4907 -0.8644
vn -0.4851 0.4978 -0.7189
vn -0.8698 0.1756 -0.4611
vn -0.1170 0.6968 -0.7077
vn -0.1472 0.2540 -0.9559
vn 0.2365 0.4911 -0.8384
vn -0.5709 0.2753 -0.7735
vn -0.6122 0.5569 -0.5613
vn -0.5760 0.1558 -0.8025
vn -0.0519 0.5267 -0.8485
vn -0.0080 0.6427 -0.7661
vn -0.0489 0.5541 -0.8310
vn -0.1160 0.6496 -0.7514
vn -0.0871 0.5822 -0.8084
vn -0.1179 0.7418 -0.6602
vn 0.1590 -0.8252 -0.5421
vn 0.0806 -0.9718 -0.2215
vn 0.0190 -0.9894 -0.1438
vn -0.0055 -0.9937 0.1121
vn 0.0136 -0.8831 0.4691
vn -0.2371 -0.8400 -0.4880
vn 0.0055 0.3990 -0.9170
vn 0.0357 -0.9832 -0.1792
vn -0.0508 -0.6815 0.7301
vn -0.0335 -0.9486 0.3147
vn -0.3998 0.7640 0.5065
vn -0.7215 0.5624 0.4039
vn -0.6250 0.6882 0.3685
vn 0.3469 0.7931 0.5007
vn 0.5426 0.7249 0.4245
vn 0.5524 0.7316 0.3996
vn 0.9550 0.0484 -0.2928
vn 0.7205 0.2854 -0.6320
vn 0.2418 0.0323 -0.9698
vn 0.5039 -0.0631 -0.8615
vn 0.2799 -0.6222 -0.7311
vn 0.0351 -0.3972 -0.9171
vn -0.0081 -0.6937 -0.7203
vn -0.0096 -0.6765 -0.7363
vn -0.2315 -0.4645 -0.8548
vn -0.6872 0.5023 -0.5247
vn -0.7363 0.5437 -0.4029
vn -0.6778 0.7084 -0.1968
vn -0.5042 0.8424 0.1903
vn -0.6048 0.7822 0.1496
vn -0.0520 0.4670 0.8827
vn -0.1751 0.6441 0.7447
vn 0.1918 0.4191 0.8874
vn 0.1006 0.5587 0.8232
vn 0.2960 0.8632 0.4089
vn -0.2517 0.8263 0.5038
vn -0.0903 0.9704 0.2241
vn 0.1310 0.9889 0.0701
vn -0.0406 0.9989 -0.0232
vn 0.1567 0.9859 0.0592
vn 0.3123 0.9398 0.1387
vn 0.5228 0.7816 0.3402
vn 0.7449 0.3723 0.5536
vn 0.8241 0.4008 0.4002
vn 0.9328 0.0781 0.3519
vn 0.9284 0.0307 0.3703
vn 0.9659 0.0285 0.2574
vn 0.9356 0.2533 0.2461
vn 0.8439 0.4660 0.2658
vn 0.9086 0.3482 0.2306
vn 0.9609 0.1910 0.2003
vn 0.9807 0.1945 0.0212
vn 0.7975 -0.1778 0.5766
vn 0.9242 -0.2288 0.3059
vn 0.7333 -0.4822 0.4793
vn 0.6520 -0.3489 0.6732
vn 0.5824 0.0515 0.8113
vn 0.3887 0.2021 0.8989
vn 0.5396 0.2480 0.8046
vn 0.7326 -0.1566 0.6624
vn 0.5606 0.3040 0.7702
vn 0.5949 0.1983 0.7790
vn 0.1800 0.6884 0.7027
vn 0.6497 0.1649 0.7421
vn 0.1476 0.8411 0.5204
vn 0.1510 0.7567 0.6361
vn 0.9810 -0.0028 0.1938
vn 0.9718 -0.0061 0.2359
vn 0.7616 0.1185 0.6371
vn 0.9510 0.0355 0.3072
vn 0.9672 0.1116 0.2281
vn 0.9451 0.0509 0.3229
vn 0.9126 0.3647 0.1849
vn 0.6259 0.7546 0.1969
vn 0.8761 0.0047 0.4821
vn -0.5379 -0.0764 -0.8395
vn -0.6365 0.1219 -0.7616
vn -0.3891 -0.3358 -0.8578
vn -0.6894 0.2965 -0.6609
vn -0.6455 0.3007 -0.7020
vn -0.3722 0.8567 0.3570
vn -0.2579 0.7943 0.5500
vn 0.0232 0.6557 0.7547
vn 0.2288 0.4927 0.8396
vn 0.5342 0.2227 0.8155
vn 0.7611 -0.2213 0.6097
vn 0.7815 -0.2546 0.5696
vn 0.6601 0.1386 0.7383
vn 0.6395 0.0537 0.7669
vn 0.5001 0.3543 0.7902
vn 0.2555 0.7648 0.5914
vn 0.5373 0.5248 0.6602
vn 0.3411 0.6233 0.7037
vn 0.4701 0.4286 0.7716
vn 0.2353 0.7612 0.6044
vn 0.6388 0.2306 0.7340
vn 0.4329 0.6435 0.6312
vn 0.7793 0.0232 0.6262
vn 0.3768 0.5734 0.7275
vn 0.3457 0.4738 0.8099
vn 0.4918 0.2748 0.8262
vn -0.6528 0.6949 -0.3015
vn -0.4865 0.8635 0.1328
vn -0.4424 0.8798 0.1739
vn -0.5303 0.8474 0.0262
vn -0.1253 0.7908 0.5991
vn 0.5907 0.1600 0.7909
vn 0.6820 -0.4523 -0.5747
vn 0.8802 -0.4525 -0.1432
vn 0.9080 0.4161 -0.0478
vn 0.9162 0.3732 0.1456
vn 0.8529 0.4408 0.2797
vn 0.9025 0.2368 0.3596
vn 0.7652 0.4539 0.4566
vn 0.7139 0.3421 0.6109
vn 0.5369 0.4156 0.7342
vn 0.7373 0.0006 0.6756
vn 0.8101 0.2045 0.5494
vn 0.6916 0.3643 0.6237
vn 0.5156 0.4264 0.7432
vn 0.1940 0.4108 0.8908
vn 0.3232 0.2331 0.9172
vn 0.0377 -0.0010 0.9993
vn 0.2643 0.1836 0.9468
vn -0.0165 -0.0362 0.9992
vn -0.2425 -0.6009 0.7616
vn -0.3448 -0.3489 0.8714
vn -0.5684 -0.2670 0.7782
vn -0.5297 -0.5473 0.6480
vn 0.0928 -0.9284 0.3598
vn 0.2754 -0.8426 0.4628
vn -0.0211 -0.7680 0.6402
vn 0.0379 -0.3079 0.9507
vn 0.2636 -0.2087 0.9418
vn -0.1851 -0.0570 0.9811
vn -0.0443 0.3625 0.9309
vn 0.0423 -0.0209 0.9989
vn 0.2525 0.1622 0.9539
vn 0.4689 -0.4294 0.7718
vn 0.2044 -0.7698 0.6047
vn 0.1353 -0.5927 0.7940
vn -0.1548 -0.8511 0.5017
vn 0.2942 -0.8739 0.3871
vn 0.5647 -0.6510 0.5072
vn 0.5202 -0.7996 0.2999
vn 0.7167 -0.6157 0.3274
vn -0.2561 -0.7446 0.6164
vn 0.3335 -0.9106 0.2442
vn 0.1705 0.0547 0.9838
vn 0.0772 0.5101 0.8566
vn 0.2242 0.3952 0.8908
vn 0.8133 0.0146 0.5817
vn 0.8033 0.1427 0.5783
vn 0.8920 0.1683 0.4195
vn 0.8009 0.3810 0.4619
vn 0.7256 0.3732 0.5782
vn 0.6092 0.4337 0.6640
vn 0.7065 0.2933 0.6441
vn 0.4976 -0.6296 0.5966
vn 0.3837 -0.3750 0.8439
vn 0.4580 -0.6104 0.6462
vn 0.3565 -0.2273 0.9062
vn 0.1191 0.3934 0.9116
vn 0.4566 0.1325 0.8797
vn 0.6336 -0.2577 0.7295
vn 0.4896 0.2481 0.8359
vn 0.2301 0.5147 0.8259
vn 0.8587 -0.0335 0.5114
vn 0.8803 0.3204 0.3498
vn 0.8141 0.4971 0.3004
vn 0.8914 0.3493 0.2887
vn 0.5918 0.6416 0.4879
vn 0.8921 0.2230 0.3929
vn 0.8576 -0.3864 0.3395
vn 0.7976 -0.3751 0.4723
vn 0.8223 -0.3185 0.4715
vn 0.5416 -0.4660 0.6996
vn 0.3498 -0.3067 0.8852
vn 0.0540 -0.2951 0.9540
vn -0.3411 -0.1136 0.9331
vn 0.6514 -0.6603 0.3738
vn 0.0301 0.4914 0.8704
vn -0.0913 0.4438 0.8915
vn 0.1647 -0.5460 0.8214
vn 0.5661 0.2992 0.7682
vn 0.2571 0.2266 0.9394
vn 0.5394 0.3730 0.7549
vn 0.8520 0.4927 0.1771
vn 0.4843 -0.8375 -0.2531
vn 0.5512 -0.2296 0.8022
vn 0.6211 -0.5497 0.5586
vn 0.5112 -0.3271 0.7948
vn 0.5439 -0.6639 0.5132
vn 0.4720 -0.8806 0.0422
vn 0.9643 0.2602 -0.0489
vn 0.9072 0.3700 0.2003
vn 0.8402 0.5421 0.0127
vn 0.9924 0.1123 0.0509
vn 0.2167 0.4384 -0.8723
vn 0.7272 0.4829 -0.4879
vn 0.1479 0.6979 -0.7008
vn 0.0561 0.9917 -0.1161
vn -0.1616 0.9089 -0.3844
vn 0.1164 0.9541 -0.2758
vn 0.0722 0.9939 -0.0836
vn 0.0278 0.9980 -0.0566
vn -0.0735 0.9948 -0.0710
vn -0.0862 0.9956 -0.0360
vn -0.2194 0.9670 -0.1295
vn -0.5412 0.8121 -0.2181
vn -0.8369 0.5187 -0.1748
vn -0.6774 0.7226 0.1375
vn -0.8657 0.2492 -0.4341
vn -0.4427 0.8665 0.2306
vn -0.2449 0.9070 0.3425
vn 0.5188 0.8246 0.2257
vn 0.4144 0.9043 -0.1027
vn 0.6200 0.7307 -0.2857
vn 0.6913 0.7053 0.1569
vn 0.2124 0.9744 0.0734
vn 0.2000 0.9110 0.3605
vn -0.6853 0.4860 -0.5424
vn -0.3531 0.9334 0.0641
vn -0.4813 0.8174 0.3164
vn -0.0673 0.5950 0.8009
vn -0.1057 0.7363 0.6684
vn -0.3688 0.7645 0.5287
vn -0.4708 0.7346 -0.4885
vn -0.5183 0.5077 -0.6881
vn -0.5895 0.7736 0.2323
vn -0.3907 0.7871 0.4773
vn -0.7075 0.6992 -0.1029
vn -0.7414 0.4744 -0.4746
vn -0.7412 0.3839 -0.5507
vn -0.7171 0.6656 -0.2066
vn -0.6739 0.2286 -0.7026
vn -0.5542 -0.0315 -0.8318
vn -0.5278 0.1981 -0.8259
vn -0.3868 0.0153 -0.9221
vn -0.1951 0.3702 -0.9082
vn -0.0870 0.0950 -0.9917
vn -0.7388 0.5871 -0.3309
vn -0.6464 0.7561 0.1020
vn -0.4693 0.7807 0.4126
vn -0.4216 -0.2438 -0.8734
vn -0.1944 -0.1958 -0.9612
vn 0.3860 0.2156 -0.8970
vn -0.5834 0.8105 -0.0527
vn -0.0365 -0.9027 -0.4288
vn 0.5010 0.0537 -0.8638
vn 0.5340 -0.0227 -0.8452
vn 0.4524 0.0929 -0.8870
vn 0.6525 0.4069 -0.6393
vn 0.6913 0.2918 -0.6610
vn -0.1003 -0.2675 -0.9583
vn -0.0445 -0.2748 -0.9605
vn -0.5302 0.1644 -0.8318
vn -0.3557 0.1555 -0.9216
vn -0.3928 0.1282 -0.9107
vn 0.5503 0.2738 0.7888
vn -0.7677 0.4733 -0.4320
vn -0.3694 0.1450 -0.9179
vn -0.3958 0.1083 -0.9119
vn -0.3097 0.1861 -0.9325
vn -0.4263 0.0406 -0.9037
vn -0.4159 0.1035 -0.9035
vn -0.3140 0.1653 -0.9349
vn -0.4724 0.3351 -0.8152
vn -0.6622 0.2507 -0.7062
vn -0.5475 0.3768 -0.7472
vn -0.6146 0.3075 -0.7265
vn -0.4928 0.4055 -0.7699
vn -0.4763 0.3853 -0.7904
vn -0.5658 0.3388 -0.7518
vn -0.3607 0.1730 -0.9165
vn -0.3713 0.2111 -0.9042
vn -0.5224 0.2617 -0.8116
vn -0.2727 0.1984 -0.9414
vn -0.4612 0.3305 -0.8234
vn -0.4771 0.3975 -0.7838
vn -0.4650 0.4450 -0.7653
vn -0.9157 -0.2910 -0.2773
vn -0.6577 -0.7373 -0.1546
vn -0.3911 -0.9150 -0.0991
vn -0.4696 -0.7964 -0.3810
vn -0.0213 -0.9986 -0.0484
vn 0.0968 -0.9949 -0.0294
vn -0.0044 -0.9999 -0.0164
vn 0.0295 -0.9985 -0.0456
vn -0.5575 -0.3391 -0.7578
vn -0.2150 -0.8400 -0.4981
vn -0.3572 -0.0934 -0.9293
vn -0.4264 -0.0492 -0.9032
vn -0.2321 0.4788 -0.8467
vn -0.3069 -0.0223 -0.9515
vn -0.3683 -0.3821 -0.8476
vn -0.0316 -0.9975 -0.0635
vn -0.2782 -0.5605 -0.7800
vn -0.0365 -0.9571 0.2874
vn -0.0816 -0.7849 0.6142
vn -0.1172 -0.5851 0.8024
vn -0.1048 -0.6467 0.7555
vn -0.0833 -0.7079 0.7014
vn -0.0510 -0.9241 0.3787
vn -0.0431 0.6251 -0.7793
vn -0.0560 0.7360 0.6746
vn -0.1876 -0.8150 -0.5483
vn 0.5140 -0.7450 -0.4253
vn -0.1452 -0.4402 -0.8861
vn -0.1070 -0.6781 0.7272
vn -0.0666 -0.8565 0.5118
vn -0.0615 -0.9168 0.3946
vn -0.0187 -0.9937 0.1108
vn 0.0021 -0.9994 -0.0336
vn -0.0006 -0.9989 -0.0459
vn -0.0219 -0.9951 0.0960
vn -0.0009 -0.9988 -0.0487
vn -0.9668 -0.1488 -0.2078
vn 0.7754 -0.1851 -0.6037
vn 0.8416 -0.2719 -0.4666
vn 0.7580 -0.1483 -0.6351
vn 0.7869 -0.2553 -0.5617
vn 0.4437 0.1389 -0.8853
vn -0.9574 -0.2809 -0.0674
vn 0.7647 -0.2141 0.6077
vn -0.0527 0.7210 0.6909
vn 0.0850 0.6678 -0.7395
vn -0.7503 -0.5454 -0.3737
vn -0.9025 -0.1612 -0.3995
vn -0.8179 0.3024 -0.4895
vn -0.8155 0.2156 -0.5372
vn -0.8056 0.2213 -0.5495
vn -0.7757 0.2785 -0.5663
vn -0.4005 -0.5907 -0.7005
vn -0.5855 -0.2626 -0.7670
vn -0.4044 0.0387 -0.9137
vn -0.5920 0.1234 -0.7964
vn -0.3703 0.1710 -0.9130
vn -0.5699 0.1049 -0.8150
vn -0.7582 0.1951 -0.6222
vn -0.7094 -0.0190 -0.7046
vn -0.7604 0.1780 -0.6246
vn -0.0765 -0.2893 -0.9542
vn -0.0365 -0.9838 0.1757
vn -0.0016 -0.9994 -0.0353
vn -0.5766 -0.7568 -0.3079
vn -0.5929 -0.6903 -0.4146
vn -0.2929 -0.9298 -0.2229
vn 0.8500 -0.1785 -0.4956
vn -0.3453 -0.9008 -0.2632
vn -0.0195 0.8717 0.4897
vn 0.7601 0.5696 0.3128
vn -0.0471 0.6623 0.7477
vn 0.6848 -0.0407 0.7276
vn 0.7707 -0.3062 0.5587
vn 0.4501 0.2193 0.8656
vn 0.4187 -0.8873 0.1933
vn 0.5671 -0.8220 0.0515
vn 0.1802 -0.9831 0.0327
vn 0.5480 -0.8142 -0.1917
vn 0.3690 -0.8846 -0.2850
vn 0.3813 -0.9223 -0.0636
vn 0.3028 -0.9398 -0.1584
vn 0.5496 -0.8338 0.0526
vn 0.4062 -0.8594 -0.3106
vn 0.2797 -0.9353 -0.2168
vn 0.0200 -0.9977 -0.0650
vn -0.0181 -0.9994 -0.0299
vn 0.0003 -0.9990 -0.0442
vn 0.3045 0.7469 -0.5911
vn 0.3587 0.8683 -0.3427
vn 0.2173 0.9454 -0.2431
vn 0.3625 0.9079 -0.2108
vn 0.2189 0.9689 -0.1154
vn 0.2394 0.9603 -0.1434
vn 0.6600 0.6318 -0.4065
vn 0.5212 -0.8351 0.1761
vn 0.5941 -0.5866 0.5505
vn 0.1097 -0.7843 -0.6106
vn -0.1675 -0.9745 -0.1492
vn 0.6404 0.1743 0.7480
vn 0.4241 0.5000 0.7551
vn 0.3540 0.5987 0.7185
vn 0.1068 0.8015 0.5883
vn 0.6675 -0.1390 0.7315
vn 0.5457 0.0830 0.8339
vn 0.3013 0.2889 0.9087
vn 0.7781 -0.2201 0.5883
vn 0.4310 0.1511 0.8896
vn 0.1746 0.4304 0.8856
vn 0.3043 -0.8916 -0.3355
vn 0.6590 0.1754 -0.7314
vn 0.2992 0.3435 -0.8902
vn 0.0277 0.7581 -0.6516
vn 0.0521 0.8918 -0.4494
vn 0.8108 0.4361 -0.3904
vn 0.5950 0.7060 0.3842
vn 0.9041 0.3590 -0.2316
vn 0.8593 0.2685 -0.4352
vn 0.7842 0.1087 -0.6108
vn 0.7902 0.0659 -0.6093
vn 0.6857 0.1562 -0.7109
vn -0.0004 0.8087 -0.5883
vn 0.4452 -0.8916 -0.0834
vn 0.5542 -0.7843 0.2789
vn 0.2228 -0.8466 -0.4834
vn 0.5603 -0.8058 0.1917
vn 0.6898 -0.6940 0.2063
vn 0.5858 0.2102 -0.7827
vn -0.7337 -0.3151 -0.6020
vn -0.7830 -0.2934 -0.5485
vn 0.7827 0.5301 -0.3262
vn -0.2811 0.3758 -0.8830
vn -0.3674 0.3217 -0.8727
vn -0.3275 0.4630 -0.8237
vn 0.5082 -0.6202 0.5976
vn 0.4769 -0.3192 0.8189
vn 0.3902 0.3026 0.8696
vn 0.2719 -0.2727 -0.9229
vn 0.2836 -0.6115 -0.7387
vn 0.4028 -0.7017 -0.5877
vn -0.1699 -0.9123 -0.3726
vn -0.1598 0.8634 0.4785
vn -0.3515 0.8556 0.3800
vn -0.2784 0.9405 0.1947
vn -0.2512 0.9564 0.1489
vn -0.0158 0.8383 0.5449
vn -0.2051 0.8302 0.5183
vn -0.3015 0.8575 0.4169
vn -0.2517 0.9192 0.3028
vn -0.0432 0.7948 0.6053
vn 0.0917 0.6774 0.7299
vn 0.1187 0.6227 0.7734
vn -0.0099 -0.9991 -0.0409
vn 0.2761 -0.9335 -0.2288
vn 0.1863 -0.9714 -0.1472
vn 0.4828 -0.8450 -0.2302
vn 0.0916 -0.9907 -0.1008
vn 0.0093 -0.9992 -0.0393
vn -0.5660 -0.7494 -0.3436
vn -0.6899 -0.0180 -0.7237
vn -0.8747 -0.0438 -0.4827
vn -0.9703 -0.1676 -0.1744
vn 0.1245 -0.2452 -0.9614
vn -0.3209 -0.8401 -0.4374
vn 0.4763 0.8003 -0.3642
vn 0.5786 0.7810 -0.2352
vn 0.4625 0.8478 -0.2595
vn -0.3567 0.9342 -0.0079
vn -0.0404 0.9950 0.0912
vn -0.9218 -0.1052 -0.3731
vn -0.9364 0.1428 -0.3205
vn -0.6053 -0.2121 -0.7673
vn -0.6303 -0.5454 -0.5526
vn -0.4009 -0.6683 -0.6267
vn -0.5154 -0.7232 -0.4597
vn -0.6238 -0.6531 -0.4293
vn -0.5730 -0.7799 -0.2519
vn -0.6372 -0.7356 -0.2302
vn -0.6627 -0.7458 -0.0681
vn -0.7813 -0.6132 -0.1161
vn -0.8065 -0.5263 0.2695
vn -0.6963 -0.7078 0.1192
vn -0.7671 -0.5890 0.2544
vn -0.6687 -0.7258 0.1613
vn -0.7050 -0.7090 0.0167
vn -0.7205 -0.6924 0.0375
vn -0.6594 -0.7506 0.0437
vn -0.7570 -0.6474 0.0881
vn -0.6629 -0.7263 0.1816
vn -0.4148 -0.8993 0.1387
vn -0.4619 -0.8540 0.2395
vn -0.5320 -0.7551 0.3831
vn -0.8596 0.0722 0.5058
vn -0.7156 -0.6957 0.0622
vn -0.4782 -0.8632 -0.1620
vn -0.4308 -0.8716 -0.2339
vn -0.3089 -0.9185 -0.2468
vn -0.3407 -0.8391 -0.4241
vn -0.6801 -0.7323 0.0356
vn -0.5360 -0.8440 0.0194
vn -0.3719 -0.8990 -0.2312
vn -0.3943 -0.9184 -0.0321
vn 0.1797 -0.9512 -0.2509
vn 0.1598 -0.8541 -0.4950
vn 0.2516 -0.8005 -0.5440
vn 0.3231 -0.7643 -0.5581
vn 0.3869 -0.6849 -0.6174
vn -0.0881 -0.9958 0.0236
vn -0.2834 -0.9359 0.2094
vn 0.3723 0.4278 -0.8236
vn 0.3472 0.2207 0.9115
vn 0.2685 0.3632 0.8922
vn 0.0113 0.7628 0.6465
vn 0.6256 0.2087 -0.7517
vn -0.5517 -0.7257 -0.4111
vn -0.9911 -0.1288 -0.0340
vn 0.3179 0.4721 -0.8222
vn -0.6362 -0.6855 -0.3540
vn -0.9833 0.0022 -0.1821
vn -0.9809 -0.1628 -0.1066
vn -0.7231 -0.6881 -0.0595
vn -0.9155 -0.3897 -0.0998
vn -0.9508 -0.1816 -0.2509
vn -0.9228 0.2104 -0.3227
vn -0.8696 0.1491 -0.4708
vn -0.9146 0.1099 -0.3890
vn -0.9212 0.0277 -0.3882
vn -0.9586 0.1852 -0.2161
vn -0.8957 0.0206 -0.4443
vn -0.8449 0.1881 -0.5008
vn -0.2393 0.9709 0.0038
vn -0.2224 0.9664 -0.1289
vn -0.2075 0.9668 0.1493
vn 0.2252 0.6587 0.7180
vn 0.3194 0.3157 0.8935
vn -0.2173 -0.9701 -0.1077
vn -0.6302 -0.7563 -0.1757
vn -0.6502 -0.7518 -0.1097
vn -0.4416 -0.8878 -0.1299
vn 0.2808 0.5158 -0.8094
vn -0.7940 -0.5442 -0.2710
vn -0.7346 -0.6661 -0.1289
vn -0.8856 -0.4526 0.1041
vn -0.8335 -0.5524 0.0100
vn -0.7704 -0.6218 -0.1408
vn -0.6819 -0.7283 -0.0678
vn -0.7444 -0.6252 -0.2343
vn -0.6403 0.5986 -0.4814
vn -0.6823 0.6030 -0.4134
vn -0.4922 0.8489 -0.1928
vn -0.6245 0.6914 -0.3632
vn 0.0117 -0.9999 0.0038
vn -0.0052 -0.9997 0.0247
vn -0.0309 -0.9995 0.0036
vn -0.0162 -0.9999 -0.0051
vn -0.0611 -0.9980 0.0160
vn -0.0243 -0.9997 -0.0039
vn -0.0481 -0.9988 -0.0039
vn -0.0829 -0.9955 0.0452
vn 0.0072 -0.9999 0.0109
vn -0.8801 -0.3236 0.3474
vn -0.7017 -0.4244 0.5722
vn -0.3436 0.9276 -0.1466
vn -0.3713 0.9255 0.0749
vn -0.8475 0.0623 -0.5271
vn -0.8731 0.0624 -0.4836
vn 0.4891 0.6738 -0.5539
vn -0.9362 0.0095 -0.3512
vn -0.8371 0.4007 -0.3725
vn -0.9931 0.0959 0.0667
vn -0.9912 0.1058 0.0791
vn -0.9917 0.1128 0.0620
vn 0.9610 -0.2657 0.0769
vn -0.5517 -0.8339 0.0168
vn -0.6360 -0.7659 0.0939
vn 0.9890 0.0070 -0.1481
vn 0.9493 0.2168 -0.2276
vn -0.8378 -0.0702 -0.5415
vn 0.8742 0.4680 -0.1295
vn 0.8470 0.5296 0.0461
vn 0.9121 0.3301 0.2429
vn 0.1586 0.9267 0.3408
vn 0.2621 0.9407 0.2155
vn 0.1456 0.9504 0.2748
vn 0.6606 0.7456 -0.0872
vn 0.6619 0.7419 0.1070
vn 0.5610 0.7195 0.4094
vn 0.7071 0.5285 0.4699
vn 0.8755 0.3810 0.2972
vn 0.0872 0.9065 0.4130
vn 0.5186 0.1948 0.8325
vn 0.3545 0.2956 0.8871
vn -0.9295 0.0713 -0.3618
vn -0.9636 0.0367 -0.2647
vn 0.3461 0.8741 -0.3410
vn 0.1941 0.9756 -0.1031
vn 0.8038 0.5774 -0.1434
vn 0.7855 0.6125 0.0888
vn 0.9548 0.0468 0.2937
vn 0.9932 0.0562 0.1016
vn 0.9094 -0.0598 0.4116
vn 0.9012 0.0327 0.4322
vn 0.8983 -0.0421 0.4373
vn 0.8731 -0.0702 0.4825
vn 0.9065 0.0564 0.4183
vn 0.8503 -0.0208 0.5259
vn 0.8752 -0.0867 0.4759
vn 0.7874 -0.1338 0.6017
vn 0.8274 -0.0895 0.5544
vn 0.5782 -0.3910 0.7161
vn 0.6434 -0.4209 0.6394
vn 0.6427 -0.2917 0.7084
vn 0.6173 -0.3107 0.7228
vn 0.6979 -0.0625 0.7135
vn 0.7953 -0.3228 0.5131
vn 0.8351 -0.0740 0.5451
vn 0.9320 0.0799 0.3536
vn 0.7594 0.1727 0.6273
vn 0.7377 0.0348 0.6742
vn 0.5985 0.3230 0.7331
vn 0.7405 -0.1336 0.6586
vn 0.7675 -0.0949 0.6340
vn 0.0062 0.9961 0.0877
vn 0.1316 0.9832 0.1267
vn 0.2910 0.9513 0.1019
vn -0.0794 0.9961 0.0393
vn 0.3128 0.6027 0.7341
vn 0.5567 0.8180 0.1450
vn 0.7459 0.6593 0.0946
vn 0.8418 0.4597 0.2831
vn 0.9555 0.2579 0.1431
vn 0.6516 0.6133 0.4464
vn 0.2801 0.9520 0.1234
vn 0.9997 0.0208 -0.0111
vn 0.6570 0.3504 0.6676
vn 0.2270 0.8882 0.3995
vn 0.3851 0.7975 0.4643
vn 0.1799 0.6960 0.6952
vn 0.2530 0.6922 0.6759
vn 0.3752 0.6784 0.6316
vn 0.1648 0.8063 0.5681
vn 0.0974 0.8965 0.4323
vn -0.2013 -0.9424 0.2671
vn -0.3431 -0.8425 0.4154
vn -0.3683 -0.8965 0.2461
vn -0.3036 -0.9236 0.2340
vn -0.7299 -0.1548 0.6658
vn 0.9777 0.1800 0.1081
vn 0.9218 0.3183 0.2213
vn 0.9371 0.1894 0.2932
vn 0.9816 0.0963 0.1649
vn 0.9639 0.0829 0.2532
vn -0.5250 0.8492 0.0575
vn -0.1067 -0.9938 0.0301
vn -0.6230 -0.5212 0.5832
vn 0.8782 -0.0066 0.4783
vn 0.4397 0.2892 0.8503
vn -0.0571 0.5280 0.8473
vn 0.6105 0.5799 0.5395
vn 0.9028 -0.1291 0.4102
vn 0.9088 -0.1572 0.3865
vn 0.3446 0.5903 0.7299
vn -0.7171 -0.6905 -0.0952
vn -0.7551 -0.6498 0.0865
vn 0.1937 0.9482 0.2517
vn 0.4388 0.8524 0.2844
vn 0.3036 -0.9528 -0.0014
vn 0.1571 -0.9872 0.0261
vn 0.4971 -0.8648 0.0716
vn 0.4615 -0.8839 0.0761
vn 0.4295 -0.8996 -0.0792
vn 0.3935 -0.9134 0.1044
vn 0.1491 -0.9861 -0.0727
vn -0.1704 -0.9852 0.0166
vn -0.3132 -0.9472 0.0682
vn -0.7106 -0.6911 0.1321
vn -0.4687 -0.8811 -0.0639
vn -0.2085 -0.9734 -0.0952
vn 0.2331 -0.9677 0.0956
vn 0.5641 -0.8126 0.1466
vn 0.4257 -0.8964 0.1240
vn 0.4584 -0.8768 0.1455
vn -0.4171 -0.9049 -0.0851
vn -0.2307 -0.9189 -0.3202
vn -0.4954 -0.6872 -0.5313
vn 0.0267 -0.9631 -0.2677
vn 0.0044 -0.9978 -0.0668
vn -0.0733 -0.9835 -0.1655
vn 0.0349 -0.9944 -0.0996
vn 0.2898 -0.9511 -0.1071
vn 0.6968 -0.6326 0.3382
vn -0.4890 -0.8722 0.0122
vn -0.4415 -0.8492 0.2896
vn -0.2638 -0.9501 0.1663
vn 0.8347 -0.4779 0.2737
vn 0.6632 -0.6168 0.4240
vn 0.9023 -0.1541 0.4026
vn 0.6178 -0.1250 0.7763
vn 0.7151 -0.2912 0.6355
vn 0.8322 -0.3162 0.4555
vn 0.5679 -0.3075 0.7634
vn 0.6204 -0.4584 0.6364
vn 0.9436 -0.2385 0.2294
vn -0.8805 0.4695 0.0655
vn -0.5895 -0.8051 0.0655
vn -0.2206 -0.9743 -0.0448
vn -0.2660 -0.9472 0.1790
vn 0.4039 -0.8462 0.3476
vn -0.4434 0.8574 0.2612
vn -0.3116 0.9094 0.2754
vn -0.4098 0.8252 0.3887
vn 0.1600 0.9734 0.1638
vn -0.3370 0.8440 0.4172
vn 0.0102 0.6971 0.7169
vn 0.2612 0.8244 0.5021
vn 0.3232 0.8130 0.4844
vn 0.0065 0.6373 0.7706
vn 0.1185 0.7284 0.6748
vn -0.1265 0.7184 0.6840
vn 0.0119 0.8645 0.5025
vn -0.0272 0.7668 0.6413
vn -0.0797 0.5766 0.8131
vn -0.0860 0.4938 0.8653
vn -0.0271 0.6147 0.7883
vn 0.1401 0.5845 0.7992
vn 0.0890 0.5590 0.8244
vn 0.1527 0.6881 0.7094
vn 0.0548 0.6472 0.7603
vn 0.2025 0.7748 0.5990
vn 0.0458 0.7066 0.7062
vn -0.0656 0.5959 0.8004
vn -0.0900 0.5892 0.8029
vn 0.8313 0.3040 0.4653
vn 0.8522 0.2432 0.4633
vn 0.9152 0.1123 0.3869
vn 0.8941 0.1160 0.4327
vn 0.8591 0.0418 0.5101
vn 0.7816 0.1240 0.6113
vn 0.6756 0.3107 0.6686
vn 0.6593 0.4640 0.5917
vn 0.5441 0.3885 0.7437
vn 0.5446 0.3465 0.7638
vn 0.4860 0.4458 0.7518
vn 0.4477 0.4763 0.7568
vn 0.4484 0.6198 0.6440
vn 0.2844 0.5331 0.7968
vn 0.0796 0.6576 0.7491
vn 0.1422 0.4733 0.8694
vn 0.5361 0.5885 0.6052
vn 0.2924 0.6380 0.7124
vn 0.5055 0.3698 0.7796
vn 0.5524 0.4321 0.7128
vn 0.5428 0.3775 0.7503
vn 0.2589 0.5096 0.8205
vn 0.4155 0.4855 0.7692
vn 0.2398 0.2269 0.9439
vn 0.3445 0.3210 0.8822
vn 0.1267 0.3569 0.9255
vn 0.4401 0.2889 0.8502
vn 0.8523 0.1472 0.5018
vn 0.5245 0.4897 0.6965
vn 0.8172 0.2987 0.4930
vn 0.7630 0.3987 0.5088
vn 0.7578 0.3040 0.5774
vn 0.6526 0.4512 0.6087
vn 0.8438 -0.0809 0.5306
vn 0.7623 -0.0682 0.6436
vn 0.9368 0.0794 0.3409
vn 0.7139 -0.4965 0.4938
vn 0.3155 0.6315 0.7083
vn 0.6099 0.5247 0.5940
vn -0.0316 0.7405 0.6714
vn 0.2762 0.4800 0.8327
vn -0.1496 0.5305 0.8344
vn -0.0506 0.6134 0.7882
vn -0.1355 0.2936 0.9463
vn -0.8229 -0.3110 0.4756
vn -0.6995 0.1372 0.7013
vn -0.9110 0.3717 0.1788
vn -0.9918 0.0536 -0.1158
vn -0.7313 -0.6150 -0.2950
vn -0.7228 -0.6168 -0.3116
vn -0.2083 -0.9714 -0.1138
vn -0.2040 0.9091 0.3631
vn -0.0616 0.8778 0.4750
vn 0.0630 -0.9974 0.0338
vn -0.9842 -0.0048 -0.1768
vn -0.9960 0.0802 0.0383
vn -0.9822 -0.1849 0.0339
vn -0.9661 0.0670 0.2493
vn -0.8828 -0.3730 0.2857
vn -0.6026 -0.6158 0.5076
vn -0.3424 -0.7988 0.4946
vn -0.5492 -0.3993 0.7341
vn -0.5782 -0.2309 0.7825
vn -0.4324 -0.3796 0.8179
vn -0.2170 -0.3039 0.9276
vn -0.0556 -0.2212 0.9736
vn -0.0430 -0.1388 0.9894
vn -0.1058 -0.2089 0.9722
vn 0.1175 -0.1472 0.9821
vn 0.1684 -0.0648 0.9836
vn 0.2980 -0.1444 0.9436
vn 0.3690 -0.1819 0.9115
vn 0.3130 -0.2155 0.9250
vn 0.0258 -0.2108 0.9772
vn -0.2129 -0.2413 0.9468
vn -0.1712 -0.2789 0.9449
vn -0.6412 -0.2169 0.7361
vn -0.6642 -0.3147 0.6781
vn -0.2959 -0.2601 0.9191
vn -0.8195 -0.3159 0.4782
vn -0.8161 -0.2966 0.4960
vn -0.7604 -0.0379 0.6483
vn 0.4219 -0.2073 0.8826
vn 0.3934 -0.2530 0.8839
vn 0.3549 -0.1328 0.9254
vn 0.1234 -0.2591 0.9579
vn 0.0711 -0.2543 0.9645
vn -0.2691 -0.1378 0.9532
vn -0.3860 -0.1531 0.9097
vn 0.0258 0.0011 0.9997
vn 0.4115 -0.2241 0.8834
vn -0.8590 -0.1578 0.4870
vn -0.6547 -0.4548 0.6038
vn -0.7277 -0.1458 0.6702
vn -0.4921 -0.7785 0.3896
vn -0.5810 0.1352 0.8026
vn -0.6079 0.3474 0.7140
vn -0.3165 0.3785 0.8698
vn -0.7771 0.1563 0.6097
vn -0.8847 0.0624 0.4620
vn -0.1546 -0.8033 0.5751
vn -0.3273 -0.8833 0.3357
vn -0.9752 -0.1948 0.1055
vn -0.4957 0.7265 -0.4759
vn 0.7215 0.0897 0.6866
vn 0.0211 0.4378 0.8988
vn 0.1464 0.0977 0.9844
vn 0.5149 0.1817 0.8378
vn 0.8061 -0.1294 0.5775
vn 0.7158 0.3708 0.5917
vn 0.7805 -0.2710 0.5634
vn 0.5347 0.0654 0.8425
vn 0.6683 -0.0937 0.7380
vn 0.3968 0.4710 0.7878
vn 0.6552 -0.2843 0.6999
vn 0.8246 -0.0013 0.5657
vn 0.8431 0.2293 0.4864
vn 0.6047 0.4297 0.6706
vn -0.9680 0.2499 0.0221
vn -0.9215 -0.3720 -0.1120
vn 0.7901 0.3368 0.5121
vn 0.6923 0.3472 0.6326
vn -0.0360 0.6619 0.7488
vn -0.1816 0.6708 0.7191
vn 0.6505 0.4734 0.5939
vn 0.4819 0.4832 0.7310
vn 0.5750 0.3806 0.7243
vn 0.7403 0.1757 0.6489
vn 0.5788 0.0786 0.8117
vn 0.5888 0.3188 0.7428
vn 0.4313 0.4163 0.8004
vn 0.8045 0.0014 0.5939
vn -0.7271 -0.6864 -0.0084
vn -0.9538 0.0546 -0.2954
vn -0.3904 -0.7930 0.4677
vn -0.0675 -0.9934 -0.0926
vn -0.3173 -0.8799 -0.3536
vn -0.0082 0.4030 0.9151
vn -0.3555 -0.1227 0.9266
vn -0.0352 -0.1294 0.9910
vn 0.1794 -0.0959 0.9791
vn 0.1489 0.2646 0.9528
vn 0.2169 0.3833 0.8978
vn -0.6068 0.3098 0.7320
vn -0.7245 0.1577 0.6709
vn -0.6297 0.4571 0.6281
vn -0.5608 0.5921 0.5788
vn -0.4556 0.6869 0.5663
vn -0.1886 0.6984 0.6904
vn -0.6099 0.6297 0.4812
vn -0.3603 0.6425 0.6763
vn -0.2285 0.5557 0.7994
vn -0.3774 0.4485 0.8102
vn 0.1828 0.1742 0.9676
vn 0.1183 0.3276 0.9374
vn -0.4489 0.6855 0.5732
vn -0.5125 -0.4769 0.7141
vn -0.3244 0.2908 0.9001
vn -0.1681 -0.9349 0.3127
vn -0.5735 0.6140 0.5423
vn -0.7602 0.3831 0.5247
vn -0.7620 -0.1797 0.6221
vn -0.6410 -0.2273 0.7331
vn -0.7609 0.2229 0.6094
vn -0.5936 -0.5889 0.5485
vn -0.2594 -0.9299 0.2606
vn -0.6638 -0.1880 0.7239
vn 0.2496 0.2359 0.9392
vn -0.2647 0.0945 0.9597
vn -0.6508 0.0076 0.7592
vn 0.2940 0.2353 0.9264
vn 0.6045 -0.1454 0.7832
vn 0.4924 -0.0901 0.8657
vn 0.2007 0.6398 0.7419
vn 0.6344 0.0467 0.7716
vn 0.7404 -0.1551 0.6541
vn 0.4713 -0.1789 0.8636
vn -0.6400 -0.5210 0.5647
vn 0.2870 0.4689 0.8353
vn 0.2248 0.4139 0.8821
vn 0.3198 0.4327 0.8429
vn 0.3766 -0.0049 0.9264
vn -0.6499 -0.3008 0.6980
vn -0.0599 0.5142 0.8556
vn -0.0708 0.5330 0.8431
vn -0.0711 0.3799 0.9223
vn -0.1596 0.4198 0.8935
vn -0.0083 0.2672 0.9636
vn 0.0297 0.3357 0.9415
vn -0.1605 0.5180 0.8402
vn -0.0912 0.4044 0.9100
vn -0.2898 0.5651 0.7725
vn 0.0669 0.2437 0.9675
vn -0.0418 0.3527 0.9348
vn 0.0088 0.3509 0.9364
vn -0.2260 0.4530 0.8624
vn 0.0833 0.3682 0.9260
vn -0.1815 0.0929 0.9790
vn -0.0556 0.1122 0.9921
vn -0.0494 0.2419 0.9690
vn -0.4209 0.6089 0.6723
vn -0.0157 0.5028 0.8642
vn -0.1930 0.5341 0.8231
vn 0.6246 -0.3291 0.7083
vn 0.2265 0.3376 0.9137
vn 0.3480 0.3589 0.8661
vn 0.6842 -0.5277 0.5033
vn 0.0522 0.6490 0.7590
vn 0.0361 0.5527 0.8326
vn 0.0378 0.5865 0.8090
vn 0.5587 -0.4346 0.7064
vn -0.9188 0.2200 0.3277
vn 0.6672 0.3242 0.6706
vn 0.7599 0.1468 0.6332
vn 0.4458 0.3302 0.8320
vn 0.8398 0.1231 0.5287
vn 0.7991 0.3496 0.4891
vn 0.7365 0.3833 0.5574
vn 0.6850 0.3746 0.6248
vn 0.7442 0.2116 0.6335
vn -0.1181 -0.9456 -0.3032
vn -0.5370 -0.3534 0.7660
vn -0.2347 -0.5963 0.7676
vn 0.5374 -0.1354 0.8324
vn 0.5743 -0.0917 0.8135
vn 0.6092 -0.2372 0.7567
vn 0.5676 -0.1341 0.8123
vn 0.5123 -0.3668 0.7765
vn 0.8951 -0.1602 0.4161
vn 0.6686 -0.1179 0.7342
vn 0.8039 0.1791 0.5672
vn 0.8339 0.2325 0.5006
vn 0.7264 0.2059 0.6557
vn 0.5208 0.2607 0.8129
vn 0.5988 -0.2021 0.7750
vn -0.2403 0.9195 0.3110
vn -0.4241 0.7652 0.4844
vn 0.5926 -0.7406 0.3167
vn 0.6841 -0.5985 0.4169
vn 0.7055 -0.1449 0.6938
vn 0.5876 -0.0421 0.8080
vn 0.5305 -0.0024 0.8477
vn 0.7724 -0.4960 0.3967
vn 0.3948 -0.5420 0.7418
vn -0.0115 -0.8026 0.5964
vn 0.2003 -0.5954 0.7780
vn 0.4089 -0.5755 0.7083
vn 0.4847 -0.6732 0.5585
vn -0.2732 -0.6760 0.6844
vn -0.1666 -0.5213 0.8369
vn -0.2024 -0.5499 0.8104
vn 0.1737 -0.2713 0.9467
vn 0.1276 -0.0466 0.9907
vn 0.2622 -0.1095 0.9588
vn 0.2663 -0.2088 0.9410
vn -0.1927 -0.1550 0.9689
vn 0.3468 -0.1745 0.9216
vn 0.2910 -0.1745 0.9407
vn 0.3124 -0.1046 0.9442
vn -0.3576 -0.1805 0.9163
vn 0.1325 -0.1025 0.9859
vn -0.1320 0.0784 0.9881
vn 0.3941 -0.2488 0.8848
vn 0.3671 0.1980 0.9088
vn 0.2336 0.0195 0.9721
vn 0.3312 0.0665 0.9412
vn 0.0274 -0.2169 0.9758
vn 0.4463 -0.2892 0.8468
vn 0.2274 -0.0641 0.9717
vn 0.4930 -0.0240 0.8697
vn 0.0752 0.1953 0.9779
vn 0.7400 -0.1407 0.6577
vn -0.0425 -0.6435 0.7642
vn -0.1558 -0.6499 0.7439
vn -0.2741 -0.4390 0.8556
vn -0.2394 -0.3970 0.8861
vn 0.0402 -0.3194 0.9468
vn -0.0887 -0.2396 0.9668
vn -0.2770 -0.4974 0.8221
vn -0.1352 -0.9719 -0.1926
vn 0.5797 -0.1976 0.7905
vn 0.4618 -0.6540 0.5992
vn -0.7194 -0.0881 0.6890
vn -0.7060 -0.4018 0.5832
vn -0.4721 -0.3235 0.8200
vn -0.4977 -0.6231 0.6034
vn -0.2883 -0.5378 0.7923
vn -0.1984 -0.7304 0.6535
vn -0.6790 0.1778 0.7123
vn -0.5800 -0.0286 0.8141
vn -0.5877 0.0290 0.8086
vn -0.3959 -0.0698 0.9157
vn -0.7521 0.1793 0.6342
vn -0.2532 -0.2382 0.9376
vn -0.0562 -0.2266 0.9724
vn -0.3891 -0.3797 0.8393
vn 0.0111 -0.5008 0.8655
vn -0.4547 0.6017 0.6566
vn -0.3131 0.8716 0.3772
vn -0.2786 0.8666 0.4139
vn 0.3732 0.1505 0.9155
vn 0.1401 0.1175 0.9831
vn 0.3141 -0.2762 0.9083
vn 0.3575 0.1244 0.9256
vn 0.2187 0.4483 0.8667
vn -0.1328 0.4464 0.8849
vn 0.3706 0.4840 0.7927
vn 0.1758 0.5478 0.8179
vn -0.1147 0.1993 0.9732
vn -0.0836 0.7218 0.6870
vn -0.3620 -0.2049 0.9094
vn -0.5752 0.1681 0.8005
vn -0.4812 0.4851 0.7301
vn -0.1502 0.8997 0.4100
vn -0.7429 -0.0125 0.6693
vn -0.7549 0.1535 0.6376
vn -0.7700 -0.1129 0.6280
vn -0.5932 -0.2870 0.7522
vn -0.6587 0.1445 0.7384
vn 0.2373 0.7338 0.6366
vn -0.1058 0.6885 0.7174
vn -0.3323 0.5652 0.7551
vn -0.3315 0.4913 0.8054
vn 0.0428 0.8774 0.4778
vn -0.3588 0.4658 0.8089
vn -0.3336 0.5918 0.7338
vn 0.0661 -0.7129 0.6981
vn 0.1793 -0.7667 0.6164
vn 0.3120 -0.5020 0.8066
vn -0.0052 -0.9738 0.2272
vn -0.3911 0.7499 0.5335
vn -0.2013 0.1258 0.9714
vn -0.1453 0.8725 0.4665
vn -0.5035 -0.1124 0.8567
vn 0.0218 0.3834 0.9233
vn 0.5628 -0.0184 0.8264
vn 0.6759 0.0331 0.7362
vn 0.6022 0.1094 0.7908
vn 0.7022 0.0471 0.7104
vn 0.7141 0.0797 0.6955
vn 0.5876 -0.0234 0.8088
vn 0.5834 0.0556 0.8103
vn 0.4933 0.2483 0.8337
vn -0.1495 0.3648 0.9190
vn -0.1144 -0.1796 0.9771
vn 0.0262 0.2554 0.9665
vn -0.1347 0.0862 0.9871
vn -0.7519 -0.2030 0.6273
vn -0.8837 -0.1832 0.4307
vn -0.8681 -0.0366 0.4950
vn -0.7794 -0.0018 0.6265
vn -0.8677 -0.2764 0.4131
vn -0.5691 0.1290 0.8121
vn 0.0051 0.4775 0.8786
vn -0.1031 -0.9395 0.3265
vn -0.0199 -0.7686 0.6394
vn 0.1326 -0.8392 0.5274
vn 0.2127 -0.3866 0.8974
vn 0.2747 -0.6138 0.7401
vn 0.3286 0.0079 0.9445
vn -0.1065 0.1536 0.9824
vn -0.1649 0.3456 0.9238
vn 0.1703 -0.1915 0.9666
vn -0.0574 -0.0556 0.9968
vn -0.0471 -0.1191 0.9918
vn -0.0860 -0.0255 0.9960
vn 0.1558 0.2949 0.9427
vn 0.0948 0.1339 0.9864
vn 0.0948 -0.0723 0.9929
vn 0.1095 -0.0637 0.9919
vn 0.0594 -0.1908 0.9798
vn 0.0815 0.1503 0.9853
vn 0.0725 0.1477 0.9864
vn -0.6367 0.0323 0.7704
vn -0.7021 0.2943 0.6484
vn -0.3969 -0.8628 0.3133
vn -0.0117 0.0997 0.9949
vn -0.1771 -0.2876 0.9412
vn 0.0579 -0.4773 0.8768
vn 0.1304 -0.2513 0.9591
vn -0.1245 -0.2019 0.9715
vn -0.2423 -0.1285 0.9617
vn -0.0007 -0.4759 0.8795
vn -0.6744 0.5285 0.5156
vn -0.4397 0.5156 0.7354
vn 0.1970 0.5304 0.8246
vn -0.0274 0.8684 0.4951
vn 0.3406 0.2435 0.9081
vn 0.3326 0.2640 0.9054
vn -0.2454 0.3838 0.8902
vn 0.0600 0.1926 0.9794
vn -0.0961 0.6455 0.7577
vn 0.2679 0.1003 0.9582
vn -0.4801 0.3764 0.7923
vn -0.4977 0.2463 0.8317
vn 0.0388 -0.3026 0.9523
vn -0.3268 -0.1260 0.9367
vn 0.8942 -0.0535 0.4444
vn 0.6763 -0.3690 0.6376
vn -0.0413 -0.0973 0.9944
vn -0.1481 -0.0246 0.9887
vn 0.0680 -0.0633 0.9957
vn -0.0671 0.3791 0.9229
vn 0.1987 0.2908 0.9359
vn 0.7103 -0.0907 0.6980
vn 0.4002 -0.0148 0.9163
vn 0.1900 -0.0471 0.9807
vn 0.2060 -0.6560 0.7261
vn 0.0971 -0.8646 0.4930
vn 0.1899 -0.2964 0.9360
vn -0.3993 -0.5476 0.7353
vn 0.5846 -0.2074 0.7843
vn 0.5034 -0.1897 0.8430
vn 0.5245 -0.2732 0.8064
vn 0.7258 -0.2761 0.6301
vn 0.5992 -0.1520 0.7861
vn -0.3933 -0.2190 0.8930
vn -0.7277 -0.2164 0.6509
vn -0.3224 -0.3531 0.8783
vn -0.6659 -0.3063 0.6803
vn 0.6576 -0.3106 0.6864
vn 0.5035 -0.2505 0.8269
vn 0.4615 -0.1175 0.8793
vn 0.3098 -0.1507 0.9388
vn 0.2757 0.0943 0.9566
vn 0.3108 0.0381 0.9497
vn 0.4232 -0.1343 0.8960
vn 0.4187 -0.1067 0.9019
vn 0.4862 -0.2532 0.8363
vn 0.5575 -0.4052 0.7245
vn 0.4712 -0.2481 0.8464
vn 0.4691 -0.2662 0.8421
vn -0.4792 -0.7204 0.5014
vn -0.3185 -0.2733 0.9077
vn -0.0147 -0.3363 0.9416
vn 0.0378 -0.0425 0.9984
vn -0.0447 -0.7340 0.6777
vn -0.3643 -0.3971 0.8424
vn 0.5102 -0.1688 0.8433
vn 0.1041 -0.2335 0.9668
vn -0.3057 -0.2716 0.9126
vn 0.4642 -0.1773 0.8678
vn 0.1383 0.2735 0.9519
vn 0.2087 -0.6508 0.7300
vn 0.4277 -0.1296 0.8946
vn 0.3473 0.0100 0.9377
vn -0.0835 -0.2591 0.9622
vn -0.3481 -0.3181 0.8819
vn -0.1888 -0.3031 0.9341
vn -0.2340 -0.2784 0.9315
vn 0.0333 -0.3008 0.9531
vn 0.2367 -0.2078 0.9491
vn 0.2183 -0.2173 0.9514
vn 0.3889 -0.2134 0.8962
vn 0.3222 -0.1453 0.9355
vn 0.1745 0.0673 0.9823
vn -0.0264 -0.1834 0.9827
vn -0.3484 -0.3170 0.8821
vn 0.1898 0.0653 0.9797
vn 0.1438 -0.1291 0.9812
vn -0.2532 -0.3156 0.9145
vn 0.1568 0.0627 0.9856
vn 0.2985 -0.0982 0.9493
vn 0.5587 -0.0578 0.8273
vn 0.4418 -0.0395 0.8962
vn 0.2491 -0.0428 0.9675
vn 0.1254 0.1258 0.9841
vn 0.3113 0.0595 0.9485
vn 0.3506 -0.1006 0.9311
vn 0.3905 -0.0280 0.9202
vn 0.2275 -0.0416 0.9729
vn 0.1108 -0.1174 0.9869
vn 0.5592 -0.2306 0.7963
vn 0.3305 -0.1123 0.9371
vn 0.1146 -0.0287 0.9930
vn -0.1828 -0.2077 0.9610
vn 0.0033 -0.0214 0.9998
usemtl Default_OBJ
s 1
f 7/1/1 192/2/2 236/3/3
f 236/3/3 8/4/4 9/5/5
f 230/6/6 10/7/7 11/8/8
f 10/7/7 12/9/9 13/10/10
f 10/7/7 13/10/10 14/11/11
f 16/12/12 266/13/13 237/14/14
f 237/14/14 266/13/13 17/15/15
f 276/16/16 171/17/17 19/18/18
f 20/19/19 19/18/18 224/20/20
f 20/19/19 224/20/20 223/21/21
f 6/22/22 189/23/23 5/24/24
f 3/25/25 23/26/26 4/27/27
f 3/25/25 2/28/28 23/26/26
f 23/26/26 2/28/28 1/29/29
f 1/29/29 21/30/30 22/31/31
f 25/32/32 26/33/33 27/34/34
f 28/35/35 27/34/34 29/36/36
f 28/35/35 29/36/36 8/4/4
f 228/37/37 30/38/38 31/39/39
f 32/40/40 29/36/36 27/34/34
f 31/39/39 30/38/38 32/40/40
f 32/40/40 30/38/38 29/36/36
f 8/4/4 29/36/36 30/38/38
f 24/41/41 22/31/31 25/32/32
f 1/29/29 22/31/31 23/26/26
f 4/27/27 23/26/26 5/24/24
f 33/42/42 34/43/43 5/24/24
f 23/26/26 22/31/31 24/41/41
f 35/44/44 177/45/45 1/29/29
f 35/44/44 1/29/29 2/28/28
f 36/46/46 35/44/44 37/47/47
f 36/46/46 37/47/47 182/48/48
f 40/49/49 43/50/50 41/51/51
f 41/51/51 43/50/50 42/52/52
f 42/52/52 43/50/50 44/53/53
f 47/54/54 46/55/55 227/56/56
f 49/57/57 51/58/58 48/59/59
f 158/60/60 52/61/61 162/62/62
f 295/63/63 55/64/64 56/65/65
f 158/60/60 57/66/66 52/61/61
f 52/61/61 57/66/66 56/65/65
f 53/67/67 58/68/68 54/69/69
f 173/70/70 54/69/69 58/68/68
f 55/64/64 58/68/68 53/67/67
f 55/64/64 53/67/67 56/65/65
f 53/67/67 52/61/61 56/65/65
f 158/60/60 51/71/58 57/66/66
f 1/29/29 177/45/45 21/30/30
f 32/40/40 61/72/71 31/39/39
f 63/73/72 64/74/73 241/75/74
f 241/75/74 64/74/73 65/76/75
f 65/76/75 66/77/76 67/78/77
f 65/76/75 67/78/77 245/79/78
f 71/80/79 2196/81/80 72/82/81
f 72/82/81 2197/83/82 73/84/83
f 72/82/81 73/84/83 74/85/84
f 78/86/85 79/87/86 80/88/87
f 80/88/87 2544/89/88 81/90/89
f 82/91/90 2547/92/91 83/93/92
f 2998/94/93 85/95/94 86/96/95
f 86/96/95 85/95/94 87/97/96
f 88/98/97 89/99/98 86/96/95
f 2997/100/99 1080/101/100 91/102/101
f 92/103/102 91/102/101 1080/101/100
f 96/104/103 95/105/104 977/106/105
f 137/107/106 99/108/107 100/109/108
f 101/110/109 103/111/110 102/112/111
f 102/112/111 103/111/110 104/113/112
f 105/114/113 141/115/114 925/116/115
f 105/114/113 925/116/115 106/117/116
f 145/118/117 109/119/118 915/120/119
f 145/118/117 915/120/119 110/121/120
f 125/122/121 112/123/122 3274/124/123
f 113/125/124 3340/126/125 114/127/126
f 116/128/127 115/129/128 117/130/129
f 117/130/129 118/131/130 119/132/131
f 122/133/132 121/134/133 2568/135/134
f 119/132/131 2566/136/135 123/137/136
f 3275/138/137 2745/139/138 124/140/139
f 126/141/140 125/122/121 127/142/141
f 147/143/142 145/118/117 111/144/143
f 131/145/144 132/146/145 133/147/146
f 2891/148/147 136/149/148 102/112/111
f 102/112/111 136/149/148 137/107/106
f 102/112/111 137/107/106 101/110/109
f 101/110/109 137/107/106 100/109/108
f 137/107/106 136/149/148 99/108/107
f 99/108/107 134/150/149 98/151/150
f 98/151/150 133/147/146 97/152/151
f 134/150/149 99/108/107 135/153/152
f 136/149/148 135/153/152 99/108/107
f 134/150/149 133/147/146 98/151/150
f 944/154/153 130/155/154 96/104/103
f 944/154/153 138/156/155 130/155/154
f 98/151/150 97/152/151 942/157/156
f 132/146/145 97/152/151 133/147/146
f 142/158/157 105/114/113 106/117/116
f 142/158/157 106/117/116 143/159/158
f 144/160/159 143/159/158 109/119/118
f 145/118/117 110/121/120 111/144/143
f 109/119/118 145/118/117 144/160/159
f 144/160/159 145/118/117 146/161/160
f 146/161/160 145/118/117 147/143/142
f 142/158/157 143/159/158 148/162/161
f 127/142/141 151/163/162 128/164/163
f 152/165/164 153/166/165 148/162/161
f 152/165/164 148/162/161 146/161/160
f 154/167/166 152/165/164 128/164/163
f 148/162/161 143/159/158 144/160/159
f 144/160/159 146/161/160 148/162/161
f 149/168/167 153/166/165 150/169/168
f 153/166/165 149/168/167 148/162/161
f 153/166/165 152/165/164 150/169/168
f 152/165/164 154/167/166 150/169/168
f 150/169/168 154/167/166 2738/170/169
f 154/167/166 128/164/163 151/163/162
f 151/163/162 2738/170/169 154/167/166
f 104/113/112 141/115/114 139/171/170
f 141/115/114 140/172/171 139/171/170
f 104/113/112 139/171/170 102/112/111
f 106/117/116 108/173/172 143/159/158
f 106/117/116 107/174/173 108/173/172
f 130/155/154 131/145/144 157/175/174
f 157/175/174 131/145/144 155/176/175
f 157/175/174 2903/177/176 2902/178/177
f 157/175/174 2902/178/177 2994/179/178
f 2994/179/178 2902/178/177 156/180/179
f 2995/181/180 156/182/179 81/90/89
f 2995/181/180 81/90/89 82/91/90
f 81/90/89 156/182/179 80/88/87
f 95/105/104 130/155/154 94/183/181
f 157/175/174 94/183/181 130/155/154
f 138/156/155 97/152/151 132/146/145
f 95/105/104 96/104/103 130/155/154
f 75/184/182 203/185/183 76/186/184
f 76/186/184 203/185/183 201/187/185
f 160/188/186 159/189/187 202/190/188
f 160/191/186 202/192/188 161/193/189
f 166/194/190 2536/195/191 255/196/192
f 167/197/193 168/198/194 169/199/195
f 169/199/195 280/200/196 297/201/197
f 173/70/70 58/68/68 170/202/198
f 170/202/198 58/68/68 55/64/64
f 170/202/198 55/64/64 171/17/17
f 170/202/198 171/17/17 276/16/16
f 18/203/199 280/200/196 169/199/195
f 169/199/195 173/70/70 18/203/199
f 18/203/199 173/70/70 170/202/198
f 169/199/195 168/198/194 173/70/70
f 167/197/193 255/196/192 165/204/200
f 2536/195/191 165/204/200 255/196/192
f 2543/205/201 162/62/62 163/206/202
f 164/207/203 163/206/202 53/67/67
f 164/207/203 53/67/67 54/69/69
f 52/61/61 163/206/202 162/62/62
f 53/67/67 163/206/202 52/61/61
f 158/60/60 162/62/62 161/193/189
f 202/192/188 158/60/60 161/193/189
f 201/187/185 159/189/187 76/186/184
f 164/207/203 54/69/69 2541/208/204
f 2541/208/204 54/69/69 172/209/205
f 30/38/38 228/37/37 174/210/206
f 60/211/207 59/212/208 175/213/209
f 222/214/210 176/215/211 188/216/212
f 222/214/210 188/216/212 63/73/72
f 63/73/72 188/216/212 64/74/73
f 32/40/40 60/211/207 61/72/71
f 175/213/209 188/216/212 176/215/211
f 60/211/207 21/30/30 59/212/208
f 26/33/33 21/30/30 190/217/213
f 190/217/213 21/30/30 60/211/207
f 22/31/31 21/30/30 26/33/33
f 22/31/31 26/33/33 25/32/32
f 177/45/45 35/44/44 36/218/46
f 177/45/45 36/218/46 178/219/214
f 178/219/214 36/218/46 182/220/48
f 184/221/215 182/220/48 183/222/216
f 184/221/215 178/219/214 182/220/48
f 215/223/217 178/219/214 185/224/218
f 215/223/217 179/225/219 178/219/214
f 185/224/218 178/219/214 184/221/215
f 187/226/220 179/225/219 180/227/221
f 180/227/221 179/225/219 186/228/222
f 183/222/216 182/220/48 39/229/223
f 182/48/48 37/47/47 39/230/223
f 64/74/73 188/216/212 181/231/224
f 175/213/209 180/227/221 181/231/224
f 175/213/209 181/231/224 188/216/212
f 59/212/208 187/226/220 175/213/209
f 180/227/221 175/213/209 187/226/220
f 3/25/25 4/27/27 189/23/23
f 59/212/208 179/225/219 187/226/220
f 191/232/225 23/26/26 24/41/41
f 191/232/225 24/41/41 25/32/32
f 23/26/26 191/232/225 5/24/24
f 5/24/24 191/232/225 33/42/42
f 34/43/43 33/42/42 192/2/2
f 33/42/42 191/232/225 192/2/2
f 27/34/34 28/35/35 25/32/32
f 25/32/32 28/35/35 191/232/225
f 191/232/225 28/35/35 192/2/2
f 192/2/2 8/4/4 236/3/3
f 8/4/4 192/2/2 28/35/35
f 178/219/214 179/225/219 177/45/45
f 177/45/45 179/225/219 21/30/30
f 21/30/30 179/225/219 59/212/208
f 37/47/47 35/44/44 2/28/28
f 37/47/47 2/28/28 3/25/25
f 39/229/223 225/233/226 40/49/49
f 39/234/223 38/235/227 225/236/226
f 225/236/226 38/235/227 224/20/20
f 190/217/213 60/211/207 32/40/40
f 26/33/33 190/217/213 32/40/40
f 26/33/33 32/40/40 27/34/34
f 37/237/47 38/238/227 39/229/223
f 197/239/228 198/240/229 204/241/230
f 204/241/230 198/240/229 199/242/231
f 199/242/231 275/243/232 200/244/233
f 199/242/231 200/244/233 201/187/185
f 158/60/60 202/192/188 51/71/58
f 202/190/188 159/189/187 200/244/233
f 201/187/185 203/185/183 199/242/231
f 199/242/231 299/245/234 204/241/230
f 299/245/234 298/246/235 204/241/230
f 204/241/230 298/246/235 205/247/236
f 207/248/237 208/249/238 217/250/239
f 217/250/239 208/249/238 209/251/240
f 211/252/241 293/253/242 210/254/243
f 210/254/243 66/77/76 65/76/75
f 67/78/77 66/77/76 293/253/242
f 67/78/77 293/253/242 212/255/244
f 210/254/243 65/76/75 64/74/73
f 211/252/241 210/254/243 64/74/73
f 211/252/241 64/74/73 181/231/224
f 194/256/245 220/257/246 221/258/247
f 194/256/245 221/258/247 214/259/248
f 197/239/228 219/260/249 213/261/250
f 195/262/251 220/257/246 194/256/245
f 194/256/245 214/259/248 215/223/217
f 215/223/217 185/224/218 216/263/252
f 42/52/52 216/263/252 41/51/51
f 194/256/245 215/223/217 216/263/252
f 42/52/52 193/264/253 216/263/252
f 216/263/252 193/264/253 194/256/245
f 186/228/222 215/223/217 214/259/248
f 195/262/251 196/265/254 213/261/250
f 213/261/250 196/265/254 197/239/228
f 204/241/230 205/247/236 218/266/255
f 204/241/230 218/266/255 197/239/228
f 217/250/239 218/266/255 207/248/237
f 207/248/237 218/266/255 206/267/256
f 197/239/228 218/266/255 219/260/249
f 219/260/249 217/250/239 213/261/250
f 195/262/251 292/268/257 220/257/246
f 211/252/241 220/257/246 293/253/242
f 221/258/247 220/257/246 211/252/241
f 292/268/257 195/262/251 213/261/250
f 218/266/255 217/250/239 219/260/249
f 159/189/187 201/187/185 200/244/233
f 203/185/183 75/184/182 73/84/83
f 73/84/83 75/184/182 74/85/84
f 42/52/52 44/53/53 193/264/253
f 5/24/24 189/23/23 4/27/27
f 175/213/209 176/215/211 60/211/207
f 62/269/258 61/72/71 222/214/210
f 222/214/210 61/72/71 176/215/211
f 176/215/211 61/72/71 60/211/207
f 40/49/49 183/222/216 39/229/223
f 34/43/43 6/22/22 5/24/24
f 41/51/51 184/221/215 183/222/216
f 41/51/51 183/222/216 40/49/49
f 184/221/215 41/51/51 216/263/252
f 38/235/227 37/47/47 3/25/25
f 38/235/227 3/25/25 189/23/23
f 185/224/218 184/221/215 216/263/252
f 223/21/21 38/235/227 189/23/23
f 227/56/56 46/55/55 45/270/259
f 227/56/56 45/270/259 226/271/260
f 40/49/49 225/233/226 226/271/260
f 40/49/49 45/270/259 43/50/50
f 44/53/53 43/50/50 45/270/259
f 40/49/49 226/271/260 45/270/259
f 215/223/217 186/228/222 179/225/219
f 180/227/221 186/228/222 181/231/224
f 62/269/258 228/37/37 61/72/71
f 61/72/71 228/37/37 31/39/39
f 30/38/38 174/210/206 9/5/5
f 222/214/210 239/272/261 62/269/258
f 229/273/262 62/269/258 230/6/6
f 7/1/1 34/43/43 192/2/2
f 232/274/263 235/275/264 233/276/265
f 233/276/265 235/275/264 237/14/14
f 16/12/12 237/14/14 234/277/266
f 236/3/3 235/275/264 231/278/267
f 236/3/3 231/278/267 7/1/1
f 7/1/1 231/278/267 273/279/268
f 235/275/264 234/277/266 237/14/14
f 231/278/267 235/275/264 232/274/263
f 236/3/3 9/5/5 234/277/266
f 234/277/266 9/5/5 238/280/269
f 16/12/12 238/280/269 11/8/8
f 16/12/12 11/8/8 15/281/270
f 15/281/270 11/8/8 10/7/7
f 10/7/7 14/11/11 15/281/270
f 238/280/269 16/12/12 234/277/266
f 236/3/3 234/277/266 235/275/264
f 11/8/8 238/280/269 230/6/6
f 230/6/6 238/280/269 229/273/262
f 229/273/262 238/280/269 9/5/5
f 230/6/6 240/282/271 10/7/7
f 12/9/9 240/282/271 63/73/72
f 63/73/72 240/282/271 222/214/210
f 222/214/210 240/282/271 239/272/261
f 10/7/7 240/282/271 12/9/9
f 265/283/272 242/284/273 244/285/274
f 244/285/274 282/286/275 249/287/276
f 246/288/277 245/79/78 68/289/278
f 2492/290/279 247/291/280 248/292/281
f 249/287/276 248/292/281 259/293/282
f 249/287/276 259/293/282 250/294/283
f 252/295/284 253/296/285 261/297/286
f 254/298/287 253/296/285 166/194/190
f 257/299/288 256/300/289 258/301/290
f 258/301/290 2484/302/291 291/303/292
f 256/300/289 257/299/288 260/304/293
f 259/293/282 248/292/281 247/291/280
f 259/293/282 247/291/280 258/301/290
f 247/291/280 2484/302/291 258/301/290
f 257/299/288 258/301/290 291/303/292
f 246/288/277 2492/290/279 248/292/281
f 245/79/78 248/292/281 249/287/276
f 245/79/78 249/287/276 282/286/275
f 244/285/274 249/287/276 243/305/294
f 243/305/294 250/294/283 263/306/295
f 263/306/295 250/294/283 251/307/296
f 263/306/295 251/307/296 252/295/284
f 261/297/286 262/308/297 17/15/15
f 249/287/276 250/294/283 243/305/294
f 261/297/286 253/296/285 262/308/297
f 243/305/294 265/283/272 244/285/274
f 242/284/273 265/283/272 241/75/74
f 15/281/270 14/11/11 264/309/298
f 15/281/270 264/309/298 263/306/295
f 265/283/272 243/305/294 263/306/295
f 263/306/295 252/295/284 15/281/270
f 16/12/12 15/281/270 266/13/13
f 14/11/11 13/10/10 264/309/298
f 265/283/272 263/306/295 264/309/298
f 264/309/298 13/10/10 265/283/272
f 12/9/9 265/283/272 13/10/10
f 174/210/206 228/37/37 229/273/262
f 174/210/206 229/273/262 9/5/5
f 62/269/258 229/273/262 228/37/37
f 223/21/21 189/23/23 20/19/19
f 270/310/299 268/311/300 296/312/301
f 270/310/299 296/312/301 49/57/57
f 47/54/54 49/57/57 48/59/59
f 267/313/302 224/20/20 269/314/303
f 267/313/302 269/314/303 268/315/300
f 38/235/227 223/21/21 224/20/20
f 225/236/226 224/20/20 267/313/302
f 225/236/226 267/313/302 226/316/260
f 226/316/260 267/313/302 268/315/300
f 270/310/299 227/56/56 226/271/260
f 226/271/260 268/311/300 270/310/299
f 271/317/304 7/1/1 273/279/268
f 7/1/1 271/317/304 34/43/43
f 6/22/22 34/43/43 271/317/304
f 231/278/267 232/274/263 278/318/305
f 232/274/263 233/276/265 279/319/306
f 233/276/265 237/14/14 17/15/15
f 230/6/6 62/269/258 240/282/271
f 240/282/271 62/269/258 239/272/261
f 20/19/19 189/23/23 6/22/22
f 20/19/19 6/22/22 281/320/307
f 193/264/253 44/53/53 272/321/308
f 274/322/309 44/53/53 45/270/259
f 281/320/307 6/22/22 271/317/304
f 272/321/308 194/256/245 193/264/253
f 214/259/248 221/258/247 186/228/222
f 221/258/247 211/252/241 186/228/222
f 186/228/222 211/252/241 181/231/224
f 281/320/307 271/317/304 273/279/268
f 272/321/308 44/53/53 274/322/309
f 195/262/251 194/256/245 272/321/308
f 196/265/254 195/262/251 272/321/308
f 272/321/308 274/322/309 196/265/254
f 197/239/228 196/265/254 274/322/309
f 46/55/55 47/54/54 198/240/229
f 275/243/232 198/240/229 47/54/54
f 275/243/232 47/54/54 48/59/59
f 275/243/232 50/323/310 200/244/233
f 48/59/59 51/58/58 50/323/310
f 50/323/310 275/243/232 48/59/59
f 46/55/55 274/322/309 45/270/259
f 274/322/309 46/55/55 197/239/228
f 197/239/228 46/55/55 198/240/229
f 279/319/306 280/200/196 278/318/305
f 280/200/196 18/203/199 278/318/305
f 20/19/19 276/16/16 19/18/18
f 170/202/198 276/16/16 18/203/199
f 18/203/199 276/16/16 277/324/311
f 18/203/199 277/324/311 278/318/305
f 281/320/307 277/324/311 276/16/16
f 20/19/19 281/320/307 276/16/16
f 12/9/9 63/73/72 241/75/74
f 65/76/75 242/284/273 241/75/74
f 242/284/273 65/76/75 282/286/275
f 68/289/278 245/79/78 67/78/77
f 245/79/78 282/286/275 65/76/75
f 284/325/312 70/326/313 285/327/314
f 286/328/315 285/327/314 287/329/316
f 2879/330/317 286/328/315 288/331/318
f 288/331/318 2886/332/319 2878/333/320
f 2489/334/321 289/335/322 290/336/323
f 2489/334/321 290/336/323 291/303/292
f 67/78/77 283/337/324 68/289/278
f 244/285/274 242/284/273 282/286/275
f 292/268/257 209/251/240 220/257/246
f 277/324/311 281/320/307 273/279/268
f 277/324/311 273/279/268 278/318/305
f 220/257/246 209/251/240 293/253/242
f 210/254/243 293/253/242 66/77/76
f 293/253/242 209/251/240 212/255/244
f 269/314/303 224/20/20 19/18/18
f 292/268/257 213/261/250 217/250/239
f 217/250/239 209/251/240 292/268/257
f 278/318/305 232/274/263 279/319/306
f 269/314/303 294/338/325 296/339/301
f 296/339/301 294/338/325 56/65/65
f 296/339/301 56/65/65 57/66/66
f 294/338/325 295/63/63 56/65/65
f 269/314/303 19/18/18 294/338/325
f 19/18/18 171/17/17 294/338/325
f 294/338/325 171/17/17 295/63/63
f 295/63/63 171/17/17 55/64/64
f 47/54/54 270/310/299 49/57/57
f 47/54/54 227/56/56 270/310/299
f 296/339/301 57/66/66 51/71/58
f 296/339/301 268/315/300 269/314/303
f 206/267/256 218/266/255 205/247/236
f 266/13/13 252/295/284 261/297/286
f 252/295/284 266/13/13 15/281/270
f 17/15/15 266/13/13 261/297/286
f 233/276/265 262/308/297 279/319/306
f 279/319/306 262/308/297 254/298/287
f 279/319/306 254/298/287 297/201/197
f 255/196/192 254/298/287 166/194/190
f 169/199/195 297/201/197 255/196/192
f 255/196/192 297/201/197 254/298/287
f 49/340/57 296/339/301 51/71/58
f 2196/81/80 206/267/256 205/247/236
f 2196/81/80 205/247/236 298/246/235
f 199/242/231 198/240/229 275/243/232
f 301/341/326 446/342/327 302/343/328
f 2137/344/329 447/345/330 303/346/331
f 304/347/332 305/348/333 306/349/334
f 306/349/334 305/348/333 307/350/335
f 306/349/334 307/350/335 2459/351/336
f 308/352/337 307/350/335 386/353/338
f 308/352/337 386/353/338 1663/354/339
f 1663/354/339 386/353/338 387/355/340
f 2796/356/341 310/357/342 410/358/343
f 313/359/344 311/360/345 312/361/346
f 314/362/347 315/363/348 1689/364/349
f 1689/364/349 316/365/350 317/366/351
f 1689/364/349 317/366/351 1538/367/352
f 317/366/351 318/368/353 1687/369/354
f 1687/369/354 318/368/353 319/370/355
f 1536/371/356 320/372/357 321/373/358
f 1529/374/359 321/373/358 322/375/360
f 1529/374/359 322/375/360 1528/376/361
f 328/377/362 327/378/363 329/379/364
f 330/380/365 328/377/362 329/379/364
f 332/381/366 2785/382/367 333/383/368
f 2862/384/369 336/385/370 337/386/371
f 2862/384/369 337/386/371 2863/387/372
f 340/388/373 339/389/374 2386/390/375
f 340/388/373 2386/390/375 341/391/376
f 2121/392/377 348/393/378 347/394/379
f 351/395/380 2373/396/381 2337/397/382
f 356/398/383 355/399/384 357/400/385
f 360/401/386 359/402/387 2405/403/388
f 360/401/386 2405/403/388 361/404/389
f 362/405/390 361/404/389 363/406/391
f 2506/407/392 366/408/393 367/409/394
f 367/409/394 329/379/364 2156/410/395
f 327/378/363 326/411/396 2155/412/397
f 2155/412/397 326/411/396 2502/413/398
f 324/414/399 323/415/400 2501/416/401
f 2501/416/401 323/415/400 368/417/402
f 395/418/403 369/419/404 392/420/405
f 392/420/405 369/419/404 370/421/406
f 370/421/406 371/422/407 372/423/408
f 373/424/409 398/425/410 374/426/411
f 398/425/410 375/427/412 374/426/411
f 374/426/411 375/427/412 376/428/413
f 377/429/414 401/430/415 378/431/416
f 2164/432/417 379/433/418 2162/434/419
f 2162/434/419 379/433/418 380/435/420
f 381/436/421 380/435/420 382/437/422
f 441/438/423 382/437/422 384/439/424
f 441/438/423 384/439/424 385/440/425
f 386/353/338 385/440/425 387/355/340
f 309/441/426 387/355/340 388/442/427
f 303/346/331 305/348/333 304/347/332
f 307/350/335 389/443/428 386/353/338
f 303/346/331 390/444/429 305/348/333
f 307/350/335 390/444/429 389/443/428
f 307/350/335 305/348/333 390/444/429
f 373/424/409 374/426/411 372/423/408
f 372/423/408 2786/445/430 391/446/431
f 393/447/432 368/417/402 2498/448/433
f 2498/448/433 368/417/402 394/449/434
f 394/449/434 395/418/403 392/420/405
f 392/420/405 370/421/406 391/446/431
f 391/446/431 370/421/406 372/423/408
f 394/449/434 322/375/360 395/418/403
f 369/419/404 395/418/403 319/370/355
f 319/370/355 321/373/358 320/372/357
f 397/450/435 396/451/436 319/370/355
f 397/450/435 319/370/355 318/368/353
f 413/452/437 318/368/353 317/366/351
f 373/424/409 371/422/407 412/453/438
f 316/365/350 399/454/439 317/366/351
f 399/454/439 316/365/350 400/455/440
f 399/454/439 400/455/440 376/428/413
f 378/431/416 402/456/441 2164/432/417
f 402/456/441 403/457/442 404/458/443
f 404/458/443 403/457/442 405/459/444
f 387/355/340 385/440/425 388/442/427
f 406/460/445 385/440/425 384/439/424
f 384/439/424 382/437/422 406/460/445
f 388/442/427 385/440/425 406/460/445
f 406/460/445 382/437/422 404/458/443
f 404/458/443 382/437/422 380/435/420
f 404/458/443 379/433/418 402/456/441
f 379/433/418 404/458/443 380/435/420
f 404/458/443 405/459/444 406/460/445
f 2164/432/417 402/456/441 379/433/418
f 1645/461/446 408/462/447 310/357/342
f 388/442/427 406/460/445 405/459/444
f 402/456/441 378/431/416 407/463/448
f 407/463/448 409/464/449 408/462/447
f 408/462/447 409/464/449 410/358/343
f 315/363/348 316/365/350 1689/364/349
f 312/361/346 311/360/345 315/363/348
f 311/360/345 400/455/440 315/363/348
f 315/363/348 400/455/440 316/365/350
f 376/428/413 400/455/440 411/465/450
f 410/358/343 310/357/342 408/462/447
f 410/358/343 400/455/440 311/360/345
f 400/455/440 410/358/343 411/465/450
f 411/465/450 409/464/449 401/430/415
f 401/430/415 409/464/449 407/463/448
f 409/464/449 411/465/450 410/358/343
f 407/463/448 378/431/416 401/430/415
f 401/430/415 377/429/414 376/428/413
f 373/424/409 412/453/438 398/425/410
f 398/425/410 399/454/439 375/427/412
f 372/423/408 371/422/407 373/424/409
f 412/453/438 413/452/437 398/425/410
f 398/425/410 413/452/437 399/454/439
f 370/421/406 396/451/436 371/422/407
f 396/451/436 397/450/435 371/422/407
f 412/453/438 371/422/407 397/450/435
f 370/421/406 369/419/404 396/451/436
f 369/419/404 319/370/355 396/451/436
f 2502/413/398 1698/466/451 325/467/452
f 1698/466/451 2502/413/398 326/411/396
f 416/468/453 2161/469/454 471/470/455
f 472/471/456 2143/472/457 417/473/458
f 2170/474/459 420/475/460 421/476/461
f 423/477/462 422/478/463 300/479/464
f 423/477/462 300/479/464 424/480/465
f 428/481/466 457/482/467 429/483/468
f 433/484/469 432/485/470 434/486/471
f 672/487/472 452/488/473 427/489/474
f 2133/490/475 300/479/464 301/341/326
f 390/444/429 440/491/476 389/443/428
f 389/443/428 440/491/476 385/440/425
f 385/440/425 440/491/476 441/438/423
f 385/440/425 386/353/338 389/443/428
f 303/346/331 439/492/477 390/444/429
f 382/437/422 441/438/423 444/493/478
f 382/437/422 444/493/478 442/494/479
f 382/437/422 442/494/479 383/495/480
f 382/437/422 383/495/480 381/436/421
f 390/444/429 439/492/477 438/496/481
f 390/444/429 438/496/481 443/497/482
f 440/491/476 444/493/478 441/438/423
f 443/497/482 440/491/476 390/444/429
f 422/478/463 436/498/483 300/479/464
f 445/499/484 437/500/485 446/342/327
f 446/342/327 437/500/485 447/345/330
f 446/342/327 447/345/330 2137/344/329
f 436/498/483 448/501/486 445/499/484
f 445/499/484 448/501/486 437/500/485
f 439/492/477 447/345/330 438/496/481
f 303/346/331 447/345/330 439/492/477
f 300/479/464 436/498/483 301/341/326
f 301/341/326 436/498/483 445/499/484
f 301/341/326 445/499/484 446/342/327
f 422/478/463 421/476/461 436/498/483
f 437/500/485 448/501/486 449/502/487
f 437/500/485 449/502/487 450/503/488
f 451/504/489 450/503/488 440/491/476
f 451/504/489 440/491/476 443/497/482
f 451/504/489 437/500/485 450/503/488
f 424/480/465 300/479/464 2134/505/490
f 424/480/465 2134/505/490 425/506/491
f 425/506/491 435/507/492 426/508/493
f 426/508/493 435/507/492 427/489/474
f 453/509/494 454/510/495 458/511/496
f 455/512/497 430/513/498 2181/514/499
f 2182/515/500 455/512/497 2181/514/499
f 434/486/471 453/509/494 456/516/501
f 427/489/474 452/488/473 428/481/466
f 428/481/466 452/488/473 456/516/501
f 428/481/466 456/516/501 457/482/467
f 453/509/494 458/511/496 456/516/501
f 456/516/501 458/511/496 457/482/467
f 2182/515/500 457/482/467 458/511/496
f 429/483/468 457/482/467 2182/515/500
f 455/512/497 2182/515/500 458/511/496
f 452/488/473 434/486/471 456/516/501
f 432/485/470 454/510/495 453/509/494
f 458/511/496 431/517/502 455/512/497
f 431/517/502 430/513/498 455/512/497
f 431/517/502 458/511/496 454/510/495
f 461/518/503 2191/519/504 2171/520/505
f 2171/520/505 2191/519/504 462/521/506
f 2171/520/505 462/521/506 463/522/507
f 2295/523/508 464/524/509 465/525/510
f 466/526/511 2321/527/512 467/528/513
f 468/529/514 476/530/515 469/531/516
f 471/470/455 470/532/517 416/468/453
f 470/532/517 471/470/455 472/471/456
f 418/533/518 472/471/456 417/473/458
f 418/533/518 473/534/519 474/535/520
f 474/535/520 473/534/519 468/529/514
f 472/471/456 418/533/518 474/535/520
f 468/529/514 469/531/516 474/535/520
f 474/535/520 469/531/516 472/471/456
f 2142/536/521 2143/472/457 471/470/455
f 471/470/455 2143/472/457 472/471/456
f 470/532/517 472/471/456 469/531/516
f 419/537/522 420/475/460 475/538/523
f 475/538/523 2294/539/524 418/533/518
f 418/533/518 2294/539/524 473/534/519
f 473/534/519 467/528/513 468/529/514
f 417/473/458 475/538/523 418/533/518
f 360/401/386 362/405/390 2366/540/525
f 360/401/386 2366/540/525 476/530/515
f 477/541/526 476/530/515 468/529/514
f 361/404/389 362/405/390 360/401/386
f 359/402/387 360/401/386 358/542/527
f 358/542/527 360/401/386 2340/543/528
f 358/542/527 356/398/383 357/400/385
f 477/541/526 468/529/514 2321/527/512
f 360/401/386 476/530/515 477/541/526
f 364/544/529 414/545/530 415/546/531
f 479/547/532 2967/548/533 480/549/534
f 506/550/535 481/551/536 482/552/537
f 488/553/538 482/552/537 483/554/539
f 483/554/539 484/555/540 485/556/541
f 341/391/376 484/555/540 478/557/542
f 343/558/543 486/559/544 342/560/545
f 486/559/544 343/558/543 344/561/546
f 486/559/544 344/561/546 485/556/541
f 3081/562/547 1815/563/548 3083/564/549
f 3088/565/550 1816/566/551 491/567/552
f 500/568/553 3090/569/554 501/570/555
f 518/571/556 504/572/557 505/573/558
f 505/573/558 506/550/535 482/552/537
f 505/573/558 504/572/557 506/550/535
f 481/551/536 506/550/535 3228/574/559
f 481/551/536 3228/574/559 510/575/560
f 501/570/555 509/576/561 508/577/562
f 509/576/561 1722/578/563 508/577/562
f 481/551/536 510/575/560 480/549/534
f 480/549/534 510/575/560 479/547/532
f 515/579/564 2914/580/565 516/581/566
f 516/581/566 2914/580/565 2863/387/372
f 510/575/560 507/582/567 517/583/568
f 510/575/560 1723/584/569 479/547/532
f 520/585/570 487/586/571 485/556/541
f 485/556/541 487/586/571 483/554/539
f 483/554/539 487/586/571 488/553/538
f 488/553/538 505/573/558 482/552/537
f 519/587/572 1817/588/573 489/589/574
f 519/587/572 489/589/574 488/553/538
f 519/587/572 488/553/538 487/586/571
f 485/556/541 344/561/546 346/590/575
f 485/556/541 346/590/575 520/585/570
f 344/561/546 345/591/576 346/590/575
f 1813/592/577 2124/593/578 1812/594/579
f 1812/594/579 2124/593/578 526/595/580
f 1794/596/581 526/595/580 527/597/582
f 1794/596/581 527/597/582 2794/598/583
f 1794/596/581 2794/598/583 528/599/584
f 536/600/585 534/601/586 535/602/587
f 537/603/588 538/604/589 1803/605/590
f 1803/605/590 538/604/589 539/606/591
f 541/607/592 542/608/593 543/609/594
f 2782/610/595 2444/611/596 2791/612/597
f 546/613/598 2470/614/599 2471/615/600
f 546/613/598 547/616/601 2076/617/602
f 553/618/603 552/619/604 554/620/605
f 562/621/606 561/622/607 610/623/608
f 651/624/609 566/625/610 586/626/611
f 655/627/612 567/628/613 600/629/614
f 658/630/615 568/631/616 602/632/617
f 658/630/615 602/632/617 569/633/618
f 454/510/495 573/634/619 574/635/620
f 574/635/620 575/636/621 589/637/622
f 589/637/622 575/636/621 576/638/623
f 576/638/623 577/639/624 578/640/625
f 2451/641/626 577/639/624 579/642/627
f 580/643/628 581/644/629 2454/645/630
f 2454/645/630 601/646/631 582/647/632
f 584/648/633 583/649/634 585/650/635
f 587/651/636 588/652/637 604/653/638
f 604/653/638 588/652/637 607/654/639
f 576/638/623 578/640/625 589/637/622
f 589/637/622 596/655/640 574/635/620
f 578/640/625 590/656/641 591/657/642
f 591/657/642 590/656/641 592/658/643
f 589/637/622 578/640/625 596/655/640
f 430/513/498 597/659/644 2181/514/499
f 2181/514/499 597/659/644 598/660/645
f 2187/661/646 594/662/647 593/663/648
f 540/664/649 593/663/648 599/665/650
f 540/664/649 599/665/650 541/607/592
f 594/662/647 597/659/644 430/513/498
f 594/662/647 430/513/498 595/666/651
f 595/666/651 578/640/625 591/657/642
f 578/640/625 595/666/651 596/655/640
f 596/655/640 595/666/651 430/513/498
f 430/513/498 431/517/502 596/655/640
f 596/655/640 454/510/495 574/635/620
f 431/517/502 454/510/495 596/655/640
f 574/635/620 573/634/619 575/636/621
f 575/636/621 573/634/619 572/667/652
f 570/668/653 569/633/618 602/632/617
f 602/632/617 568/631/616 600/629/614
f 575/636/621 572/667/652 576/638/623
f 576/638/623 570/668/653 579/642/627
f 579/642/627 570/668/653 581/644/629
f 581/644/629 580/643/628 579/642/627
f 601/646/631 2454/645/630 602/632/617
f 581/644/629 570/668/653 602/632/617
f 570/668/653 576/638/623 571/669/654
f 571/669/654 576/638/623 572/667/652
f 606/670/655 561/622/607 562/621/606
f 562/621/606 608/671/656 603/672/657
f 561/622/607 606/670/655 607/654/639
f 561/622/607 607/654/639 560/673/658
f 560/673/658 607/654/639 565/674/659
f 605/675/660 606/670/655 562/621/606
f 604/653/638 605/675/660 603/672/657
f 562/621/606 603/672/657 605/675/660
f 604/653/638 607/654/639 605/675/660
f 605/675/660 607/654/639 606/670/655
f 2453/676/661 584/648/633 603/672/657
f 609/677/662 608/671/656 610/623/608
f 610/623/608 563/678/663 611/679/664
f 611/679/664 563/678/663 612/680/665
f 603/672/657 585/650/635 604/653/638
f 604/653/638 586/626/611 587/651/636
f 586/626/611 604/653/638 585/650/635
f 584/648/633 585/650/635 603/672/657
f 558/681/666 560/673/658 565/674/659
f 1337/682/667 559/683/668 3043/684/669
f 1331/685/670 622/686/671 621/687/672
f 625/688/673 629/689/674 3281/690/675
f 638/691/676 3231/692/677 1323/693/678
f 618/694/679 617/695/680 623/696/681
f 616/697/682 615/698/683 625/688/673
f 629/689/674 630/699/684 3231/692/677
f 635/700/685 631/701/686 632/702/687
f 632/702/687 3042/703/688 633/704/689
f 633/704/689 588/652/637 641/705/690
f 651/624/609 586/626/611 634/706/691
f 566/625/610 641/705/690 588/652/637
f 638/691/676 1323/693/678 635/700/685
f 638/691/676 637/707/692 3229/708/693
f 637/707/692 638/691/676 636/709/694
f 638/691/676 635/700/685 636/709/694
f 651/624/609 641/705/690 566/625/610
f 639/710/695 642/711/696 640/712/697
f 636/709/694 1322/713/698 637/707/692
f 637/707/692 1322/713/698 1320/714/699
f 2884/715/700 2883/716/701 651/624/609
f 651/624/609 2883/716/701 652/717/702
f 651/624/609 652/717/702 641/705/690
f 677/718/703 2505/719/704 656/720/705
f 658/630/615 659/721/706 660/722/707
f 676/723/708 660/722/707 661/724/709
f 676/723/708 661/724/709 662/725/710
f 663/726/711 2349/727/712 664/728/713
f 2426/729/714 2349/727/712 2350/730/715
f 2426/729/714 2350/730/715 665/731/716
f 669/732/717 2342/733/718 2136/734/719
f 2135/735/720 671/736/721 672/487/472
f 671/736/721 2135/735/720 670/737/722
f 2884/715/700 654/738/723 650/739/724
f 2519/740/725 648/741/726 673/742/727
f 674/743/728 2526/744/729 675/745/730
f 651/624/609 653/746/731 2884/715/700
f 2884/715/700 653/746/731 654/738/723
f 655/627/612 677/718/703 654/738/723
f 648/741/726 649/747/732 650/739/724
f 654/738/723 677/718/703 650/739/724
f 641/705/690 652/717/702 642/711/696
f 642/711/696 652/717/702 640/712/697
f 679/748/733 678/749/734 2882/750/735
f 683/751/736 679/748/733 680/752/737
f 681/753/738 682/754/739 645/755/740
f 645/755/740 682/754/739 646/756/741
f 681/753/738 685/757/742 680/752/737
f 680/752/737 685/757/742 683/751/736
f 1320/714/699 684/758/743 644/759/744
f 1320/714/699 644/759/744 643/760/745
f 1020/761/746 684/758/743 685/757/742
f 684/758/743 1020/761/746 644/759/744
f 645/755/740 685/757/742 681/753/738
f 685/757/742 645/755/740 1020/761/746
f 684/758/743 683/751/736 685/757/742
f 640/712/697 678/749/734 679/748/733
f 679/748/733 683/751/736 1321/762/747
f 637/707/692 1320/714/699 643/760/745
f 643/760/745 628/763/748 637/707/692
f 628/763/748 3120/764/749 687/765/750
f 1017/766/751 3027/767/752 3255/768/753
f 622/686/671 623/696/681 999/769/754
f 696/770/755 697/771/756 698/772/757
f 700/773/758 1318/774/759 701/775/760
f 3917/776/761 707/777/762 708/778/763
f 709/779/764 1190/780/765 1989/781/766
f 710/782/767 3877/783/768 1987/784/769
f 1987/784/769 3877/783/768 711/785/770
f 711/785/770 3877/783/768 3915/786/771
f 711/785/770 3915/786/771 3914/787/772
f 714/788/773 1201/789/774 3641/790/775
f 3641/790/775 1201/789/774 715/791/776
f 3807/792/777 716/793/778 717/794/779
f 3799/795/780 717/794/779 718/796/781
f 720/797/782 1260/798/783 721/799/784
f 3635/800/785 724/801/786 725/802/787
f 3635/800/785 727/803/788 726/804/789
f 3634/805/790 727/803/788 728/806/791
f 3655/807/792 3654/808/793 729/809/794
f 733/810/795 3758/811/796 3662/812/797
f 3662/812/797 3758/811/796 3663/813/798
f 3663/813/798 3758/811/796 734/814/799
f 735/815/800 734/814/799 736/816/801
f 737/817/802 736/816/801 3801/818/803
f 1241/819/804 1237/820/805 3617/821/806
f 3617/821/806 1237/820/805 1238/822/807
f 3616/823/808 1240/824/809 1091/825/810
f 1091/825/810 1240/824/809 738/826/811
f 3316/827/812 741/828/813 3410/829/814
f 3316/827/812 3410/829/814 742/830/815
f 3314/831/816 823/832/817 3136/833/818
f 3136/833/818 823/832/817 743/834/819
f 3001/835/820 748/836/821 749/837/822
f 3001/835/820 749/837/822 3000/838/823
f 957/839/824 963/840/825 755/841/826
f 759/842/827 760/843/828 1609/844/829
f 1609/844/829 760/843/828 761/845/830
f 762/846/831 761/845/830 978/847/832
f 769/848/833 770/849/834 771/850/835
f 772/851/836 773/852/837 774/853/838
f 775/854/839 773/852/837 776/855/840
f 1651/856/841 776/855/840 1650/857/842
f 1650/857/842 776/855/840 777/858/843
f 778/859/844 1034/860/845 2459/351/336
f 2459/351/336 1034/860/845 306/349/334
f 750/861/846 749/837/822 748/836/821
f 752/862/847 751/863/848 779/864/849
f 953/865/850 784/866/851 785/867/852
f 785/867/852 784/866/851 808/868/853
f 785/867/852 808/868/853 931/869/854
f 786/870/855 806/871/856 787/872/857
f 787/872/857 788/873/858 3279/874/859
f 3279/874/859 788/873/858 789/875/860
f 791/876/861 790/877/862 804/878/863
f 793/879/864 3330/880/865 3118/881/866
f 3118/881/866 3330/880/865 794/882/867
f 3118/881/866 794/882/867 795/883/868
f 795/883/868 796/884/869 3118/881/866
f 911/885/870 799/886/871 800/887/872
f 899/888/873 801/889/874 802/890/875
f 3330/880/865 793/879/864 803/891/876
f 789/875/860 788/873/858 3457/892/877
f 3457/892/877 788/873/858 805/893/878
f 806/871/856 805/893/878 787/872/857
f 807/894/879 808/868/853 809/895/880
f 811/896/881 833/897/882 812/898/883
f 812/898/883 813/899/884 814/900/885
f 816/901/886 815/902/887 817/903/888
f 781/904/889 783/905/890 782/906/891
f 817/903/888 819/907/892 818/908/893
f 822/909/894 826/910/895 823/832/817
f 745/911/896 3135/912/897 744/913/898
f 744/913/898 3136/833/818 743/834/819
f 819/907/892 780/914/899 779/864/849
f 824/915/900 825/916/901 820/917/902
f 820/917/902 825/916/901 816/901/886
f 816/901/886 825/916/901 821/918/903
f 820/917/902 818/908/893 824/915/900
f 824/915/900 828/919/904 825/916/901
f 825/916/901 828/919/904 826/910/895
f 822/909/894 825/916/901 826/910/895
f 819/907/892 779/864/849 824/915/900
f 779/864/849 827/920/905 828/919/904
f 828/919/904 827/920/905 829/921/906
f 829/921/906 744/913/898 826/910/895
f 826/910/895 744/913/898 743/834/819
f 826/910/895 743/834/819 823/832/817
f 745/911/896 831/922/907 746/923/908
f 831/922/907 745/911/896 744/913/898
f 826/910/895 828/919/904 829/921/906
f 828/919/904 824/915/900 779/864/849
f 831/922/907 744/913/898 829/921/906
f 779/864/849 751/863/848 827/920/905
f 747/924/909 832/925/910 3001/835/820
f 3001/835/820 832/925/910 748/836/821
f 748/836/821 832/925/910 830/926/911
f 827/920/905 832/925/910 831/922/907
f 751/863/848 748/836/821 830/926/911
f 751/863/848 830/926/911 827/920/905
f 827/920/905 830/926/911 832/925/910
f 747/924/909 746/923/908 831/922/907
f 831/922/907 832/925/910 747/924/909
f 829/921/906 827/920/905 831/922/907
f 818/908/893 819/907/892 824/915/900
f 781/904/889 819/907/892 817/903/888
f 817/903/888 818/908/893 816/901/886
f 815/902/887 816/901/886 814/900/885
f 739/927/912 811/896/881 740/928/913
f 811/896/881 739/927/912 833/897/882
f 837/929/914 838/930/915 873/931/916
f 873/931/916 838/930/915 839/932/917
f 873/931/916 839/932/917 840/933/918
f 841/934/919 2656/935/920 842/936/921
f 843/937/922 844/938/923 845/939/924
f 848/940/925 847/941/926 849/942/927
f 3581/943/928 2648/944/929 858/945/930
f 859/946/931 3580/947/932 3572/948/933
f 908/949/934 860/950/935 861/951/936
f 855/952/937 3869/953/938 854/954/939
f 853/955/940 928/956/941 863/957/942
f 864/958/943 863/957/942 3569/959/944
f 871/960/945 869/961/946 870/962/947
f 871/960/945 3457/892/877 872/963/948
f 872/963/948 837/929/914 873/931/916
f 875/964/949 841/934/919 876/965/950
f 876/965/950 841/934/919 842/936/921
f 842/936/921 843/937/922 876/965/950
f 877/966/951 3670/967/952 878/968/953
f 881/969/954 882/970/955 883/971/956
f 883/971/956 882/970/955 884/972/957
f 3615/973/958 885/974/959 926/975/960
f 3615/973/958 926/975/960 867/976/961
f 865/977/962 884/972/957 852/978/963
f 852/978/963 884/972/957 851/979/964
f 865/977/962 852/978/963 864/958/943
f 853/955/940 863/957/942 864/958/943
f 853/955/940 864/958/943 852/978/963
f 883/971/956 3615/973/958 881/969/954
f 881/969/954 3615/973/958 886/980/965
f 887/981/966 892/982/967 888/983/968
f 877/966/951 890/984/969 875/964/949
f 876/965/950 877/966/951 875/964/949
f 891/985/970 889/986/971 871/960/945
f 888/983/968 889/986/971 887/981/966
f 891/985/970 872/963/948 890/984/969
f 890/984/969 877/966/951 878/968/953
f 890/984/969 878/968/953 891/985/970
f 891/985/970 878/968/953 889/986/971
f 874/987/972 890/984/969 872/963/948
f 872/963/948 873/931/916 874/987/972
f 892/982/967 881/969/954 886/980/965
f 889/986/971 878/968/953 887/981/966
f 878/968/953 879/988/973 887/981/966
f 887/981/966 879/988/973 880/989/974
f 881/969/954 892/982/967 880/989/974
f 880/989/974 892/982/967 887/981/966
f 841/934/919 875/964/949 840/933/918
f 875/964/949 874/987/972 840/933/918
f 840/933/918 874/987/972 873/931/916
f 834/990/975 894/991/976 810/992/977
f 1236/993/978 835/994/979 894/991/976
f 1236/993/978 894/991/976 834/990/975
f 833/897/882 1239/995/980 893/996/981
f 810/992/977 894/991/976 809/895/880
f 893/996/981 1239/995/980 834/990/975
f 834/990/975 810/992/977 893/996/981
f 894/991/976 835/994/979 807/894/879
f 809/895/880 894/991/976 807/894/879
f 814/900/885 816/901/886 821/918/903
f 814/900/885 821/918/903 895/997/982
f 812/898/883 814/900/885 895/997/982
f 783/905/890 897/998/983 898/999/984
f 783/905/890 781/904/889 897/998/983
f 781/904/889 817/903/888 897/998/983
f 898/999/984 784/866/851 783/905/890
f 783/905/890 784/866/851 3194/1000/985
f 897/998/983 817/903/888 896/1001/986
f 896/1001/986 815/902/887 813/899/884
f 786/870/855 808/868/853 807/894/879
f 808/868/853 898/999/984 809/895/880
f 809/895/880 896/1001/986 810/992/977
f 810/992/977 896/1001/986 813/899/884
f 810/992/977 813/899/884 893/996/981
f 893/996/981 813/899/884 812/898/883
f 812/898/883 833/897/882 893/996/981
f 786/870/855 931/869/854 808/868/853
f 814/900/885 813/899/884 815/902/887
f 3279/874/859 789/875/860 790/877/862
f 788/873/858 787/872/857 805/893/878
f 790/877/862 789/875/860 870/962/947
f 790/877/862 870/962/947 804/878/863
f 791/876/861 804/878/863 792/1002/987
f 867/976/961 899/888/873 868/1003/988
f 3580/947/932 2648/944/929 3581/943/928
f 912/1004/989 923/1005/990 913/1006/991
f 912/1004/989 913/1006/991 914/1007/992
f 914/1007/992 106/117/116 924/1008/993
f 107/174/173 913/1006/991 108/173/172
f 108/173/172 913/1006/991 923/1005/990
f 906/1009/994 860/950/935 908/949/934
f 908/949/934 917/1010/995 918/1011/996
f 921/1012/997 916/1013/998 920/1014/999
f 919/1015/1000 905/1016/1001 918/1011/996
f 919/1015/1000 916/1013/998 905/1016/1001
f 110/121/120 915/120/119 916/1013/998
f 918/1011/996 917/1010/995 919/1015/1000
f 860/950/935 906/1009/994 859/946/931
f 908/949/934 3460/1017/1002 917/1010/995
f 919/1015/1000 917/1010/995 922/1018/1003
f 111/144/143 110/121/120 922/1018/1003
f 908/949/934 861/951/936 3460/1017/1002
f 110/121/120 916/1013/998 922/1018/1003
f 922/1018/1003 916/1013/998 919/1015/1000
f 915/120/119 109/119/118 923/1005/990
f 923/1005/990 109/119/118 108/173/172
f 106/117/116 914/1007/992 107/174/173
f 107/174/173 914/1007/992 913/1006/991
f 915/120/119 923/1005/990 920/1014/999
f 921/1012/997 920/1014/999 909/1019/1004
f 920/1014/999 923/1005/990 909/1019/1004
f 921/1012/997 904/1020/1005 916/1013/998
f 916/1013/998 904/1020/1005 905/1016/1001
f 909/1019/1004 923/1005/990 910/1021/1006
f 910/1021/1006 923/1005/990 912/1004/989
f 910/1021/1006 912/1004/989 911/885/870
f 799/886/871 911/885/870 912/1004/989
f 799/886/871 924/1008/993 798/1022/1007
f 912/1004/989 914/1007/992 799/886/871
f 799/886/871 914/1007/992 924/1008/993
f 104/113/112 925/116/115 141/115/114
f 925/116/115 104/113/112 798/1022/1007
f 925/116/115 798/1022/1007 924/1008/993
f 925/116/115 924/1008/993 106/117/116
f 904/1020/1005 921/1012/997 903/1023/1008
f 903/1023/1008 921/1012/997 902/1024/1009
f 900/1025/1010 901/1026/1011 911/885/870
f 800/887/872 900/1025/1010 911/885/870
f 901/1026/1011 910/1021/1006 911/885/870
f 902/1024/1009 909/1019/1004 901/1026/1011
f 901/1026/1011 909/1019/1004 910/1021/1006
f 909/1019/1004 902/1024/1009 921/1012/997
f 902/1024/1009 901/1026/1011 929/1027/1012
f 801/889/874 900/1025/1010 800/887/872
f 867/976/961 926/975/960 899/888/873
f 926/975/960 900/1025/1010 801/889/874
f 926/975/960 801/889/874 899/888/873
f 3569/959/944 918/1011/996 905/1016/1001
f 927/1028/1013 907/1029/1014 3681/1030/1015
f 927/1028/1013 3681/1030/1015 928/956/941
f 863/957/942 3681/1030/1015 3569/959/944
f 928/956/941 3681/1030/1015 863/957/942
f 857/1031/1016 927/1028/1013 856/1032/1017
f 856/1032/1017 927/1028/1013 854/954/939
f 3869/953/938 856/1032/1017 854/954/939
f 857/1031/1016 907/1029/1014 927/1028/1013
f 927/1028/1013 928/956/941 854/954/939
f 926/975/960 885/974/959 929/1027/1012
f 900/1025/1010 926/975/960 901/1026/1011
f 3330/880/865 803/891/876 802/890/875
f 802/890/875 930/1033/1018 899/888/873
f 868/1003/988 899/888/873 930/1033/1018
f 793/879/864 792/1002/987 803/891/876
f 103/111/110 797/1034/1019 104/113/112
f 104/113/112 797/1034/1019 798/1022/1007
f 932/1035/1020 933/1036/1021 785/867/852
f 785/867/852 933/1036/1021 934/1037/1022
f 939/1038/1023 938/1039/1024 940/1040/1025
f 942/157/156 3104/1041/1026 98/151/150
f 941/1042/1027 97/152/151 943/1043/1028
f 943/1043/1028 944/154/153 969/1044/1029
f 969/1044/1029 944/154/153 968/1045/1030
f 945/1046/1031 978/847/832 761/845/830
f 945/1046/1031 944/154/153 96/104/103
f 945/1046/1031 968/1045/1030 944/154/153
f 940/1040/1025 941/1042/1027 946/1047/1032
f 946/1047/1032 939/1038/1023 940/1040/1025
f 942/157/156 97/152/151 941/1042/1027
f 950/1048/1033 951/1049/1034 952/1050/1035
f 933/1036/1021 935/1051/1036 934/1037/1022
f 934/1037/1022 935/1051/1036 953/865/850
f 935/1051/1036 954/1052/1037 955/1053/1038
f 935/1051/1036 955/1053/1038 953/865/850
f 3195/1054/1039 955/1053/1038 961/1055/1040
f 3195/1054/1039 961/1055/1040 956/1056/1041
f 3193/1057/1042 956/1056/1041 957/839/824
f 3193/1057/1042 957/839/824 754/1058/1043
f 935/1051/1036 936/1059/1044 954/1052/1037
f 936/1059/1044 952/1050/1035 954/1052/1037
f 964/1060/1045 958/1061/1046 959/1062/1047
f 960/1063/1048 758/1064/1049 3008/1065/1050
f 958/1061/1046 960/1063/1048 959/1062/1047
f 961/1055/1040 955/1053/1038 964/1060/1045
f 961/1055/1040 964/1060/1045 959/1062/1047
f 960/1063/1048 3008/1065/1050 959/1062/1047
f 959/1062/1047 963/840/825 961/1055/1040
f 956/1056/1041 961/1055/1040 957/839/824
f 957/839/824 961/1055/1040 963/840/825
f 963/840/825 962/1066/1051 755/841/826
f 755/841/826 962/1066/1051 756/1067/1052
f 3008/1065/1050 962/1066/1051 959/1062/1047
f 959/1062/1047 962/1066/1051 963/840/825
f 756/1067/1052 962/1066/1051 3008/1065/1050
f 954/1052/1037 964/1060/1045 955/1053/1038
f 964/1060/1045 952/1050/1035 951/1049/1034
f 964/1060/1045 951/1049/1034 958/1061/1046
f 960/1063/1048 958/1061/1046 951/1049/1034
f 970/1068/1053 757/1069/1054 966/1070/1055
f 966/1070/1055 757/1069/1054 960/1063/1048
f 960/1063/1048 757/1069/1054 758/1064/1049
f 758/1064/1049 757/1069/1054 759/842/827
f 761/845/830 968/1045/1030 945/1046/1031
f 761/845/830 760/843/828 968/1045/1030
f 757/1069/1054 970/1068/1053 759/842/827
f 759/842/827 967/1071/1056 760/843/828
f 943/1043/1028 948/1072/1057 971/1073/1058
f 943/1043/1028 971/1073/1058 947/1074/1059
f 968/1045/1030 760/843/828 969/1044/1029
f 950/1048/1033 949/1075/1060 965/1076/1061
f 965/1076/1061 967/1071/1056 759/842/827
f 948/1072/1057 965/1076/1061 949/1075/1060
f 965/1076/1061 948/1072/1057 967/1071/1056
f 965/1076/1061 759/842/827 970/1068/1053
f 965/1076/1061 970/1068/1053 950/1048/1033
f 950/1048/1033 966/1070/1055 951/1049/1034
f 966/1070/1055 960/1063/1048 951/1049/1034
f 952/1050/1035 964/1060/1045 954/1052/1037
f 947/1074/1059 971/1073/1058 972/1077/1062
f 972/1077/1062 971/1073/1058 948/1072/1057
f 972/1077/1062 948/1072/1057 949/1075/1060
f 941/1042/1027 947/1074/1059 946/1047/1032
f 972/1077/1062 949/1075/1060 973/1078/1063
f 974/1079/1064 952/1050/1035 936/1059/1044
f 947/1074/1059 972/1077/1062 946/1047/1032
f 939/1038/1023 972/1077/1062 973/1078/1063
f 939/1038/1023 973/1078/1063 975/1080/1065
f 939/1038/1023 975/1080/1065 3112/1081/1066
f 3112/1081/1066 938/1039/1024 939/1038/1023
f 973/1078/1063 952/1050/1035 974/1079/1064
f 975/1080/1065 973/1078/1063 974/1079/1064
f 937/1082/1067 975/1080/1065 936/1059/1044
f 936/1059/1044 975/1080/1065 974/1079/1064
f 943/1043/1028 138/156/155 944/154/153
f 94/183/181 977/106/105 95/105/104
f 976/1083/1068 977/106/105 94/183/181
f 977/106/105 945/1046/1031 96/104/103
f 945/1046/1031 977/106/105 978/847/832
f 1071/1084/1069 976/1083/1068 1076/1085/1070
f 976/1083/1068 94/183/181 93/1086/1071
f 976/1083/1068 93/1086/1071 1076/1085/1070
f 1076/1085/1070 93/1086/1071 92/103/102
f 976/1083/1068 1071/1084/1069 978/847/832
f 976/1083/1068 978/847/832 977/106/105
f 762/846/831 978/847/832 1071/1084/1069
f 983/1087/1072 1060/1088/1073 984/1089/1074
f 1057/1090/1075 986/1091/1076 2941/1092/1077
f 3023/1093/1078 1059/1094/1079 3341/1095/1080
f 3341/1095/1080 1059/1094/1079 1280/1096/1081
f 991/1097/1082 990/1098/1083 992/1099/1084
f 993/1100/1085 3539/1101/1086 994/1102/1087
f 995/1103/1088 3561/1104/1089 996/1105/1090
f 996/1105/1090 3561/1104/1089 3562/1106/1091
f 691/1107/1092 3479/1108/1093 997/1109/1094
f 691/1107/1092 998/1110/1095 999/769/754
f 691/1107/1092 999/769/754 692/1111/1096
f 2947/1112/1097 987/1113/1098 3257/1114/1099
f 2946/1115/1100 3257/1114/1099 1000/1116/1101
f 2946/1115/1100 1000/1116/1101 1049/1117/1102
f 1049/1117/1102 1013/1118/1103 1012/1119/1104
f 1047/1120/1105 1002/1121/1106 1003/1122/1107
f 1041/1123/1108 1005/1124/1109 1040/1125/1110
f 1040/1125/1110 1005/1124/1109 1006/1126/1111
f 1007/1127/1112 769/848/833 1070/1128/1113
f 1070/1128/1113 769/848/833 768/1129/1114
f 1009/1130/1115 1005/1124/1109 1004/1131/1116
f 1014/1132/1117 1012/1119/1104 1013/1118/1103
f 686/1133/1118 3121/1134/1119 3120/764/749
f 3479/1108/1093 1018/1135/1120 996/1105/1090
f 688/1136/1121 687/765/750 3019/1137/1122
f 688/1136/1121 3019/1137/1122 1019/1138/1123
f 688/1136/1121 1019/1138/1123 689/1139/1124
f 1017/766/751 689/1139/1124 1019/1138/1123
f 3121/1134/1119 686/1133/1118 1016/1140/1125
f 1015/1141/1126 1016/1140/1125 686/1133/1118
f 1015/1141/1126 686/1133/1118 644/759/744
f 1015/1141/1126 644/759/744 1020/761/746
f 644/759/744 686/1133/1118 643/760/745
f 1014/1132/1117 1013/1118/1103 1021/1142/1127
f 1021/1142/1127 1013/1118/1103 645/755/740
f 1023/1143/1128 1021/1142/1127 1022/1144/1129
f 1014/1132/1117 1024/1145/1130 1012/1119/1104
f 1024/1145/1130 1014/1132/1117 1021/1142/1127
f 1023/1143/1128 1025/1146/1131 1030/1147/1132
f 1027/1148/1133 1030/1147/1132 1033/1149/1134
f 1028/1150/1135 2534/1151/1136 1029/1152/1137
f 1008/1153/1138 1009/1130/1115 2534/1151/1136
f 1010/1154/1139 1011/1155/1140 1027/1148/1133
f 1027/1148/1133 1011/1155/1140 1030/1147/1132
f 1021/1142/1127 1023/1143/1128 1024/1145/1130
f 1011/1155/1140 1024/1145/1130 1030/1147/1132
f 1030/1147/1132 1024/1145/1130 1023/1143/1128
f 645/755/740 646/756/741 1022/1144/1129
f 1025/1146/1131 1026/1156/1141 1030/1147/1132
f 1022/1144/1129 646/756/741 1023/1143/1128
f 1023/1143/1128 646/756/741 1025/1146/1131
f 1025/1146/1131 2515/1157/1142 1026/1156/1141
f 1026/1156/1141 1031/1158/1143 1033/1149/1134
f 1033/1149/1134 1030/1147/1132 1026/1156/1141
f 1021/1142/1127 645/755/740 1022/1144/1129
f 1006/1126/1111 1005/1124/1109 1008/1153/1138
f 1009/1130/1115 1008/1153/1138 1005/1124/1109
f 770/849/834 1006/1126/1111 771/850/835
f 771/850/835 1006/1126/1111 1008/1153/1138
f 778/859/844 1035/1159/1144 1034/860/845
f 776/855/840 1035/1159/1144 777/858/843
f 777/858/843 1035/1159/1144 778/859/844
f 2532/1160/1145 772/851/836 771/850/835
f 2532/1160/1145 771/850/835 2533/1161/1146
f 2533/1161/1146 771/850/835 1008/1153/1138
f 981/1162/1147 1036/1163/1148 1037/1164/1149
f 1037/1164/1149 1036/1163/1148 1038/1165/1150
f 1064/1166/1151 1038/1165/1150 1039/1167/1152
f 1039/1167/1152 1040/1125/1110 1006/1126/1111
f 1041/1123/1108 1042/1168/1153 1005/1124/1109
f 1004/1131/1116 1042/1168/1153 1003/1122/1107
f 1042/1168/1153 1004/1131/1116 1005/1124/1109
f 1040/1125/1110 1042/1168/1153 1041/1123/1108
f 1002/1121/1106 1044/1169/1154 1001/1170/1155
f 1044/1169/1154 1002/1121/1106 1047/1120/1105
f 1042/1168/1153 1043/1171/1156 1003/1122/1107
f 1040/1125/1110 1039/1167/1152 1038/1165/1150
f 1045/1172/1157 1042/1168/1153 1038/1165/1150
f 2943/1173/1158 1045/1172/1157 1038/1165/1150
f 2943/1173/1158 1038/1165/1150 1046/1174/1159
f 982/1175/1160 983/1087/1072 1036/1163/1148
f 1038/1165/1150 1036/1163/1148 1046/1174/1159
f 1046/1174/1159 1036/1163/1148 983/1087/1072
f 1040/1125/1110 1038/1165/1150 1042/1168/1153
f 1001/1170/1155 1044/1169/1154 1048/1176/1161
f 1012/1119/1104 1001/1170/1155 1049/1117/1102
f 1052/1177/1162 1051/1178/1163 90/1179/1164
f 1050/1180/1165 1051/1178/1163 89/99/98
f 1057/1090/1075 3181/1181/1166 986/1091/1076
f 986/1091/1076 987/1113/1098 2947/1112/1097
f 983/1087/1072 982/1175/1160 1060/1088/1073
f 1060/1088/1073 982/1175/1160 1050/1180/1165
f 1060/1088/1073 1050/1180/1165 1053/1182/1167
f 1053/1182/1167 1050/1180/1165 89/99/98
f 1053/1182/1167 1054/1183/1168 1055/1184/1169
f 1055/1184/1169 1056/1185/1170 1057/1090/1075
f 1056/1185/1170 3181/1181/1166 1057/1090/1075
f 762/846/831 1071/1084/1069 979/1186/1171
f 1608/1187/1172 762/846/831 979/1186/1171
f 1608/1187/1172 979/1186/1171 763/1188/1173
f 763/1188/1173 980/1189/1174 2846/1190/1175
f 2846/1190/1175 980/1189/1174 764/1191/1176
f 764/1191/1176 1068/1192/1177 765/1193/1178
f 1063/1194/1179 1064/1166/1151 1039/1167/1152
f 1074/1195/1180 1066/1196/1181 1069/1197/1182
f 1074/1195/1180 1069/1197/1182 980/1189/1174
f 979/1186/1171 980/1189/1174 763/1188/1173
f 1038/1165/1150 1064/1166/1151 1037/1164/1149
f 1069/1197/1182 1068/1192/1177 980/1189/1174
f 1068/1192/1177 1069/1197/1182 1067/1198/1183
f 1069/1197/1182 1066/1196/1181 1067/1198/1183
f 1067/1198/1183 1066/1196/1181 1065/1199/1184
f 980/1189/1174 1068/1192/1177 764/1191/1176
f 765/1193/1178 1068/1192/1177 1061/1200/1185
f 1065/1199/1184 1062/1201/1186 1067/1198/1183
f 1062/1201/1186 1064/1166/1151 1063/1194/1179
f 1065/1199/1184 1064/1166/1151 1062/1201/1186
f 766/1202/1187 765/1193/1178 767/1203/1188
f 1070/1128/1113 768/1129/1114 767/1203/1188
f 979/1186/1171 1071/1084/1069 1072/1204/1189
f 1073/1205/1190 1074/1195/1180 980/1189/1174
f 1073/1205/1190 980/1189/1174 1072/1204/1189
f 980/1189/1174 979/1186/1171 1072/1204/1189
f 1075/1206/1191 1050/1180/1165 982/1175/1160
f 1075/1206/1191 982/1175/1160 981/1162/1147
f 1075/1206/1191 981/1162/1147 1074/1195/1180
f 1074/1195/1180 981/1162/1147 1066/1196/1181
f 1079/1207/1192 1078/1208/1193 90/1179/1164
f 1079/1207/1192 90/1179/1164 1051/1178/1163
f 1051/1178/1163 1050/1180/1165 1079/1207/1192
f 1050/1180/1165 1075/1206/1191 1079/1207/1192
f 1077/1209/1194 1080/101/100 1078/1208/1193
f 1077/1209/1194 1078/1208/1193 1079/1207/1192
f 1071/1084/1069 1076/1085/1070 1072/1204/1189
f 1074/1195/1180 1073/1205/1190 1075/1206/1191
f 1075/1206/1191 1073/1205/1190 1079/1207/1192
f 1072/1204/1189 1076/1085/1070 1077/1209/1194
f 1072/1204/1189 1077/1209/1194 1079/1207/1192
f 1072/1204/1189 1079/1207/1192 1073/1205/1190
f 1077/1209/1194 1076/1085/1070 1080/101/100
f 92/103/102 1080/101/100 1076/1085/1070
f 1078/1208/1193 2997/100/99 90/1179/1164
f 2997/100/99 1078/1208/1193 1080/101/100
f 97/152/151 138/156/155 943/1043/1028
f 752/862/847 779/864/849 1591/1210/1195
f 1591/1210/1195 779/864/849 780/914/899
f 751/863/848 750/861/846 748/836/821
f 1082/1211/1196 1081/1212/1197 3617/821/806
f 3617/821/806 1081/1212/1197 1241/819/804
f 736/816/801 737/817/802 735/815/800
f 735/815/800 1083/1213/1198 3663/813/798
f 3663/813/798 1084/1214/1199 1085/1215/1200
f 1087/1216/1201 3618/1217/1202 1088/1218/1203
f 1095/1219/1204 1089/1220/1205 1090/1221/1206
f 3316/827/812 740/928/913 741/828/813
f 740/928/913 1090/1221/1206 1091/825/810
f 1090/1221/1206 740/928/913 3316/827/812
f 740/928/913 1091/825/810 739/927/912
f 739/927/912 1091/825/810 738/826/811
f 3591/1222/1207 3531/1223/1208 1092/1224/1209
f 1092/1224/1209 1093/1225/1210 1094/1226/1211
f 1097/1227/1212 3533/1228/1213 1096/1229/1214
f 1096/1229/1214 3533/1228/1213 1095/1219/1204
f 1097/1227/1212 3071/1230/1215 1094/1226/1211
f 1187/1231/1216 1098/1232/1217 1188/1233/1218
f 1100/1234/1219 3243/1235/1220 3080/1236/1221
f 1106/1237/1222 3054/1238/1223 1107/1239/1224
f 1158/1240/1225 3006/1241/1226 1108/1242/1227
f 1113/1243/1228 1112/1244/1229 1114/1245/1230
f 1115/1246/1231 1114/1245/1230 1535/1247/1232
f 1116/1248/1233 1115/1246/1231 2830/1249/1234
f 1117/1250/1235 2832/1251/1236 1118/1252/1237
f 1120/1253/1238 2928/1254/1239 1121/1255/1240
f 1131/1256/1241 1125/1257/1242 1124/1258/1243
f 1125/1257/1242 1126/1259/1244 1124/1258/1243
f 1126/1259/1244 3148/1260/1245 3258/1261/1246
f 3148/1260/1245 3149/1262/1247 1127/1263/1248
f 1131/1256/1241 1124/1258/1243 3258/1261/1246
f 1127/1263/1248 3258/1261/1246 3148/1260/1245
f 3260/1264/1249 1129/1265/1250 1130/1266/1251
f 3287/1267/1252 1129/1265/1250 3923/1268/1253
f 3287/1267/1252 1131/1256/1241 1129/1265/1250
f 1129/1265/1250 1131/1256/1241 1130/1266/1251
f 3923/1268/1253 1129/1265/1250 1123/1269/1254
f 1115/1246/1231 1116/1248/1233 1132/1270/1255
f 1155/1271/1256 1113/1243/1228 1134/1272/1257
f 1153/1273/1258 1134/1272/1257 3155/1274/1259
f 1153/1273/1258 3155/1274/1259 1135/1275/1260
f 1135/1275/1260 1136/1276/1261 1137/1277/1262
f 1137/1277/1262 1136/1276/1261 1138/1278/1263
f 1168/1279/1264 1140/1280/1265 1141/1281/1266
f 1143/1282/1267 1950/1283/1268 1144/1284/1269
f 1149/1285/1270 1148/1286/1271 1150/1287/1272
f 1160/1288/1273 1150/1287/1272 1151/1289/1274
f 1151/1289/1274 1152/1290/1275 1153/1273/1258
f 1153/1273/1258 1152/1290/1275 1154/1291/1276
f 1155/1271/1256 1154/1291/1276 1156/1292/1277
f 1111/1293/1278 1112/1244/1229 3160/1294/1279
f 1109/1295/1280 3160/1294/1279 1157/1296/1281
f 1158/1240/1225 1108/1242/1227 1109/1295/1280
f 1109/1295/1280 1111/1293/1278 3160/1294/1279
f 1110/1297/1282 1111/1293/1278 1109/1295/1280
f 1156/1292/1277 1112/1244/1229 1155/1271/1256
f 1159/1298/1283 1153/1273/1258 1135/1275/1260
f 1153/1273/1258 1154/1291/1276 1134/1272/1257
f 1146/1299/1284 1147/1300/1285 1161/1301/1286
f 1161/1301/1286 1147/1300/1285 1148/1286/1271
f 1161/1301/1286 1148/1286/1271 1149/1285/1270
f 1153/1273/1258 1159/1298/1283 1151/1289/1274
f 1151/1289/1274 1159/1298/1283 1160/1288/1273
f 1160/1288/1273 1135/1275/1260 1150/1287/1272
f 1150/1287/1272 1135/1275/1260 1137/1277/1262
f 1150/1287/1272 1137/1277/1262 1162/1302/1287
f 1140/1280/1265 1139/1303/1288 1138/1278/1263
f 1138/1278/1263 1139/1303/1288 1137/1277/1262
f 1150/1287/1272 1162/1302/1287 1149/1285/1270
f 1162/1302/1287 1167/1304/1289 1161/1301/1286
f 1161/1301/1286 1163/1305/1290 1146/1299/1284
f 1145/1306/1291 1163/1305/1290 1144/1284/1269
f 1143/1282/1267 1165/1307/1292 1142/1308/1293
f 1144/1284/1269 1163/1305/1290 1164/1309/1294
f 1144/1284/1269 1164/1309/1294 1165/1307/1292
f 1165/1307/1292 1164/1309/1294 1141/1281/1266
f 1141/1281/1266 1142/1308/1293 1165/1307/1292
f 1168/1279/1264 1141/1281/1266 1166/1310/1295
f 1163/1305/1290 1166/1310/1295 1164/1309/1294
f 1164/1309/1294 1166/1310/1295 1141/1281/1266
f 1167/1304/1289 1166/1310/1295 1161/1301/1286
f 1161/1301/1286 1166/1310/1295 1163/1305/1290
f 1162/1302/1287 1161/1301/1286 1149/1285/1270
f 1167/1304/1289 1139/1303/1288 1168/1279/1264
f 1167/1304/1289 1162/1302/1287 1139/1303/1288
f 1166/1310/1295 1167/1304/1289 1168/1279/1264
f 1162/1302/1287 1137/1277/1262 1139/1303/1288
f 1155/1271/1256 1134/1272/1257 1154/1291/1276
f 1112/1244/1229 1113/1243/1228 1155/1271/1256
f 1113/1243/1228 1133/1311/1296 1134/1272/1257
f 1169/1312/1297 3150/1313/1298 1170/1314/1299
f 1169/1312/1297 1170/1314/1299 1171/1315/1300
f 1171/1315/1300 1172/1316/1301 1169/1312/1297
f 1169/1312/1297 1172/1316/1301 1133/1311/1296
f 1172/1316/1301 1134/1272/1257 1133/1311/1296
f 1112/1244/1229 1111/1293/1278 1114/1245/1230
f 1094/1226/1211 3071/1230/1215 1187/1231/1216
f 3660/1317/1302 1173/1318/1303 1174/1319/1304
f 1180/1320/1305 1179/1321/1306 1181/1322/1307
f 1180/1320/1305 1181/1322/1307 1182/1323/1308
f 1918/1324/1309 1182/1323/1308 1916/1325/1310
f 1916/1325/1310 1184/1326/1311 1183/1327/1312
f 1183/1327/1312 1184/1326/1311 1099/1328/1313
f 3243/1235/1220 1183/1327/1312 1099/1328/1313
f 1188/1233/1218 3454/1329/1314 3455/1330/1315
f 1092/1224/1209 1186/1331/1316 1173/1318/1303
f 1187/1231/1216 1092/1224/1209 1094/1226/1211
f 1186/1331/1316 1092/1224/1209 1187/1231/1216
f 1188/1233/1218 1186/1331/1316 1187/1231/1216
f 1188/1233/1218 3455/1330/1315 1186/1331/1316
f 3068/1332/1317 1099/1328/1313 1185/1333/1318
f 1099/1328/1313 1184/1326/1311 1185/1333/1318
f 1185/1333/1318 1188/1233/1218 1098/1232/1217
f 1089/1220/1205 1095/1219/1204 1088/1218/1203
f 3660/1317/1302 1086/1334/1319 3591/1222/1207
f 3660/1317/1302 3591/1222/1207 1173/1318/1303
f 1081/1212/1197 737/817/802 1241/819/804
f 708/778/763 707/777/762 709/779/764
f 709/779/764 707/777/762 1190/780/765
f 1190/780/765 1284/1335/1320 1191/1336/1321
f 3878/1337/1322 1193/1338/1323 3825/1339/1324
f 1196/1340/1325 1195/1341/1326 1197/1342/1327
f 1196/1340/1325 1197/1342/1327 1198/1343/1328
f 1198/1343/1328 1263/1344/1329 1199/1345/1330
f 1199/1345/1330 1200/1346/1331 3800/1347/1332
f 715/791/776 3800/1347/1332 716/793/778
f 1203/1348/1333 1204/1349/1334 3878/1337/1322
f 3878/1337/1322 3825/1339/1324 1194/1350/1335
f 713/1351/1336 1203/1348/1333 714/788/773
f 1202/1352/1337 1198/1343/1328 1201/789/774
f 1202/1352/1337 1201/789/774 714/788/773
f 1201/789/774 1198/1343/1328 1199/1345/1330
f 1201/789/774 1199/1345/1330 715/791/776
f 715/791/776 1199/1345/1330 3800/1347/1332
f 1262/1353/1338 1205/1354/1339 1206/1355/1340
f 1262/1353/1338 1206/1355/1340 1207/1356/1341
f 1207/1356/1341 1208/1357/1342 3733/1358/1343
f 3733/1358/1343 1208/1357/1342 1209/1359/1344
f 1257/1360/1345 1209/1359/1344 1210/1361/1346
f 3665/1362/1347 1210/1361/1346 3567/1363/1348
f 1214/1364/1349 1212/1365/1350 1215/1366/1351
f 2681/1367/1352 1215/1366/1351 1216/1368/1353
f 1219/1369/1354 1220/1370/1355 3189/1371/1356
f 1218/1372/1357 1217/1373/1358 1216/1368/1353
f 3721/1374/1359 1223/1375/1360 1255/1376/1361
f 1255/1376/1361 1223/1375/1360 3568/1377/1362
f 1253/1378/1363 1224/1379/1364 1225/1380/1365
f 1227/1381/1366 1228/1382/1367 1230/1383/1368
f 1230/1383/1368 1229/1384/1369 3588/1385/1370
f 1230/1383/1368 3588/1385/1370 1242/1386/1371
f 1232/1387/1372 3587/1388/1373 1233/1389/1374
f 1233/1389/1374 3587/1388/1373 1234/1390/1375
f 838/930/915 1235/1391/1376 839/932/917
f 836/1392/1377 1234/1390/1375 1235/1391/1376
f 838/930/915 806/871/856 1235/1391/1376
f 1235/1391/1376 806/871/856 836/1392/1377
f 835/994/979 1234/1390/1375 836/1392/1377
f 1234/1390/1375 1236/993/978 1233/1389/1374
f 834/990/975 1233/1389/1374 1236/993/978
f 1231/1393/1378 1232/1387/1372 1237/820/805
f 1238/822/807 1237/820/805 1239/995/980
f 1233/1389/1374 834/990/975 1237/820/805
f 1233/1389/1374 1237/820/805 1232/1387/1372
f 1237/820/805 834/990/975 1239/995/980
f 3616/823/808 1238/822/807 1240/824/809
f 1241/819/804 1231/1393/1378 1237/820/805
f 1241/819/804 1242/1386/1371 1231/1393/1378
f 1230/1383/1368 3801/818/803 1243/1394/1379
f 1258/1395/1380 1248/1396/1381 1249/1397/1382
f 1258/1395/1380 1249/1397/1382 1250/1398/1383
f 1250/1398/1383 1249/1397/1382 1251/1399/1384
f 1227/1381/1366 1244/1400/1385 1245/1401/1386
f 1244/1400/1385 1227/1381/1366 1243/1394/1379
f 1230/1383/1368 1243/1394/1379 1227/1381/1366
f 1252/1402/1387 1258/1395/1380 1253/1378/1363
f 3721/1374/1359 1255/1376/1361 1261/1403/1388
f 3665/1362/1347 1256/1404/1389 1210/1361/1346
f 1210/1361/1346 1256/1404/1389 1257/1360/1345
f 1224/1379/1364 1254/1405/1390 3568/1377/1362
f 1258/1395/1380 1252/1402/1387 1247/1406/1391
f 1247/1406/1391 1248/1396/1381 1258/1395/1380
f 1253/1378/1363 1258/1395/1380 1259/1407/1392
f 1254/1405/1390 1260/798/783 1261/1403/1388
f 1261/1403/1388 1260/798/783 720/797/782
f 1265/1408/1393 1260/798/783 1259/1407/1392
f 1254/1405/1390 1259/1407/1392 1260/798/783
f 721/799/784 1260/798/783 1265/1408/1393
f 3736/1409/1394 719/1410/1395 1200/1346/1331
f 1200/1346/1331 1263/1344/1329 3733/1358/1343
f 3733/1358/1343 1262/1353/1338 1207/1356/1341
f 1263/1344/1329 1262/1353/1338 3733/1358/1343
f 1205/1354/1339 1262/1353/1338 1263/1344/1329
f 1263/1344/1329 1198/1343/1328 1197/1342/1327
f 1205/1354/1339 1263/1344/1329 1197/1342/1327
f 1224/1379/1364 1253/1378/1363 1254/1405/1390
f 1254/1405/1390 1253/1378/1363 1259/1407/1392
f 1258/1395/1380 1264/1411/1396 1259/1407/1392
f 1258/1395/1380 1250/1398/1383 1264/1411/1396
f 1265/1408/1393 722/1412/1397 721/799/784
f 1264/1411/1396 1265/1408/1393 1259/1407/1392
f 1251/1399/1384 722/1412/1397 1265/1408/1393
f 1251/1399/1384 1265/1408/1393 1250/1398/1383
f 1250/1398/1383 1265/1408/1393 1264/1411/1396
f 1245/1401/1386 1246/1413/1398 1227/1381/1366
f 1241/819/804 737/817/802 1242/1386/1371
f 1236/993/978 1234/1390/1375 835/994/979
f 3567/1363/1348 1222/1414/1399 3721/1374/1359
f 1206/1355/1340 1266/1415/1400 1267/1416/1401
f 1268/1417/1402 1267/1416/1401 3552/1418/1403
f 1268/1417/1402 3552/1418/1403 1269/1419/1404
f 1271/1420/1405 1272/1421/1406 1273/1422/1407
f 1273/1422/1407 1274/1423/1408 1276/1424/1409
f 1276/1424/1409 1275/1425/1410 1277/1426/1411
f 990/1098/1083 1277/1426/1411 992/1099/1084
f 1277/1426/1411 990/1098/1083 1276/1424/1409
f 990/1098/1083 989/1427/1412 1276/1424/1409
f 1058/1428/1413 1281/1429/1414 1059/1094/1079
f 1059/1094/1079 1281/1429/1414 1280/1096/1081
f 1280/1096/1081 988/1430/1415 3341/1095/1080
f 988/1430/1415 1280/1096/1081 1279/1431/1416
f 988/1430/1415 1279/1431/1416 1278/1432/1417
f 989/1427/1412 1278/1432/1417 1276/1424/1409
f 988/1430/1415 1278/1432/1417 989/1427/1412
f 1207/1356/1341 1206/1355/1340 1208/1357/1342
f 1210/1361/1346 1211/1433/1418 3567/1363/1348
f 707/777/762 1283/1434/1419 1190/780/765
f 1192/1435/1420 1285/1436/1421 1193/1338/1323
f 1192/1435/1420 3915/786/771 1285/1436/1421
f 1285/1436/1421 3915/786/771 1191/1336/1321
f 1284/1335/1320 1190/780/765 1283/1434/1419
f 1300/1437/1422 1288/1438/1423 1289/1439/1424
f 1300/1437/1422 1289/1439/1424 1290/1440/1425
f 1290/1440/1425 1289/1439/1424 1315/1441/1426
f 3541/1442/1427 1294/1443/1428 1295/1444/1429
f 994/1102/1087 1295/1444/1429 1296/1445/1430
f 1296/1445/1430 1310/1446/1431 3619/1447/1432
f 1285/1436/1421 3825/1339/1324 1193/1338/1323
f 1194/1350/1335 1195/1341/1326 1196/1340/1325
f 1205/1354/1339 1197/1342/1327 1195/1341/1326
f 3554/1448/1433 1297/1449/1434 3548/1450/1435
f 1303/1451/1436 1291/1452/1437 3549/1453/1438
f 3549/1453/1438 1291/1452/1437 3748/1454/1439
f 1285/1436/1421 1286/1455/1440 1287/1456/1441
f 1285/1436/1421 1191/1336/1321 1286/1455/1440
f 1288/1438/1423 1287/1456/1441 1289/1439/1424
f 1284/1335/1320 1286/1455/1440 1191/1336/1321
f 707/777/762 706/1457/1442 1304/1458/1443
f 1314/1459/1444 703/1460/1445 1319/1461/1446
f 1319/1461/1446 1317/1462/1447 1307/1463/1448
f 697/771/756 1308/1464/1449 1309/1465/1450
f 697/771/756 1310/1446/1431 1308/1464/1449
f 1308/1464/1449 1310/1446/1431 1311/1466/1451
f 1308/1464/1449 1311/1466/1451 1307/1463/1448
f 1294/1443/1428 1311/1466/1451 1310/1446/1431
f 1307/1463/1448 3747/1467/1452 1312/1468/1453
f 1314/1459/1444 1319/1461/1446 1312/1468/1453
f 1314/1459/1444 1312/1468/1453 1313/1469/1454
f 1315/1441/1426 1306/1470/1455 1314/1459/1444
f 1314/1459/1444 1306/1470/1455 703/1460/1445
f 1305/1471/1456 1306/1470/1455 1316/1472/1457
f 1305/1471/1456 1316/1472/1457 1304/1458/1443
f 1306/1470/1455 1289/1439/1424 1316/1472/1457
f 1316/1472/1457 1289/1439/1424 1286/1455/1440
f 1286/1455/1440 1284/1335/1320 1316/1472/1457
f 1304/1458/1443 1283/1434/1419 707/777/762
f 1304/1458/1443 1316/1472/1457 1283/1434/1419
f 1283/1434/1419 1316/1472/1457 1284/1335/1320
f 697/771/756 3619/1447/1432 1310/1446/1431
f 1318/774/759 1317/1462/1447 701/775/760
f 1318/774/759 1309/1465/1450 1317/1462/1447
f 1318/774/759 700/773/758 699/1473/1458
f 697/771/756 1309/1465/1450 698/772/757
f 698/772/757 1309/1465/1450 699/1473/1458
f 1309/1465/1450 1318/774/759 699/1473/1458
f 1309/1465/1450 1308/1464/1449 1317/1462/1447
f 1317/1462/1447 1308/1464/1449 1307/1463/1448
f 701/775/760 1319/1461/1446 702/1474/1459
f 1317/1462/1447 1319/1461/1446 701/775/760
f 702/1474/1459 1319/1461/1446 703/1460/1445
f 1306/1470/1455 1305/1471/1456 703/1460/1445
f 1305/1471/1456 1304/1458/1443 706/1457/1442
f 623/696/681 692/1111/1096 999/769/754
f 1321/762/747 1320/714/699 679/748/733
f 1321/762/747 684/758/743 1320/714/699
f 683/751/736 684/758/743 1321/762/747
f 639/710/695 1320/714/699 1322/713/698
f 1320/714/699 639/710/695 640/712/697
f 1320/714/699 640/712/697 679/748/733
f 1322/713/698 636/709/694 632/702/687
f 639/710/695 1322/713/698 632/702/687
f 633/704/689 641/705/690 642/711/696
f 632/702/687 633/704/689 642/711/696
f 625/688/673 615/698/683 630/699/684
f 559/683/668 558/681/666 565/674/659
f 1337/682/667 630/699/684 615/698/683
f 1323/693/678 631/701/686 635/700/685
f 630/699/684 629/689/674 625/688/673
f 624/1475/1460 616/697/682 625/688/673
f 617/695/680 616/697/682 624/1475/1460
f 618/694/679 623/696/681 619/1476/1461
f 622/686/671 619/1476/1461 623/696/681
f 693/1477/1462 623/696/681 624/1475/1460
f 624/1475/1460 623/696/681 617/695/680
f 558/681/666 559/683/668 557/1478/1463
f 3272/1479/1464 1345/1480/1465 1336/1481/1466
f 3272/1479/1464 1336/1481/1466 1325/1482/1467
f 1325/1482/1467 1336/1481/1466 1326/1483/1468
f 1329/1484/1469 1328/1485/1470 1330/1486/1471
f 620/1487/1472 1325/1482/1467 618/694/679
f 618/694/679 619/1476/1461 620/1487/1472
f 1332/1488/1473 3273/1489/1474 1325/1482/1467
f 615/698/683 616/697/682 1326/1483/1468
f 1326/1483/1468 616/697/682 617/695/680
f 1325/1482/1467 617/695/680 618/694/679
f 1325/1482/1467 620/1487/1472 1332/1488/1473
f 3478/1490/1475 1334/1491/1476 1328/1485/1470
f 1334/1491/1476 3478/1490/1475 1327/1492/1477
f 1327/1492/1477 3335/1493/1478 1333/1494/1479
f 3335/1493/1478 1332/1488/1473 1333/1494/1479
f 1333/1494/1479 1332/1488/1473 620/1487/1472
f 1334/1491/1476 1331/685/670 1330/1486/1471
f 1334/1491/1476 1330/1486/1471 1328/1485/1470
f 1331/685/670 1334/1491/1476 1327/1492/1477
f 1331/685/670 1327/1492/1477 1333/1494/1479
f 1331/685/670 1333/1494/1479 620/1487/1472
f 620/1487/1472 619/1476/1461 1331/685/670
f 619/1476/1461 622/686/671 1331/685/670
f 1335/1495/1480 1328/1485/1470 1329/1484/1469
f 1345/1480/1465 1324/1496/1481 1336/1481/1466
f 617/695/680 1325/1482/1467 1326/1483/1468
f 1336/1481/1466 615/698/683 1326/1483/1468
f 559/683/668 1337/682/667 1324/1496/1481
f 1336/1481/1466 1324/1496/1481 1337/682/667
f 1337/682/667 615/698/683 1336/1481/1466
f 557/1478/1463 559/683/668 1324/1496/1481
f 557/1478/1463 1324/1496/1481 556/1497/1482
f 556/1497/1482 1345/1480/1465 1338/1498/1483
f 1341/1499/1484 1340/1500/1485 1342/1501/1486
f 1342/1501/1486 3391/1502/1487 1343/1503/1488
f 554/620/605 555/1504/1489 1341/1499/1484
f 554/620/605 1341/1499/1484 1343/1503/1488
f 1344/1505/1490 1338/1498/1483 555/1504/1489
f 1338/1498/1483 1344/1505/1490 556/1497/1482
f 555/1504/1489 1339/1506/1491 1341/1499/1484
f 1340/1500/1485 1341/1499/1484 1339/1506/1491
f 1339/1506/1491 555/1504/1489 1338/1498/1483
f 614/1507/1492 1344/1505/1490 555/1504/1489
f 1342/1501/1486 1343/1503/1488 1341/1499/1484
f 556/1497/1482 1324/1496/1481 1345/1480/1465
f 1338/1498/1483 1345/1480/1465 3272/1479/1464
f 3003/1508/1493 1346/1509/1494 1347/1510/1495
f 3003/1508/1493 1347/1510/1495 614/1507/1492
f 1347/1510/1495 1346/1509/1494 557/1478/1463
f 557/1478/1463 1346/1509/1494 558/681/666
f 1347/1510/1495 1344/1505/1490 614/1507/1492
f 560/673/658 564/1511/1496 561/622/607
f 1344/1505/1490 1347/1510/1495 556/1497/1482
f 557/1478/1463 556/1497/1482 1347/1510/1495
f 3245/1512/1497 1351/1513/1498 3206/1514/1499
f 1353/1515/1500 1354/1516/1501 1355/1517/1502
f 3726/1518/1503 1356/1519/1504 3384/1520/1505
f 3726/1518/1503 3384/1520/1505 1357/1521/1506
f 1361/1522/1507 1362/1523/1508 2013/1524/1509
f 2012/1525/1510 1363/1526/1511 1364/1527/1512
f 3881/1528/1513 1368/1529/1514 1377/1530/1515
f 1376/1531/1516 704/1532/1517 705/1533/1518
f 1361/1522/1507 1360/1534/1519 1362/1523/1508
f 1366/1535/1520 1364/1527/1512 1371/1536/1521
f 1373/1537/1522 1372/1538/1523 700/773/758
f 1374/1539/1524 1379/1540/1525 702/1474/1459
f 702/1474/1459 1379/1540/1525 1375/1541/1526
f 701/775/760 1375/1541/1526 700/773/758
f 702/1474/1459 703/1460/1445 704/1532/1517
f 701/775/760 702/1474/1459 1375/1541/1526
f 1367/1542/1527 1376/1531/1516 1368/1529/1514
f 1377/1530/1515 1376/1531/1516 3880/1543/1528
f 1368/1529/1514 1376/1531/1516 1377/1530/1515
f 1376/1531/1516 1374/1539/1524 704/1532/1517
f 1374/1539/1524 1376/1531/1516 1379/1540/1525
f 1379/1540/1525 1376/1531/1516 1367/1542/1527
f 1374/1539/1524 702/1474/1459 704/1532/1517
f 1366/1535/1520 1371/1536/1521 1378/1544/1529
f 1367/1542/1527 1366/1535/1520 1379/1540/1525
f 1379/1540/1525 1378/1544/1529 1380/1545/1530
f 1380/1545/1530 700/773/758 1375/1541/1526
f 1379/1540/1525 1380/1545/1530 1375/1541/1526
f 1370/1546/1531 1363/1526/1511 1362/1523/1508
f 1364/1527/1512 1363/1526/1511 1370/1546/1531
f 1382/1547/1532 1383/1548/1533 3720/1549/1534
f 1384/1550/1535 1385/1551/1536 1386/1552/1537
f 1441/1553/1538 1386/1552/1537 1385/1551/1536
f 1441/1553/1538 1385/1551/1536 1387/1554/1539
f 1437/1555/1540 1388/1556/1541 1389/1557/1542
f 2016/1558/1543 2021/1559/1544 1390/1560/1545
f 1394/1561/1546 1393/1562/1547 2056/1563/1548
f 1402/1564/1549 3519/1565/1550 1403/1566/1551
f 3593/1567/1552 1404/1568/1553 1405/1569/1554
f 1406/1570/1555 1963/1571/1556 1873/1572/1557
f 1873/1572/1557 1963/1571/1556 3414/1573/1558
f 1407/1574/1559 3414/1573/1558 3413/1575/1560
f 3527/1576/1561 1407/1574/1559 1408/1577/1562
f 1412/1578/1563 3563/1579/1564 1413/1580/1565
f 1415/1581/1566 1414/1582/1567 1416/1583/1568
f 1418/1584/1569 3492/1585/1570 1409/1586/1571
f 1728/1587/1572 1727/1588/1573 1419/1589/1574
f 1419/1589/1574 1727/1588/1573 1420/1590/1575
f 1479/1591/1576 1862/1592/1577 1481/1593/1578
f 1422/1594/1579 1424/1595/1580 1423/1596/1581
f 1486/1597/1582 1423/1596/1581 1731/1598/1583
f 1486/1597/1582 1731/1598/1583 1425/1599/1584
f 1487/1600/1585 1427/1601/1586 1448/1602/1587
f 1487/1600/1585 1448/1602/1587 3626/1603/1588
f 1448/1602/1587 1429/1604/1589 1430/1605/1590
f 1432/1606/1591 1431/1607/1592 1433/1608/1593
f 1432/1606/1591 3824/1609/1594 1434/1610/1595
f 1436/1611/1596 1389/1557/1542 2016/1558/1543
f 1386/1552/1537 2071/1612/1597 1440/1613/1598
f 1384/1550/1535 1440/1613/1598 2011/1614/1599
f 1440/1613/1598 1384/1550/1535 1386/1552/1537
f 3599/1615/1600 1441/1553/1538 1439/1616/1601
f 1387/1554/1539 3830/1617/1602 1438/1618/1603
f 1438/1618/1603 1443/1619/1604 1387/1554/1539
f 1387/1554/1539 1443/1619/1604 1441/1553/1538
f 1443/1619/1604 1439/1616/1601 1441/1553/1538
f 1441/1553/1538 3599/1615/1600 1386/1552/1537
f 1437/1555/1540 1389/1557/1542 1442/1620/1605
f 1447/1621/1606 3559/1622/1607 3213/1623/1608
f 3213/1623/1608 3559/1622/1607 1430/1605/1590
f 3218/1624/1609 3215/1625/1610 1427/1601/1586
f 3218/1624/1609 1860/1626/1611 1450/1627/1612
f 1450/1627/1612 1860/1626/1611 1449/1628/1613
f 1456/1629/1614 1455/1630/1615 1457/1631/1616
f 1460/1632/1617 1775/1633/1618 1461/1634/1619
f 1461/1634/1619 1775/1633/1618 1462/1635/1620
f 1463/1636/1621 1462/1635/1620 1776/1637/1622
f 1465/1638/1623 2975/1639/1624 1466/1640/1625
f 1461/1634/1619 1467/1641/1626 1468/1642/1627
f 1460/1632/1617 1469/1643/1628 1459/1644/1629
f 1461/1634/1619 1462/1635/1620 1467/1641/1626
f 1461/1634/1619 1468/1642/1627 1460/1632/1617
f 1468/1642/1627 1469/1643/1628 1460/1632/1617
f 1463/1636/1621 1464/1645/1630 1465/1638/1623
f 1463/1636/1621 1776/1637/1622 1464/1645/1630
f 1467/1641/1626 1462/1635/1620 1463/1636/1621
f 1467/1641/1626 1463/1636/1621 3198/1646/1631
f 1463/1636/1621 1465/1638/1623 1466/1640/1625
f 1463/1636/1621 1466/1640/1625 3198/1646/1631
f 1437/1555/1540 1442/1620/1605 1438/1618/1603
f 1438/1618/1603 1442/1620/1605 1443/1619/1604
f 1443/1619/1604 1444/1647/1632 1439/1616/1601
f 1436/1611/1596 1442/1620/1605 1389/1557/1542
f 1434/1610/1595 1442/1620/1605 1435/1648/1633
f 1435/1648/1633 1442/1620/1605 1436/1611/1596
f 1423/1596/1581 1485/1649/1634 1470/1650/1635
f 1472/1651/1636 1471/1652/1637 1470/1650/1635
f 1484/1653/1638 1474/1654/1639 1475/1655/1640
f 1877/1656/1641 1474/1654/1639 1878/1657/1642
f 1422/1594/1579 1470/1650/1635 1471/1652/1637
f 1422/1594/1579 1471/1652/1637 1421/1658/1643
f 1482/1659/1644 1483/1660/1645 1413/1580/1565
f 1484/1653/1638 1472/1651/1636 1473/1661/1646
f 1472/1651/1636 1484/1653/1638 1480/1662/1647
f 1472/1651/1636 1480/1662/1647 1471/1652/1637
f 1481/1593/1578 1482/1659/1644 1479/1591/1576
f 1480/1662/1647 1481/1593/1578 1421/1658/1643
f 1480/1662/1647 1421/1658/1643 1471/1652/1637
f 1481/1593/1578 1483/1660/1645 1482/1659/1644
f 1415/1581/1566 1482/1659/1644 1414/1582/1567
f 1415/1581/1566 1479/1591/1576 1482/1659/1644
f 3563/1579/1564 1414/1582/1567 1413/1580/1565
f 1480/1662/1647 1484/1653/1638 1481/1593/1578
f 1484/1653/1638 1483/1660/1645 1481/1593/1578
f 1413/1580/1565 1414/1582/1567 1482/1659/1644
f 1485/1649/1634 1486/1597/1582 1488/1663/1648
f 1485/1649/1634 3622/1664/1649 1470/1650/1635
f 1490/1665/1650 1491/1666/1651 1492/1667/1652
f 1492/1667/1652 1493/1668/1653 1503/1669/1654
f 1503/1669/1654 1493/1668/1653 1494/1670/1655
f 1494/1670/1655 1495/1671/1656 1496/1672/1657
f 3872/1673/1658 1498/1674/1659 3627/1675/1660
f 3827/1676/1661 1478/1677/1662 1499/1678/1663
f 1499/1678/1663 1478/1677/1662 1500/1679/1664
f 1474/1654/1639 1500/1679/1664 1878/1657/1642
f 1878/1657/1642 1500/1679/1664 1477/1680/1665
f 1478/1677/1662 1397/1681/1666 1398/1682/1667
f 1472/1651/1636 1501/1683/1668 1473/1661/1646
f 1501/1683/1668 1492/1667/1652 1502/1684/1669
f 1485/1649/1634 1423/1596/1581 1486/1597/1582
f 1425/1599/1584 1426/1685/1670 1427/1601/1586
f 1486/1597/1582 1487/1600/1585 1488/1663/1648
f 1707/1686/1671 1417/1687/1672 1418/1584/1569
f 1417/1687/1672 1728/1688/1572 1419/1689/1574
f 1415/1581/1566 1419/1689/1574 1479/1591/1576
f 1479/1591/1576 1419/1689/1574 1420/1690/1575
f 1505/1691/1673 1507/1692/1674 3173/1693/1675
f 2861/1694/1676 2937/1695/1677 1510/1696/1678
f 1704/1697/1679 1510/1696/1678 2933/1698/1680
f 2933/1698/1680 1511/1699/1681 1512/1700/1682
f 1705/1701/1683 2836/1702/1684 1706/1703/1685
f 1697/1704/1686 1514/1705/1687 1515/1706/1688
f 1697/1704/1686 1515/1706/1688 1516/1707/1689
f 2804/1708/1690 1517/1709/1691 324/414/399
f 1528/376/361 1518/1710/1692 1519/1711/1693
f 1522/1712/1694 1520/1713/1695 1521/1714/1696
f 323/415/400 1518/1710/1692 322/375/360
f 1532/1715/1697 1531/1716/1698 2851/1717/1699
f 1532/1715/1697 2851/1717/1699 1522/1712/1694
f 1522/1712/1694 1523/1718/1700 1532/1715/1697
f 1109/1295/1280 1525/1719/1701 1110/1297/1282
f 1110/1297/1282 1535/1247/1232 1114/1245/1230
f 1114/1245/1230 1111/1293/1278 1110/1297/1282
f 1694/1720/1702 1529/374/359 1530/1721/1703
f 2850/1722/1704 1530/1721/1703 1529/374/359
f 321/373/358 1529/374/359 1536/371/356
f 1536/371/356 1537/1723/1705 1688/1724/1706
f 1688/1724/1706 1537/1723/1705 1538/367/352
f 1550/1725/1707 1549/1726/1708 1551/1727/1709
f 1551/1727/1709 3097/1728/1710 1552/1729/1711
f 1552/1729/1711 3137/1730/1712 1553/1731/1713
f 1558/1732/1714 1554/1733/1715 1555/1734/1716
f 745/911/896 746/923/908 1557/1735/1717
f 1557/1735/1717 1555/1734/1716 1554/1733/1715
f 1557/1735/1717 746/923/908 1555/1734/1716
f 1560/1736/1718 1561/1737/1719 1586/1738/1720
f 1562/1739/1721 1563/1740/1722 1564/1741/1723
f 1562/1739/1721 1564/1741/1723 1599/1742/1724
f 1581/1743/1725 1565/1744/1726 2837/1745/1727
f 1581/1743/1725 2837/1745/1727 1566/1746/1728
f 1582/1747/1729 1566/1746/1728 1632/1748/1730
f 1571/1749/1731 1630/1750/1732 1572/1751/1733
f 1574/1752/1734 1573/1753/1735 1627/1754/1736
f 1544/1755/1737 1574/1752/1734 1692/1756/1738
f 1544/1755/1737 1545/1757/1739 1574/1752/1734
f 2938/1758/1740 1577/1759/1741 1578/1760/1742
f 1578/1760/1742 1552/1729/1711 1560/1736/1718
f 1560/1736/1718 1552/1729/1711 1559/1761/1743
f 1574/1752/1734 1575/1762/1744 1573/1753/1735
f 1579/1763/1745 1567/1764/1746 1620/1765/1747
f 1571/1749/1731 1579/1763/1745 1570/1766/1748
f 1572/1751/1733 1580/1767/1749 1571/1749/1731
f 1581/1743/1725 1566/1746/1728 1582/1747/1729
f 1579/1763/1745 1582/1747/1729 1567/1764/1746
f 1567/1764/1746 1582/1747/1729 1632/1748/1730
f 1571/1749/1731 1581/1743/1725 1582/1747/1729
f 1571/1749/1731 1582/1747/1729 1579/1763/1745
f 1573/1753/1735 1575/1762/1744 1583/1768/1750
f 1573/1753/1735 1583/1768/1750 1572/1751/1733
f 1572/1751/1733 1583/1768/1750 1584/1769/1751
f 1572/1751/1733 1584/1769/1751 1580/1767/1749
f 1565/1744/1726 1584/1769/1751 1599/1742/1724
f 1599/1742/1724 1585/1770/1752 1562/1739/1721
f 1585/1770/1752 1576/1771/1753 1586/1738/1720
f 1586/1738/1720 1576/1771/1753 1577/1759/1741
f 1586/1738/1720 1577/1759/1741 2938/1758/1740
f 2938/1758/1740 1578/1760/1742 1560/1736/1718
f 1562/1739/1721 1585/1770/1752 1586/1738/1720
f 1571/1749/1731 1580/1767/1749 1581/1743/1725
f 1620/1765/1747 1569/1772/1754 1579/1763/1745
f 1584/1769/1751 1565/1744/1726 1580/1767/1749
f 1580/1767/1749 1565/1744/1726 1581/1743/1725
f 1562/1739/1721 1586/1738/1720 1587/1773/1755
f 1562/1739/1721 1587/1773/1755 1563/1740/1722
f 1591/1210/1195 1592/1774/1756 1602/1775/1757
f 1592/1774/1756 3102/1776/1758 755/841/826
f 957/839/824 3102/1776/1758 754/1058/1043
f 1600/1777/1759 1595/1778/1760 1596/1779/1761
f 1598/1780/1762 1596/1779/1761 2815/1781/1763
f 2815/1781/1763 1597/1782/1764 1598/1780/1762
f 1564/1741/1723 1597/1782/1764 2876/1783/1765
f 1587/1773/1755 1598/1780/1762 1563/1740/1722
f 755/841/826 3102/1776/1758 957/839/824
f 1592/1774/1756 755/841/826 1601/1784/1766
f 1601/1784/1766 755/841/826 1594/1785/1767
f 1601/1784/1766 1595/1778/1760 1600/1777/1759
f 1595/1778/1760 1601/1784/1766 1594/1785/1767
f 1596/1779/1761 1598/1780/1762 1603/1786/1768
f 1596/1779/1761 1603/1786/1768 1600/1777/1759
f 1600/1777/1759 1590/1787/1769 1602/1775/1757
f 1589/1788/1770 1590/1787/1769 1603/1786/1768
f 1589/1788/1770 1603/1786/1768 1588/1789/1771
f 1603/1786/1768 1587/1773/1755 1588/1789/1771
f 1598/1780/1762 1587/1773/1755 1603/1786/1768
f 1603/1786/1768 1590/1787/1769 1600/1777/1759
f 1600/1777/1759 1602/1775/1757 1601/1784/1766
f 1599/1742/1724 1564/1741/1723 1565/1744/1726
f 755/841/826 756/1067/1052 1593/1790/1772
f 759/842/827 1606/1791/1773 758/1064/1049
f 762/846/831 1608/1187/1172 1609/844/829
f 762/846/831 1609/844/829 761/845/830
f 1609/844/829 1607/1792/1774 759/842/827
f 1607/1792/1774 1609/844/829 1608/1187/1172
f 759/842/827 1607/1792/1774 1606/1791/1773
f 1611/1793/1775 2845/1794/1776 1612/1795/1777
f 1612/1795/1777 1635/1796/1778 1613/1797/1779
f 1615/1798/1780 1616/1799/1781 1617/1800/1782
f 1617/1800/1782 1618/1801/1783 1619/1802/1784
f 1626/1803/1785 1569/1772/1754 1621/1804/1786
f 1629/1805/1787 1626/1803/1785 1622/1806/1788
f 1625/1807/1789 1623/1808/1790 1624/1809/1791
f 1625/1807/1789 1624/1809/1791 1627/1754/1736
f 1623/1808/1790 1625/1807/1789 1622/1806/1788
f 1628/1810/1792 1627/1754/1736 1573/1753/1735
f 1627/1754/1736 1628/1810/1792 1625/1807/1789
f 1628/1810/1792 1573/1753/1735 1629/1805/1787
f 1570/1766/1748 1630/1750/1732 1571/1749/1731
f 1629/1805/1787 1630/1750/1732 1570/1766/1748
f 1629/1805/1787 1570/1766/1748 1626/1803/1785
f 1626/1803/1785 1570/1766/1748 1569/1772/1754
f 1573/1753/1735 1572/1751/1733 1630/1750/1732
f 1573/1753/1735 1630/1750/1732 1629/1805/1787
f 1617/1800/1782 1568/1811/1793 1631/1812/1794
f 1631/1812/1794 1568/1811/1793 1632/1748/1730
f 1632/1748/1730 1568/1811/1793 1567/1764/1746
f 1567/1764/1746 1568/1811/1793 1619/1802/1784
f 1567/1764/1746 1619/1802/1784 1620/1765/1747
f 1633/1813/1795 767/1203/1188 1634/1814/1796
f 1613/1797/1779 1635/1796/1778 1636/1815/1797
f 1618/1801/1783 1639/1816/1798 1640/1817/1799
f 2795/1818/1800 1640/1817/1799 1641/1819/1801
f 1660/1820/1802 1643/1821/1803 1644/1822/1804
f 1613/1797/1779 1636/1815/1797 1614/1823/1805
f 1614/1823/1805 1636/1815/1797 1615/1798/1780
f 1615/1798/1780 1636/1815/1797 1616/1799/1781
f 1636/1815/1797 1638/1824/1806 1616/1799/1781
f 1639/1816/1798 1616/1799/1781 1638/1824/1806
f 1636/1815/1797 1637/1825/1807 1638/1824/1806
f 1639/1816/1798 1638/1824/1806 1646/1826/1808
f 1639/1816/1798 1646/1826/1808 1640/1817/1799
f 1641/1819/1801 1640/1817/1799 1647/1827/1809
f 777/858/843 1655/1828/1810 1650/857/842
f 1666/1829/1811 1638/1824/1806 1637/1825/1807
f 1640/1817/1799 1646/1826/1808 1654/1830/1812
f 1655/1828/1810 1648/1831/1813 1654/1830/1812
f 1640/1817/1799 1654/1830/1812 1647/1827/1809
f 1647/1827/1809 1654/1830/1812 1648/1831/1813
f 1648/1831/1813 1649/1832/1814 1647/1827/1809
f 1638/1824/1806 1656/1833/1815 1646/1826/1808
f 1657/1834/1816 1656/1833/1815 1653/1835/1817
f 1650/857/842 1657/1834/1816 1653/1835/1817
f 1651/856/841 1650/857/842 1653/1835/1817
f 1654/1830/1812 1657/1834/1816 1655/1828/1810
f 1650/857/842 1655/1828/1810 1657/1834/1816
f 1646/1826/1808 1657/1834/1816 1654/1830/1812
f 1656/1833/1815 1657/1834/1816 1646/1826/1808
f 776/855/840 1651/856/841 775/854/839
f 773/852/837 775/854/839 1667/1836/1818
f 773/852/837 1667/1836/1818 774/853/838
f 774/853/838 1667/1836/1818 1658/1837/1819
f 1658/1837/1819 1659/1838/1820 769/848/833
f 1658/1837/1819 769/848/833 771/850/835
f 1658/1837/1819 771/850/835 772/851/836
f 1658/1837/1819 772/851/836 774/853/838
f 1641/1819/1801 1647/1827/1809 1660/1820/1802
f 1641/1819/1801 1660/1820/1802 1642/1839/1821
f 387/355/340 2531/1840/1822 1663/354/339
f 1663/354/339 2531/1840/1822 1664/1841/1823
f 1664/1841/1823 2531/1840/1822 1649/1832/1814
f 1649/1832/1814 1648/1831/1813 1664/1841/1823
f 1660/1820/1802 1647/1827/1809 1643/1821/1803
f 1637/1825/1807 1665/1842/1824 1666/1829/1811
f 1637/1825/1807 1636/1815/1797 1634/1814/1796
f 1634/1814/1796 1636/1815/1797 1635/1796/1778
f 1634/1814/1796 1665/1842/1824 1637/1825/1807
f 1666/1829/1811 1653/1835/1817 1656/1833/1815
f 1656/1833/1815 1638/1824/1806 1666/1829/1811
f 1651/856/841 1653/1835/1817 775/854/839
f 1667/1836/1818 1652/1843/1825 1659/1838/1820
f 1666/1829/1811 1652/1843/1825 1653/1835/1817
f 1652/1843/1825 775/854/839 1653/1835/1817
f 1659/1838/1820 1652/1843/1825 1666/1829/1811
f 1659/1838/1820 1666/1829/1811 1665/1842/1824
f 1652/1843/1825 1667/1836/1818 775/854/839
f 1667/1836/1818 1659/1838/1820 1658/1837/1819
f 1659/1838/1820 768/1129/1114 769/848/833
f 1635/1796/1778 1633/1813/1795 1634/1814/1796
f 1633/1813/1795 1635/1796/1778 1612/1795/1777
f 767/1203/1188 768/1129/1114 1634/1814/1796
f 1634/1814/1796 768/1129/1114 1665/1842/1824
f 1665/1842/1824 768/1129/1114 1659/1838/1820
f 1606/1791/1773 1607/1792/1774 1610/1844/1826
f 2876/1783/1765 2816/1845/1827 1669/1846/1828
f 1594/1785/1767 1668/1847/1829 1595/1778/1760
f 3100/1848/1830 1591/1210/1195 1590/1787/1769
f 1590/1787/1769 1591/1210/1195 1602/1775/1757
f 1553/1731/1713 1558/1732/1714 1559/1761/1743
f 1559/1761/1743 1552/1729/1711 1553/1731/1713
f 1551/1727/1709 1578/1760/1742 1550/1725/1707
f 1550/1725/1707 1578/1760/1742 1577/1759/1741
f 1673/1849/1831 1576/1771/1753 1575/1762/1744
f 1575/1762/1744 1576/1771/1753 2910/1850/1832
f 1550/1725/1707 1577/1759/1741 1576/1771/1753
f 1576/1771/1753 1673/1849/1831 1550/1725/1707
f 1549/1726/1708 1550/1725/1707 1673/1849/1831
f 1549/1726/1708 1673/1849/1831 1547/1851/1833
f 1547/1851/1833 1673/1849/1831 1546/1852/1834
f 1547/1851/1833 1548/1853/1835 1549/1726/1708
f 1673/1849/1831 1574/1752/1734 1545/1757/1739
f 1575/1762/1744 1574/1752/1734 1673/1849/1831
f 1546/1852/1834 1673/1849/1831 1545/1757/1739
f 1578/1760/1742 1551/1727/1709 1552/1729/1711
f 1674/1854/1836 1675/1855/1837 1676/1856/1838
f 1677/1857/1839 3096/1858/1840 1678/1859/1841
f 1101/1860/1842 1680/1861/1843 1102/1862/1844
f 1539/1863/1845 1695/1864/1846 1681/1865/1847
f 1682/1866/1848 3006/1241/1226 1107/1239/1224
f 1107/1239/1224 3006/1241/1226 1158/1240/1225
f 1540/1867/1849 1683/1868/1850 1541/1869/1851
f 1540/1867/1849 1539/1863/1845 1683/1868/1850
f 1539/1863/1845 1681/1865/1847 1683/1868/1850
f 1541/1869/1851 3036/1870/1852 1684/1871/1853
f 1685/1872/1854 1684/1871/1853 1686/1873/1855
f 1542/1874/1856 1684/1871/1853 1543/1875/1857
f 1692/1756/1738 1543/1875/1857 1544/1755/1737
f 1544/1755/1737 1543/1875/1857 1685/1872/1854
f 1685/1872/1854 1543/1875/1857 1684/1871/1853
f 1684/1871/1853 1542/1874/1856 1541/1869/1851
f 1536/371/356 1688/1724/1706 320/372/357
f 320/372/357 1688/1724/1706 1687/369/354
f 1687/369/354 319/370/355 320/372/357
f 1687/369/354 1688/1724/1706 317/366/351
f 1540/1867/1849 1538/367/352 1539/1863/1845
f 1538/367/352 1690/1876/1858 1689/364/349
f 1542/1874/1856 1540/1867/1849 1541/1869/1851
f 1540/1867/1849 1542/1874/1856 1690/1876/1858
f 1538/367/352 1540/1867/1849 1690/1876/1858
f 1689/364/349 1690/1876/1858 314/362/347
f 1693/1877/1859 314/362/347 1691/1878/1860
f 1627/1754/1736 1692/1756/1738 1574/1752/1734
f 1627/1754/1736 1624/1809/1791 1692/1756/1738
f 1693/1877/1859 312/361/346 315/363/348
f 1692/1756/1738 1624/1809/1791 1693/1877/1859
f 312/361/346 1693/1877/1859 313/359/344
f 313/359/344 1693/1877/1859 1623/1808/1790
f 1623/1808/1790 1622/1806/1788 2854/1879/1861
f 1623/1808/1790 2854/1879/1861 313/359/344
f 313/359/344 2854/1879/1861 311/360/345
f 1623/1808/1790 1693/1877/1859 1624/1809/1791
f 1692/1756/1738 1691/1878/1860 1543/1875/1857
f 1543/1875/1857 1691/1878/1860 1542/1874/1856
f 1542/1874/1856 1691/1878/1860 1690/1876/1858
f 1691/1878/1860 314/362/347 1690/1876/1858
f 314/362/347 1693/1877/1859 315/363/348
f 1688/1724/1706 1538/367/352 317/366/351
f 1536/371/356 1694/1720/1702 1537/1723/1705
f 1694/1720/1702 1536/371/356 1529/374/359
f 1694/1720/1702 1695/1864/1846 1537/1723/1705
f 1539/1863/1845 1537/1723/1705 1695/1864/1846
f 1539/1863/1845 1538/367/352 1537/1723/1705
f 322/375/360 1518/1710/1692 1528/376/361
f 1528/376/361 1696/1880/1862 1529/374/359
f 323/415/400 324/414/399 1517/1709/1691
f 2804/1708/1690 324/414/399 1516/1707/1689
f 1697/1704/1686 1516/1707/1689 1698/466/451
f 1701/1881/1863 2836/1702/1684 1705/1701/1683
f 2836/1702/1684 2523/1882/1864 2835/1883/1865
f 2835/1883/1865 2523/1882/1864 1702/1884/1866
f 1702/1884/1866 2790/1885/1867 1512/1700/1682
f 1704/1697/1679 2529/1886/1868 2904/1887/1869
f 1704/1697/1679 2904/1887/1869 2867/1888/1870
f 2861/1694/1676 1510/1696/1678 2867/1888/1870
f 2867/1888/1870 1510/1696/1678 1704/1697/1679
f 2835/1883/1865 1702/1884/1866 1513/1889/1871
f 1513/1889/1871 1702/1884/1866 1512/1700/1682
f 2933/1698/1680 1512/1700/1682 1703/1890/1872
f 1704/1697/1679 1703/1890/1872 2529/1886/1868
f 1703/1890/1872 1704/1697/1679 2933/1698/1680
f 1698/466/451 1699/1891/1873 1697/1704/1686
f 1701/1881/1863 1705/1701/1683 1700/1892/1874
f 1699/1891/1873 1700/1892/1874 1697/1704/1686
f 1409/1586/1571 1504/1893/1875 1418/1584/1569
f 1418/1894/1569 1504/1895/1875 1707/1896/1671
f 1707/1896/1671 1504/1895/1875 1506/1897/1876
f 2860/1898/1877 1713/1899/1878 1508/1900/1879
f 1727/1588/1573 1708/1901/1880 1709/1902/1881
f 1727/1588/1573 1709/1902/1881 1714/1903/1882
f 1714/1903/1882 1709/1902/1881 1710/1904/1883
f 1714/1903/1882 1710/1904/1883 1715/1905/1884
f 1729/1906/1885 1714/1903/1882 1716/1907/1886
f 1718/1908/1887 1720/1909/1888 1751/1910/1889
f 1719/1911/1890 3334/1912/1891 1752/1913/1892
f 1752/1913/1892 3334/1912/1891 3090/569/554
f 501/570/555 3334/1912/1891 509/576/561
f 509/576/561 1720/1909/1888 1716/1907/1886
f 2909/1914/1893 511/1915/1894 479/547/532
f 1722/578/563 1723/584/569 517/583/568
f 1722/578/563 517/583/568 508/577/562
f 1722/578/563 1724/1916/1895 1726/1917/1896
f 1723/584/569 1722/578/563 2909/1914/1893
f 2909/1914/1893 1722/578/563 1721/1918/1897
f 1723/584/569 2909/1914/1893 479/547/532
f 1722/578/563 1726/1917/1896 1721/1918/1897
f 510/575/560 517/583/568 1723/584/569
f 508/577/562 517/583/568 507/582/567
f 1715/1905/1884 1724/1916/1895 1722/578/563
f 1722/578/563 509/576/561 1715/1905/1884
f 1719/1911/1890 1751/1910/1889 1720/1909/1888
f 1717/1919/1898 1716/1907/1886 1720/1909/1888
f 509/576/561 1716/1907/1886 1715/1905/1884
f 1726/1917/1896 1724/1916/1895 3129/1920/1899
f 1726/1917/1896 3129/1920/1899 1725/1921/1900
f 1726/1917/1896 1725/1921/1900 1721/1918/1897
f 1715/1905/1884 1716/1907/1886 1714/1903/1882
f 1708/1901/1880 1727/1588/1573 1728/1587/1572
f 1862/1922/1577 1420/1590/1575 1729/1906/1885
f 1717/1919/1898 1729/1906/1885 1716/1907/1886
f 1862/1922/1577 1717/1919/1898 1718/1908/1887
f 1421/1658/1643 1751/1923/1889 1750/1924/1901
f 1421/1658/1643 1750/1924/1901 1749/1925/1902
f 1421/1658/1643 1749/1925/1902 1422/1594/1579
f 1730/1926/1903 3411/1927/1904 1424/1595/1580
f 1423/1596/1581 3411/1927/1904 1731/1598/1583
f 1733/1928/1905 1732/1929/1906 1735/1930/1907
f 1737/1931/1908 1760/1932/1909 1738/1933/1910
f 1739/1934/1911 1740/1935/1912 3317/1936/1913
f 1741/1937/1914 3317/1936/1913 1740/1935/1912
f 1827/1938/1915 1754/1939/1916 498/1940/1917
f 499/1941/1918 1754/1939/1916 1746/1942/1919
f 1748/1943/1920 3411/1927/1904 1730/1926/1903
f 1719/1911/1890 1750/1944/1901 1751/1910/1889
f 1748/1943/1920 1730/1926/1903 1749/1925/1902
f 499/1941/1918 1752/1913/1892 3089/1945/1921
f 3089/1945/1921 1752/1913/1892 3090/569/554
f 1749/1946/1902 1753/1947/1922 1748/1948/1920
f 1748/1948/1920 1753/1947/1922 1747/1949/1923
f 1752/1913/1892 499/1941/1918 1753/1947/1922
f 498/1940/1917 1754/1939/1916 499/1941/1918
f 1746/1942/1919 1754/1939/1916 1755/1950/1924
f 1734/1951/1925 1758/1952/1926 1736/1953/1927
f 1736/1953/1927 1759/1954/1928 1737/1931/1908
f 1737/1931/1908 1759/1954/1928 1760/1932/1909
f 1747/1949/1923 1746/1942/1919 1755/1950/1924
f 1747/1955/1923 1755/1956/1924 1756/1957/1929
f 1747/1955/1923 1756/1957/1929 1748/1943/1920
f 1761/1958/1930 1755/1956/1924 1742/1959/1931
f 1742/1959/1931 1755/1956/1924 1743/1960/1932
f 1761/1958/1930 1742/1959/1931 1740/1935/1912
f 1741/1937/1914 1740/1935/1912 1742/1959/1931
f 1732/1929/1906 1733/1928/1905 1425/1599/1584
f 1426/1685/1670 1425/1599/1584 1733/1928/1905
f 1736/1953/1927 1737/1931/1908 1861/1961/1933
f 1861/1961/1933 1737/1931/1908 1762/1962/1934
f 1763/1963/1935 1762/1962/1934 1764/1964/1936
f 1766/1965/1937 1765/1966/1938 1767/1967/1939
f 1769/1968/1940 1768/1969/1941 3321/1970/1942
f 1769/1968/1940 3321/1970/1942 1770/1971/1943
f 1770/1971/1943 1771/1972/1944 1819/1973/1945
f 1775/1633/1618 1774/1974/1946 1462/1635/1620
f 1462/1635/1620 1774/1974/1946 2976/1975/1947
f 1772/1976/1948 1819/1973/1945 1777/1977/1949
f 1777/1977/1949 1819/1973/1945 1778/1978/1950
f 1782/1979/1951 3162/1980/1952 1855/1981/1953
f 1782/1979/1951 1855/1981/1953 1783/1982/1954
f 1785/1983/1955 1784/1984/1956 1786/1985/1957
f 1785/1983/1955 1786/1985/1957 1787/1986/1958
f 1788/1987/1959 1787/1986/1958 1840/1988/1960
f 1788/1987/1959 1790/1989/1961 1789/1990/1962
f 1789/1990/1962 1790/1989/1961 1791/1991/1963
f 2912/1992/1964 1812/594/579 1792/1993/1965
f 2084/1994/1966 1793/1995/1967 1794/596/581
f 2105/1996/1968 2087/1997/1969 1801/1998/1970
f 2105/1996/1968 1801/1998/1970 1795/1999/1971
f 1795/1999/1971 1796/2000/1972 1797/2001/1973
f 2780/2002/1974 1797/2001/1973 1810/2003/1975
f 2780/2002/1974 1810/2003/1975 1798/2004/1976
f 1799/2005/1977 1800/2006/1978 1801/1998/1970
f 1811/2007/1979 1809/2008/1980 1803/605/590
f 1803/605/590 539/606/591 1811/2007/1979
f 1797/2001/1973 1805/2009/1981 1810/2003/1975
f 1807/2010/1982 537/603/588 1803/605/590
f 1807/2010/1982 1803/605/590 533/2011/1983
f 533/2011/1983 1806/2012/1984 532/2013/1985
f 1800/2006/1978 1799/2005/1977 528/599/584
f 1800/2006/1978 529/2014/1986 530/2015/1987
f 532/2013/1985 1806/2012/1984 531/2016/1988
f 1800/2006/1978 1808/2017/1989 1801/1998/1970
f 1802/2018/1990 1808/2017/1989 1806/2012/1984
f 1811/2007/1979 539/606/591 1804/2019/1991
f 1810/2003/1975 541/607/592 1798/2004/1976
f 1798/2004/1976 541/607/592 543/609/594
f 541/607/592 1810/2003/1975 540/664/649
f 540/664/649 1810/2003/1975 539/606/591
f 1810/2003/1975 1804/2019/1991 539/606/591
f 1802/2018/1990 1806/2012/1984 1809/2008/1980
f 528/599/584 1799/2005/1977 2087/1997/1969
f 1796/2000/1972 1809/2008/1980 1811/2007/1979
f 1796/2000/1972 1811/2007/1979 1805/2009/1981
f 1805/2009/1981 1797/2001/1973 1796/2000/1972
f 1805/2009/1981 1811/2007/1979 1804/2019/1991
f 1809/2008/1980 1796/2000/1972 1802/2018/1990
f 1802/2018/1990 1796/2000/1972 1795/1999/1971
f 1799/2005/1977 1801/1998/1970 2087/1997/1969
f 526/595/580 1793/1995/1967 1812/594/579
f 1793/1995/1967 526/595/580 1794/596/581
f 1792/1993/1965 1812/594/579 1793/1995/1967
f 1812/594/579 2912/1992/1964 1813/592/577
f 1813/592/577 3015/2020/1992 525/2021/1993
f 524/2022/1994 523/2023/1995 2122/2024/1996
f 1815/563/548 3014/2025/1997 1816/566/551
f 1816/566/551 3088/565/550 1815/563/548
f 1818/2026/1998 1817/588/573 519/587/572
f 523/2023/1995 490/2027/1999 1818/2026/1998
f 1818/2026/1998 519/587/572 522/2028/2000
f 522/2028/2000 519/587/572 521/2029/2001
f 490/2027/1999 523/2023/1995 1814/2030/2002
f 521/2029/2001 519/587/572 520/585/570
f 520/585/570 519/587/572 487/586/571
f 1818/2026/1998 490/2027/1999 1817/588/573
f 490/2027/1999 1815/563/548 3081/562/547
f 1820/2031/2003 1819/1973/1945 1771/1972/1944
f 1821/2032/2004 1822/2033/2005 1823/2034/2006
f 1823/2034/2006 1822/2033/2005 1824/2035/2007
f 3317/1936/1913 1741/1937/1914 1824/2035/2007
f 1824/2035/2007 1742/1959/1931 1825/2036/2008
f 1858/2037/2009 1827/1938/1915 496/2038/2010
f 1827/1938/1915 497/2039/2011 496/2038/2010
f 497/2039/2011 1827/1938/1915 498/1940/1917
f 1824/2035/2007 1834/2040/2012 1823/2034/2006
f 1819/1973/1945 1820/2031/2003 1778/1978/1950
f 1778/1978/1950 1820/2031/2003 1832/2041/2013
f 1832/2041/2013 1831/2042/2014 1780/2043/2015
f 1832/2041/2013 1780/2043/2015 1778/1978/1950
f 1832/2041/2013 1820/2031/2003 1833/2044/2016
f 1829/2045/2017 1830/2046/2018 1832/2041/2013
f 1832/2041/2013 1830/2046/2018 1831/2042/2014
f 1833/2044/2016 1828/2047/2019 1829/2045/2017
f 1832/2041/2013 1833/2044/2016 1829/2045/2017
f 1820/2031/2003 3326/2048/2020 1833/2044/2016
f 1821/2032/2004 1828/2047/2019 1833/2044/2016
f 1779/2049/2021 1778/1978/1950 1780/2043/2015
f 1835/2050/2022 1857/2051/2023 1836/2052/2024
f 1857/2051/2023 1837/2053/2025 1836/2052/2024
f 1836/2052/2024 1837/2053/2025 1838/2054/2026
f 1838/2054/2026 1837/2053/2025 1851/2055/2027
f 495/2056/2028 1845/2057/2029 1826/2058/2030
f 1837/2053/2025 1845/2057/2029 1844/2059/2031
f 1843/2060/2032 1845/2057/2029 1846/2061/2033
f 1847/2062/2034 3013/2063/2035 3016/2064/2036
f 1790/1989/1961 3015/2020/1992 1791/1991/1963
f 1786/1985/1957 1840/1988/1960 1787/1986/1958
f 1839/2065/2037 1848/2066/2038 1849/2067/2039
f 1849/2067/2039 1848/2066/2038 1841/2068/2040
f 1849/2067/2039 1840/1988/1960 1786/1985/1957
f 1786/1985/1957 1839/2065/2037 1849/2067/2039
f 1842/2069/2041 1848/2066/2038 1851/2055/2027
f 1842/2069/2041 1844/2059/2031 1843/2060/2032
f 1841/2068/2040 1848/2066/2038 1842/2069/2041
f 1823/2034/2006 1834/2040/2012 1853/2070/2042
f 1823/2034/2006 1853/2070/2042 1821/2032/2004
f 1821/2032/2004 1853/2070/2042 1828/2047/2019
f 1851/2055/2027 1850/2071/2043 1838/2054/2026
f 1838/2054/2026 1850/2071/2043 1852/2072/2044
f 1838/2054/2026 1852/2072/2044 1853/2070/2042
f 1836/2052/2024 1853/2070/2042 1834/2040/2012
f 1836/2052/2024 1834/2040/2012 1835/2050/2022
f 1853/2070/2042 1836/2052/2024 1838/2054/2026
f 1853/2070/2042 1852/2072/2044 1828/2047/2019
f 1850/2071/2043 1829/2045/2017 1852/2072/2044
f 1852/2072/2044 1829/2045/2017 1828/2047/2019
f 3095/2073/2045 3091/2074/2046 1856/2075/2047
f 1830/2046/2018 3095/2073/2045 1856/2075/2047
f 1845/2057/2029 1837/2053/2025 1857/2051/2023
f 1857/2051/2023 1826/2058/2030 1845/2057/2029
f 1825/2036/2008 1826/2058/2030 1857/2051/2023
f 1825/2036/2008 1857/2051/2023 1834/2040/2012
f 1834/2040/2012 1857/2051/2023 1835/2050/2022
f 1859/2076/2048 1826/2058/2030 1825/2036/2008
f 1824/2035/2007 1825/2036/2008 1834/2040/2012
f 1741/1937/1914 1742/1959/1931 1824/2035/2007
f 1825/2036/2008 1742/1959/1931 1743/2077/1932
f 1858/2037/2009 1859/2076/2048 1744/2078/2049
f 1744/2078/2049 1859/2076/2048 1825/2036/2008
f 1859/2076/2048 1858/2037/2009 496/2038/2010
f 1826/2058/2030 1859/2076/2048 495/2056/2028
f 495/2056/2028 1859/2076/2048 496/2038/2010
f 1825/2036/2008 1743/2077/1932 1744/2078/2049
f 1827/1938/1915 1858/2037/2009 1754/1939/1916
f 1754/1939/1916 1858/2037/2009 1744/2078/2049
f 1744/2078/2049 1745/2079/2050 1754/1939/1916
f 1426/1685/1670 1733/1928/1905 1860/1626/1611
f 1426/1685/1670 1860/1626/1611 3218/1624/1609
f 1453/2080/2051 1451/2081/2052 1764/1964/1936
f 1453/2080/2051 1764/1964/1936 1765/1966/1938
f 1764/1964/1936 1451/2081/2052 1763/1963/1935
f 1734/1951/1925 1736/1953/1927 1861/1961/1933
f 1762/1962/1934 1763/1963/1935 1861/1961/1933
f 1451/2081/2052 1449/1628/1613 1763/1963/1935
f 1763/1963/1935 1449/1628/1613 1861/1961/1933
f 1450/1627/1612 1449/1628/1613 1451/2081/2052
f 1450/1627/1612 1451/2081/2052 3217/2082/2053
f 1732/1929/1906 1425/1599/1584 1731/1598/1583
f 3411/1927/1904 1423/1596/1581 1424/1595/1580
f 1730/1926/1903 1424/1595/1580 1749/1925/1902
f 1749/1925/1902 1424/1595/1580 1422/1594/1579
f 1718/2083/1887 1481/1593/1578 1862/1592/1577
f 1718/2083/1887 1421/1658/1643 1481/1593/1578
f 1862/1592/1577 1479/1591/1576 1420/1690/1575
f 1420/1590/1575 1727/1588/1573 1729/1906/1885
f 1729/1906/1885 1727/1588/1573 1714/1903/1882
f 1728/1688/1572 1417/1687/1672 1707/1896/1671
f 1715/1905/1884 1710/1904/1883 1724/1916/1895
f 1504/1895/1875 1505/1691/1673 1506/1897/1876
f 3174/2084/2054 1863/2085/2055 1864/2086/2056
f 1408/2087/1562 1407/2088/1559 1869/2089/2057
f 1504/1893/1875 1409/1586/1571 1507/2090/1674
f 1504/1895/1875 1507/1692/1674 1505/1691/1673
f 1409/1586/1571 1870/2091/2058 1507/2090/1674
f 1507/2090/1674 1870/2091/2058 1408/1577/1562
f 3527/1576/1561 1871/2092/2059 3585/2093/2060
f 1874/2094/2061 3414/1573/1558 1407/1574/1559
f 3414/1573/1558 3529/2095/2062 1873/1572/1557
f 1408/1577/1562 1870/2091/2058 3527/1576/1561
f 1407/1574/1559 3527/1576/1561 1874/2094/2061
f 1478/1677/1662 1398/1682/1667 1477/1680/1665
f 1880/2096/2063 1881/2097/2064 1879/2098/2065
f 1872/2099/2066 1882/2100/2067 1403/1566/1551
f 1872/2099/2066 3586/2101/2068 1882/2100/2067
f 1880/2096/2063 1879/2098/2065 1876/2102/2069
f 1880/2096/2063 1876/2102/2069 1877/1656/1641
f 1880/2096/2063 1877/1656/1641 1401/2103/2070
f 1401/2103/2070 1877/1656/1641 1400/2104/2071
f 1879/2098/2065 1881/2097/2064 1882/2100/2067
f 1402/1564/1549 1882/2100/2067 1881/2097/2064
f 1402/1564/1549 1881/2097/2064 1401/2103/2070
f 1401/2103/2070 1400/2104/2071 3714/2105/2072
f 1880/2096/2063 1401/2103/2070 1881/2097/2064
f 1882/2100/2067 1402/1564/1549 1403/1566/1551
f 1403/1566/1551 1404/1568/1553 3593/1567/1552
f 1872/2099/2066 1403/1566/1551 3593/1567/1552
f 1876/2102/2069 3583/2106/2073 1883/2107/2074
f 1885/2108/2075 1884/2109/2076 1883/2107/2074
f 1412/1578/1563 1883/2107/2074 1411/2110/2077
f 1409/1586/1571 1411/2110/2077 1875/2111/2078
f 1875/2111/2078 1411/2110/2077 1883/2107/2074
f 1875/2111/2078 1883/2107/2074 3583/2106/2073
f 1876/2102/2069 1884/2109/2076 1476/2112/2079
f 1877/1656/1641 1476/2112/2079 1474/1654/1639
f 1476/2112/2079 1885/2108/2075 1412/1578/1563
f 1476/2112/2079 1412/1578/1563 1475/1655/1640
f 1884/2109/2076 1885/2108/2075 1476/2112/2079
f 3755/2113/2080 1889/2114/2081 1890/2115/2082
f 1925/2116/2083 1891/2117/2084 1892/2118/2085
f 1893/2119/2086 1892/2118/2085 3823/2120/2087
f 1893/2119/2086 3823/2120/2087 1894/2121/2088
f 1896/2122/2089 1895/2123/2090 3451/2124/2091
f 1896/2122/2089 3451/2124/2091 1897/2125/2092
f 1899/2126/2093 1897/2125/2092 1898/2127/2094
f 1898/2127/2094 1900/2128/2095 1901/2129/2096
f 1901/2129/2096 1900/2128/2095 1902/2130/2097
f 1901/2129/2096 1902/2130/2097 1922/2131/2098
f 1922/2131/2098 1902/2130/2097 1903/2132/2099
f 1907/2133/2100 1905/2134/2101 1906/2135/2102
f 1906/2135/2102 1180/1320/1305 1182/1323/1308
f 1910/2136/2103 1105/2137/2104 1911/2138/2105
f 1911/2138/2105 1105/2137/2104 1104/2139/2106
f 1911/2138/2105 1104/2139/2106 1106/1237/1222
f 1104/2139/2106 1105/2137/2104 1912/2140/2107
f 1104/2139/2106 1912/2140/2107 3175/2141/2108
f 3175/2141/2108 1912/2140/2107 1103/2142/2109
f 1102/1862/1844 1913/2143/2110 1101/1860/1842
f 1101/1860/1842 1913/2143/2110 1100/1234/1219
f 1914/2144/2111 1912/2140/2107 1915/2145/2112
f 1914/2144/2111 1915/2145/2112 1916/1325/1310
f 1102/1862/1844 1103/2142/2109 1914/2144/2111
f 1102/1862/1844 1914/2144/2111 1913/2143/2110
f 1916/1325/1310 1183/1327/1312 1913/2143/2110
f 1913/2143/2110 1183/1327/1312 1100/1234/1219
f 1100/1234/1219 1183/1327/1312 3243/1235/1220
f 1913/2143/2110 1914/2144/2111 1916/1325/1310
f 1914/2144/2111 1103/2142/2109 1912/2140/2107
f 1912/2140/2107 1105/2137/2104 1917/2146/2113
f 1105/2137/2104 1910/2136/2103 1917/2146/2113
f 1917/2146/2113 1908/2147/2114 1907/2133/2100
f 1907/2133/2100 1918/1324/1309 1917/2146/2113
f 1917/2146/2113 1918/1324/1309 1915/2145/2112
f 1909/2148/2115 1908/2147/2114 1919/2149/2116
f 1909/2148/2115 1919/2149/2116 1910/2136/2103
f 1908/2147/2114 1917/2146/2113 1919/2149/2116
f 1910/2136/2103 1919/2149/2116 1917/2146/2113
f 1917/2146/2113 1915/2145/2112 1912/2140/2107
f 1907/2133/2100 1908/2147/2114 1905/2134/2101
f 1905/2134/2101 1908/2147/2114 1920/2150/2117
f 1904/2151/2118 1920/2150/2117 1921/2152/2119
f 1896/2122/2089 3802/2153/2120 1895/2123/2090
f 1894/2121/2088 3788/2154/2121 1893/2119/2086
f 1925/2116/2083 1890/2115/2082 1891/2117/2084
f 1924/2155/2122 1896/2122/2089 1897/2125/2092
f 1924/2155/2122 1897/2125/2092 1899/2126/2093
f 1904/2151/2118 1921/2152/2119 1922/2131/2098
f 1904/2151/2118 1922/2131/2098 1903/2132/2099
f 1908/2147/2114 1926/2156/2123 1920/2150/2117
f 1404/1568/1553 1886/2157/2124 1405/1569/1554
f 1405/1569/1554 1886/2157/2124 1927/2158/2125
f 1927/2158/2125 1887/2159/2126 1888/2160/2127
f 1928/2161/2128 1888/2160/2127 1889/2114/2081
f 1888/2160/2127 1928/2161/2128 1929/2162/2129
f 1969/2163/2130 3750/2164/2131 1930/2165/2132
f 1967/2166/2133 1931/2167/2134 1968/2168/2135
f 1968/2168/2135 1932/2169/2136 3488/2170/2137
f 1932/2169/2136 1933/2171/2138 1934/2172/2139
f 1936/2173/2140 1934/2172/2139 1935/2174/2141
f 1936/2173/2140 1935/2174/2141 1937/2175/2142
f 1937/2175/2142 1955/2176/2143 1938/2177/2144
f 1943/2178/2145 1939/2179/2146 1951/2180/2147
f 1946/2181/2148 1945/2182/2149 1947/2183/2150
f 1947/2183/2150 1949/2184/2151 1948/2185/2152
f 1948/2185/2152 1949/2184/2151 3459/2186/2153
f 3459/2186/2153 1949/2184/2151 1943/2178/2145
f 1949/2184/2151 1947/2183/2150 1945/2182/2149
f 1945/2182/2149 1944/2187/2154 1949/2184/2151
f 1949/2184/2151 1944/2187/2154 1938/2177/2144
f 1938/2177/2144 1943/2178/2145 1949/2184/2151
f 1922/2131/2098 1921/2152/2119 1941/2188/2155
f 1941/2188/2155 1926/2156/2123 1145/1306/1291
f 1145/1306/1291 1950/1283/1268 1941/2188/2155
f 1163/1305/1290 1145/1306/1291 1926/2156/2123
f 1921/2152/2119 1920/2150/2117 1941/2188/2155
f 1941/2188/2155 1920/2150/2117 1926/2156/2123
f 1952/2189/2156 1939/2179/2146 1953/2190/2157
f 1953/2190/2157 1939/2179/2146 1955/2176/2143
f 1934/2172/2139 1933/2171/2138 1935/2174/2141
f 1937/2175/2142 1935/2174/2141 1955/2176/2143
f 1938/2177/2144 1955/2176/2143 1939/2179/2146
f 1901/2129/2096 1951/2180/2147 1923/2191/2158
f 1923/2191/2158 1951/2180/2147 1939/2179/2146
f 1953/2190/2157 1955/2176/2143 1935/2174/2141
f 1953/2190/2157 1935/2174/2141 1954/2192/2159
f 1957/2193/2160 1933/2171/2138 1958/2194/2161
f 1958/2194/2161 1933/2171/2138 1932/2169/2136
f 1933/2171/2138 1956/2195/2162 1935/2174/2141
f 1935/2174/2141 1956/2195/2162 1954/2192/2159
f 1956/2195/2162 1933/2171/2138 1957/2193/2160
f 1940/2196/2163 1951/2180/2147 1922/2131/2098
f 1922/2131/2098 1951/2180/2147 1901/2129/2096
f 1887/2159/2126 1927/2158/2125 1886/2157/2124
f 1927/2158/2125 1959/2197/2164 1405/1569/1554
f 1405/1569/1554 1959/2197/2164 1960/2198/2165
f 1959/2197/2164 1888/2160/2127 1964/2199/2166
f 1966/2200/2167 1930/2165/2132 3412/2201/2168
f 3412/2201/2168 1930/2165/2132 1967/2166/2133
f 1931/2167/2134 1967/2166/2133 1930/2165/2132
f 3750/2164/2131 1969/2163/2130 1929/2162/2129
f 1959/2197/2164 1927/2158/2125 1888/2160/2127
f 1969/2163/2130 1888/2160/2127 1929/2162/2129
f 1888/2160/2127 1969/2163/2130 1965/2202/2169
f 1888/2160/2127 1965/2202/2169 1964/2199/2166
f 1405/1569/1554 1960/2198/2165 1406/1570/1555
f 1960/2198/2165 1961/2203/2170 1406/1570/1555
f 1406/1570/1555 1961/2203/2170 1962/2204/2171
f 1406/1570/1555 1962/2204/2171 1963/1571/1556
f 1971/2205/2172 3712/2206/2173 3509/2207/2174
f 3513/2208/2175 1973/2209/2176 1974/2210/2177
f 3522/2211/2178 3683/2212/2179 1978/2213/2180
f 3522/2211/2178 1978/2213/2180 1979/2214/2181
f 3429/2215/2182 2035/2216/2183 1983/2217/2184
f 3434/2218/2185 1984/2219/2186 3844/2220/2187
f 1985/2221/2188 3844/2220/2187 3848/2222/2189
f 3916/2223/2190 1990/2224/2191 1991/2225/2192
f 1991/2225/2192 1990/2224/2191 1992/2226/2193
f 3912/2227/2194 1993/2228/2195 1992/2226/2193
f 3912/2227/2194 1992/2226/2193 1994/2229/2196
f 3899/2230/2197 1994/2229/2196 3888/2231/2198
f 3888/2231/2198 3918/2232/2199 1996/2233/2200
f 1996/2233/2200 1997/2234/2201 3898/2235/2202
f 3847/2236/2203 1998/2237/2204 1999/2238/2205
f 3847/2236/2203 1999/2238/2205 2000/2239/2206
f 3846/2240/2207 2000/2239/2206 2001/2241/2208
f 1985/2221/2188 3848/2222/2189 2002/2242/2209
f 1985/2221/2188 2002/2242/2209 1986/2243/2210
f 1368/1529/1514 1993/2228/2195 2003/2244/2211
f 2003/2244/2211 3905/2245/2212 1365/2246/2213
f 1365/2246/2213 3905/2245/2212 3904/2247/2214
f 2012/1525/1510 2004/2248/2215 2005/2249/2216
f 2006/2250/2217 3835/2251/2218 2007/2252/2219
f 2010/2253/2220 3837/2254/2221 3836/2255/2222
f 2010/2253/2220 3836/2255/2222 2011/1614/1599
f 3729/2256/2223 1383/1548/1533 1382/1547/1532
f 1383/1548/1533 2011/1614/1599 1440/1613/1598
f 1368/1529/1514 2003/2244/2211 1367/1542/1527
f 1367/1542/1527 2003/2244/2211 1366/1535/1520
f 1366/1535/1520 2003/2244/2211 1364/1527/1512
f 1364/1527/1512 2003/2244/2211 1365/2246/2213
f 2013/1524/1509 2012/1525/1510 2006/2250/2217
f 2006/2250/2217 2012/1525/1510 2005/2249/2216
f 2004/2248/2215 2012/1525/1510 1365/2246/2213
f 1364/1527/1512 1365/2246/2213 2012/1525/1510
f 1363/1526/1511 2012/1525/1510 2013/1524/1509
f 2013/1524/1509 2006/2250/2217 2007/2252/2219
f 1363/1526/1511 2013/1524/1509 1362/1523/1508
f 1358/2257/2224 2014/2258/2225 1357/1521/1506
f 1358/2257/2224 1359/2259/2226 2014/2258/2225
f 1359/2259/2226 1360/1534/1519 1361/1522/1507
f 2015/2260/2227 2019/2261/2228 2016/1558/1543
f 2016/1558/1543 1389/1557/1542 2015/2260/2227
f 2015/2260/2227 1389/1557/1542 1388/1556/1541
f 2019/2261/2228 2018/2262/2229 2020/2263/2230
f 2019/2261/2228 2020/2263/2230 2063/2264/2231
f 2019/2261/2228 2063/2264/2231 2021/1559/1544
f 2021/1559/1544 2055/2265/2232 1392/2266/2233
f 1392/2266/2233 1391/2267/2234 2021/1559/1544
f 2021/1559/1544 1391/2267/2234 1390/1560/1545
f 2015/2260/2227 2017/2268/2235 2019/2261/2228
f 2016/1558/1543 2019/2261/2228 2021/1559/1544
f 2018/2262/2229 2019/2261/2228 2017/2268/2235
f 2026/2269/2236 2024/2270/2237 2025/2271/2238
f 2036/2272/2239 2031/2273/2240 2032/2274/2241
f 2032/2274/2241 2031/2273/2240 2047/2275/2242
f 3706/2276/2243 3842/2277/2244 3843/2278/2245
f 3706/2276/2243 3843/2278/2245 2034/2279/2246
f 3429/2215/2182 2034/2279/2246 2035/2216/2183
f 2028/2280/2247 2030/2281/2248 2027/2282/2249
f 2030/2281/2248 2036/2272/2239 2027/2282/2249
f 2027/2282/2249 2036/2272/2239 2025/2271/2238
f 2025/2271/2238 2036/2272/2239 2037/2283/2250
f 2037/2283/2250 2046/2284/2251 2038/2285/2252
f 2044/2286/2253 2038/2285/2252 2053/2287/2254
f 2044/2286/2253 2053/2287/2254 2039/2288/2255
f 2044/2286/2253 2026/2269/2236 2038/2285/2252
f 2044/2286/2253 2039/2288/2255 2043/2289/2256
f 2042/2290/2257 2043/2289/2256 2041/2291/2258
f 2039/2288/2255 2041/2291/2258 2043/2289/2256
f 2039/2288/2255 2040/2292/2259 2041/2291/2258
f 2026/2269/2236 2044/2286/2253 2045/2293/2260
f 2023/2294/2261 2024/2270/2237 2045/2293/2260
f 2026/2269/2236 2045/2293/2260 2024/2270/2237
f 2044/2286/2253 2043/2289/2256 2045/2293/2260
f 2045/2293/2260 2043/2289/2256 2064/2295/2262
f 2045/2293/2260 2064/2295/2262 2023/2294/2261
f 2023/2294/2261 2064/2295/2262 2022/2296/2263
f 2025/2271/2238 2037/2283/2250 2026/2269/2236
f 2026/2269/2236 2037/2283/2250 2038/2285/2252
f 2046/2284/2251 2036/2272/2239 2047/2275/2242
f 2037/2283/2250 2036/2272/2239 2046/2284/2251
f 2038/2285/2252 2046/2284/2251 2053/2287/2254
f 2040/2292/2259 2039/2288/2255 2053/2287/2254
f 2041/2291/2258 2040/2292/2259 2065/2297/2264
f 2041/2291/2258 2065/2297/2264 2054/2298/2265
f 2054/2298/2265 1392/2266/2233 2055/2265/2232
f 1391/2267/2234 1392/2266/2233 1393/1562/1547
f 1395/2299/2266 1394/1561/1546 2057/2300/2267
f 2057/2300/2267 1394/1561/1546 2056/1563/1548
f 1393/1562/1547 2059/2301/2268 2056/1563/1548
f 2051/2302/2269 2058/2303/2270 2059/2301/2268
f 2049/2304/2271 2061/2305/2272 2048/2306/2273
f 2061/2305/2272 2049/2304/2271 2060/2307/2274
f 2060/2307/2274 2049/2304/2271 2059/2301/2268
f 2049/2304/2271 2050/2308/2275 2059/2301/2268
f 2059/2301/2268 2050/2308/2275 2051/2302/2269
f 2051/2302/2269 2052/2309/2276 2058/2303/2270
f 2058/2303/2270 2052/2309/2276 1396/2310/2277
f 2060/2307/2274 1393/1562/1547 2062/2311/2278
f 2065/2297/2264 2062/2311/2278 2054/2298/2265
f 1393/1562/1547 2060/2307/2274 2059/2301/2268
f 2056/1563/1548 2059/2301/2268 2057/2300/2267
f 2057/2300/2267 2058/2303/2270 1396/2310/2277
f 2058/2303/2270 2057/2300/2267 2059/2301/2268
f 2062/2311/2278 1393/1562/1547 1392/2266/2233
f 2041/2291/2258 2054/2298/2265 2042/2290/2257
f 2042/2290/2257 2054/2298/2265 2055/2265/2232
f 2042/2290/2257 2055/2265/2232 2063/2264/2231
f 2063/2264/2231 2055/2265/2232 2021/1559/1544
f 2042/2290/2257 2063/2264/2231 2064/2295/2262
f 2042/2290/2257 2064/2295/2262 2043/2289/2256
f 2053/2287/2254 2048/2306/2273 2065/2297/2264
f 2061/2305/2272 2060/2307/2274 2062/2311/2278
f 2061/2305/2272 2062/2311/2278 2065/2297/2264
f 2061/2305/2272 2065/2297/2264 2048/2306/2273
f 2040/2292/2259 2053/2287/2254 2065/2297/2264
f 2030/2281/2248 2031/2273/2240 2036/2272/2239
f 2036/2272/2239 2032/2274/2241 2047/2275/2242
f 2069/2312/2279 2068/2313/2280 3600/2314/2281
f 3600/2314/2281 2068/2313/2280 2070/2315/2282
f 3205/2316/2283 1353/1515/1500 2066/2317/2284
f 1353/1515/1500 1355/1517/1502 2066/2317/2284
f 2066/2317/2284 1355/1517/1502 1381/2318/2285
f 551/2319/2286 552/619/604 1348/2320/2287
f 2073/2321/2288 2072/2322/2289 2077/2323/2290
f 548/2324/2291 2075/2325/2292 2076/617/602
f 548/2324/2291 2076/617/602 547/616/601
f 549/2326/2293 2075/2325/2292 548/2324/2291
f 2074/2327/2294 549/2326/2293 2073/2321/2288
f 2072/2322/2289 2073/2321/2288 550/2328/2295
f 2072/2322/2289 2106/2329/2296 2077/2323/2290
f 2077/2323/2290 2106/2329/2296 2116/2330/2297
f 2079/2331/2298 2078/2332/2299 2115/2333/2300
f 2086/2334/2301 2081/2335/2302 2905/2336/2303
f 2082/2337/2304 2870/2338/2305 2094/2339/2306
f 2096/2340/2307 2094/2339/2306 2083/2341/2308
f 2083/2341/2308 2084/1994/1966 1794/596/581
f 2089/2342/2309 2078/2332/2299 2079/2331/2298
f 2083/2341/2308 1794/596/581 2087/1997/1969
f 528/599/584 2087/1997/1969 1794/596/581
f 2112/2343/2310 2080/2344/2311 2079/2331/2298
f 2086/2334/2301 2085/2345/2312 2080/2344/2311
f 2077/2323/2290 2078/2332/2299 2073/2321/2288
f 2073/2321/2288 2078/2332/2299 2074/2327/2294
f 549/2326/2293 2074/2327/2294 2075/2325/2292
f 2075/2325/2292 2074/2327/2294 2088/2346/2313
f 2100/2347/2314 2075/2325/2292 2089/2342/2309
f 2093/2348/2315 2090/2349/2316 2091/2350/2317
f 2091/2350/2317 2092/2351/2318 2093/2348/2315
f 2098/2352/2319 2096/2340/2307 2097/2353/2320
f 2094/2339/2306 2098/2352/2319 2099/2354/2321
f 2099/2354/2321 2095/2355/2322 2094/2339/2306
f 2094/2339/2306 2095/2355/2322 2092/2351/2318
f 2092/2351/2318 2095/2355/2322 2093/2348/2315
f 2093/2348/2315 2104/2356/2323 2090/2349/2316
f 2089/2342/2309 2090/2349/2316 2100/2347/2314
f 2076/617/602 2075/2325/2292 2101/2357/2324
f 2101/2357/2324 2075/2325/2292 2100/2347/2314
f 2100/2347/2314 2787/2358/2325 2101/2357/2324
f 2090/2349/2316 2104/2356/2323 2100/2347/2314
f 2094/2339/2306 2096/2340/2307 2098/2352/2319
f 2096/2340/2307 2105/1996/1968 2097/2353/2320
f 2097/2353/2320 2105/1996/1968 1795/1999/1971
f 2097/2353/2320 1795/1999/1971 1797/2001/1973
f 2075/2325/2292 2088/2346/2313 2089/2342/2309
f 2072/2322/2289 551/2319/2286 1348/2320/2287
f 2106/2329/2296 2072/2322/2289 1349/2359/2326
f 2107/2360/2327 2108/2361/2328 2109/2362/2329
f 2113/2363/2330 2109/2362/2329 2110/2364/2331
f 2113/2363/2330 2110/2364/2331 2111/2365/2332
f 2968/2366/2333 2081/2335/2302 2112/2343/2310
f 2968/2366/2333 2111/2365/2332 2110/2364/2331
f 2110/2364/2331 2873/2367/2334 2968/2366/2333
f 2081/2335/2302 2086/2334/2301 2080/2344/2311
f 2081/2335/2302 2080/2344/2311 2112/2343/2310
f 2078/2332/2299 2077/2323/2290 2115/2333/2300
f 2079/2331/2298 2115/2333/2300 2114/2368/2335
f 2079/2331/2298 2114/2368/2335 2112/2343/2310
f 2112/2343/2310 2114/2368/2335 2113/2363/2330
f 2111/2365/2332 2112/2343/2310 2113/2363/2330
f 2109/2362/2329 2113/2363/2330 2114/2368/2335
f 2107/2360/2327 2109/2362/2329 2114/2368/2335
f 2107/2360/2327 2114/2368/2335 2116/2330/2297
f 2107/2360/2327 2116/2330/2297 2106/2329/2296
f 2111/2365/2332 2968/2366/2333 2112/2343/2310
f 2077/2323/2290 2116/2330/2297 2115/2333/2300
f 2114/2368/2335 2115/2333/2300 2116/2330/2297
f 1348/2320/2287 1349/2359/2326 2072/2322/2289
f 527/597/582 2117/2369/2336 2794/598/583
f 2794/598/583 2117/2369/2336 2118/2370/2337
f 2438/2371/2338 2118/2370/2337 2869/2372/2339
f 2438/2371/2338 2869/2372/2339 2469/2373/2340
f 2119/2374/2341 2469/2373/2340 2126/2375/2342
f 2119/2374/2341 2126/2375/2342 2120/2376/2343
f 2120/2376/2343 2121/392/377 347/394/379
f 520/585/570 346/590/575 2121/392/377
f 2122/2024/1996 522/2028/2000 2123/2377/2344
f 2122/2024/1996 2869/2372/2339 2124/593/578
f 2124/593/578 1813/592/577 525/2021/1993
f 522/2028/2000 2122/2024/1996 523/2023/1995
f 1818/2026/1998 522/2028/2000 523/2023/1995
f 524/2022/1994 2122/2024/1996 2124/593/578
f 524/2022/1994 2124/593/578 525/2021/1993
f 2121/392/377 521/2029/2001 520/585/570
f 2128/2378/2345 513/2379/2346 515/579/564
f 515/579/564 513/2379/2346 514/2380/2347
f 2130/2381/2348 2128/2378/2345 515/579/564
f 337/386/371 516/581/566 2863/387/372
f 337/386/371 338/2382/2349 2129/2383/2350
f 337/386/371 2129/2383/2350 516/581/566
f 2130/2381/2348 516/581/566 2129/2383/2350
f 2129/2383/2350 2131/2384/2351 2130/2381/2348
f 515/579/564 516/581/566 2130/2381/2348
f 513/2379/2346 2128/2378/2345 512/2385/2352
f 512/2385/2352 478/557/542 511/1915/1894
f 341/391/376 478/557/542 340/388/373
f 340/388/373 478/557/542 2127/2386/2353
f 2127/2386/2353 478/557/542 2131/2384/2351
f 2131/2384/2351 2129/2383/2350 2127/2386/2353
f 2130/2381/2348 2132/2387/2354 2128/2378/2345
f 2130/2381/2348 2131/2384/2351 2132/2387/2354
f 301/341/326 302/343/328 2133/490/475
f 2133/490/475 302/343/328 2134/505/490
f 2134/505/490 302/343/328 2135/735/720
f 2134/505/490 2135/735/720 435/507/492
f 435/507/492 2135/735/720 427/489/474
f 427/489/474 2135/735/720 672/487/472
f 2133/490/475 2134/505/490 300/479/464
f 425/506/491 2134/505/490 435/507/492
f 302/343/328 2136/734/719 670/737/722
f 302/343/328 670/737/722 2135/735/720
f 302/343/328 2137/344/329 2136/734/719
f 304/347/332 669/732/717 303/346/331
f 303/346/331 669/732/717 2137/344/329
f 2137/344/329 669/732/717 2136/734/719
f 667/2388/2355 669/732/717 304/347/332
f 667/2388/2355 304/347/332 306/349/334
f 668/2389/2356 669/732/717 667/2388/2355
f 306/349/334 1034/860/845 667/2388/2355
f 1034/860/845 1035/1159/1144 667/2388/2355
f 424/480/465 425/506/491 426/508/493
f 424/480/465 426/508/493 459/2390/2357
f 446/342/327 2137/344/329 302/343/328
f 436/498/483 421/476/461 448/501/486
f 2144/2391/2358 442/494/479 2141/2392/2359
f 2142/536/521 2167/2393/2360 2143/472/457
f 2142/536/521 2161/469/454 2141/2392/2359
f 2160/2394/2361 2144/2391/2358 2141/2392/2359
f 2144/2391/2358 2160/2394/2361 381/436/421
f 2147/2395/2362 2778/2396/2363 2148/2397/2364
f 2778/2396/2363 2147/2395/2362 2146/2398/2365
f 2778/2396/2363 2146/2398/2365 2149/2399/2366
f 2778/2396/2363 2149/2399/2366 2150/2400/2367
f 2151/2401/2368 2152/2402/2369 2159/2403/2370
f 327/378/363 2155/412/397 329/379/364
f 329/379/364 2155/412/397 2156/410/395
f 2156/410/395 2154/2404/2371 2153/2405/2372
f 415/546/531 2151/2401/2368 416/468/453
f 2151/2401/2368 2157/2406/2373 2152/2402/2369
f 2152/2402/2369 2157/2406/2373 2153/2405/2372
f 2153/2405/2372 2157/2406/2373 2156/410/395
f 2159/2403/2370 2158/2407/2374 2161/469/454
f 2159/2403/2370 416/468/453 2151/2401/2368
f 2150/2400/2367 2149/2399/2366 2159/2403/2370
f 2150/2400/2367 2159/2403/2370 2152/2402/2369
f 2158/2407/2374 2159/2403/2370 2149/2399/2366
f 2158/2407/2374 2160/2394/2361 2161/469/454
f 2161/469/454 2142/536/521 471/470/455
f 381/436/421 2160/2394/2361 2145/2408/2375
f 2159/2403/2370 2161/469/454 416/468/453
f 2146/2398/2365 2145/2408/2375 2149/2399/2366
f 2149/2399/2366 2145/2408/2375 2160/2394/2361
f 2149/2399/2366 2160/2394/2361 2158/2407/2374
f 381/436/421 383/495/480 2144/2391/2358
f 2144/2391/2358 383/495/480 442/494/479
f 380/435/420 381/436/421 2162/434/419
f 2162/434/419 381/436/421 2145/2408/2375
f 2162/434/419 2145/2408/2375 2163/2409/2376
f 2165/2410/2377 2147/2395/2362 2148/2397/2364
f 2147/2395/2362 2163/2409/2376 2146/2398/2365
f 2163/2409/2376 2145/2408/2375 2146/2398/2365
f 2164/432/417 2162/434/419 2163/2409/2376
f 2786/445/430 2165/2410/2377 2148/2397/2364
f 2147/2395/2362 2165/2410/2377 2164/432/417
f 2147/2395/2362 2164/432/417 2163/2409/2376
f 2160/2394/2361 2141/2392/2359 2161/469/454
f 442/494/479 2140/2411/2378 2141/2392/2359
f 2142/536/521 2141/2392/2359 2140/2411/2378
f 450/503/488 444/493/478 440/491/476
f 421/476/461 2138/2412/2379 448/501/486
f 448/501/486 2138/2412/2379 449/502/487
f 449/502/487 2139/2413/2380 450/503/488
f 2139/2413/2380 449/502/487 2166/2414/2381
f 2140/2411/2378 2139/2413/2380 2142/536/521
f 2138/2412/2379 421/476/461 420/475/460
f 2167/2393/2360 417/473/458 2143/472/457
f 2142/536/521 2139/2413/2380 2167/2393/2360
f 2166/2414/2381 449/502/487 2138/2412/2379
f 437/500/485 451/504/489 438/496/481
f 451/504/489 443/497/482 438/496/481
f 422/478/463 423/477/462 421/476/461
f 2170/474/459 421/476/461 2169/2415/2382
f 2168/2416/2383 461/518/503 2171/520/505
f 2168/2416/2383 2171/520/505 2169/2415/2382
f 461/518/503 2168/2416/2383 423/477/462
f 423/477/462 2168/2416/2383 421/476/461
f 421/476/461 2168/2416/2383 2169/2415/2382
f 461/518/503 423/477/462 460/2417/2384
f 460/2417/2384 424/480/465 459/2390/2357
f 424/480/465 460/2417/2384 423/477/462
f 438/496/481 447/345/330 437/500/485
f 2184/2418/2385 459/2390/2357 2172/2419/2386
f 2183/2420/2387 2172/2419/2386 428/481/466
f 427/489/474 428/481/466 2172/2419/2386
f 427/489/474 2172/2419/2386 426/508/493
f 426/508/493 2172/2419/2386 459/2390/2357
f 2176/2421/2388 2297/2422/2389 2177/2423/2390
f 2178/2424/2391 2312/2425/2392 2179/2426/2393
f 2178/2424/2391 2179/2426/2393 2180/2427/2394
f 2182/515/500 2181/514/499 2180/2427/2394
f 2182/515/500 2180/2427/2394 2179/2426/2393
f 428/481/466 429/483/468 2183/2420/2387
f 459/2390/2357 2184/2418/2385 2173/2428/2395
f 2184/2418/2385 2172/2419/2386 2183/2420/2387
f 2186/2429/2396 2187/661/646 540/664/649
f 593/663/648 540/664/649 2187/661/646
f 598/660/645 597/659/644 594/662/647
f 598/660/645 594/662/647 2187/661/646
f 598/660/645 2187/661/646 2186/2429/2396
f 2181/514/499 598/660/645 2180/2427/2394
f 2190/2430/2397 465/525/510 464/524/509
f 2297/2422/2389 2176/2421/2388 2188/2431/2398
f 2297/2422/2389 2188/2431/2398 2175/2432/2399
f 462/521/506 2190/2430/2397 463/522/507
f 464/524/509 463/522/507 2190/2430/2397
f 2192/2433/2400 2173/2428/2395 2174/2434/2401
f 2193/2435/2402 2192/2433/2400 2174/2434/2401
f 2192/2433/2400 2193/2435/2402 2191/519/504
f 2191/519/504 461/518/503 2192/2433/2400
f 2192/2433/2400 461/518/503 460/2417/2384
f 460/2417/2384 2173/2428/2395 2192/2433/2400
f 2173/2428/2395 460/2417/2384 459/2390/2357
f 2190/2430/2397 462/521/506 2189/2436/2403
f 2189/2436/2403 462/521/506 2191/519/504
f 2189/2436/2403 2191/519/504 2193/2435/2402
f 2175/2432/2399 2188/2431/2398 2174/2434/2401
f 2174/2434/2401 2188/2431/2398 2193/2435/2402
f 2189/2436/2403 2193/2435/2402 2188/2431/2398
f 2180/2427/2394 598/660/645 2185/2437/2404
f 2180/2427/2394 2185/2437/2404 2178/2424/2391
f 2195/2438/2405 538/604/589 537/603/588
f 539/606/591 2186/2429/2396 540/664/649
f 598/660/645 2186/2429/2396 2194/2439/2406
f 2194/2439/2406 2185/2437/2404 598/660/645
f 212/255/244 208/249/238 283/337/324
f 212/255/244 283/337/324 67/78/77
f 208/249/238 212/255/244 209/251/240
f 207/248/237 206/267/256 70/326/313
f 203/185/183 73/84/83 2197/83/82
f 203/185/183 2197/83/82 199/242/231
f 207/248/237 69/2440/2407 208/249/238
f 69/2440/2407 283/337/324 208/249/238
f 206/267/256 2196/81/80 70/326/313
f 2138/2412/2379 419/537/522 2167/2393/2360
f 420/475/460 419/537/522 2138/2412/2379
f 417/473/458 419/537/522 475/538/523
f 417/473/458 2167/2393/2360 419/537/522
f 2140/2411/2378 442/494/479 444/493/478
f 450/503/488 2139/2413/2380 444/493/478
f 2139/2413/2380 2140/2411/2378 444/493/478
f 2198/2441/2408 2173/2428/2395 2184/2418/2385
f 2198/2441/2408 2184/2418/2385 2296/2442/2409
f 2296/2442/2409 2184/2418/2385 2183/2420/2387
f 2242/2443/2410 2199/2444/2411 2200/2445/2412
f 2200/2445/2412 2199/2444/2411 2201/2446/2413
f 2266/2447/2414 2202/2448/2415 2250/2449/2416
f 2250/2449/2416 2277/2450/2417 2203/2451/2418
f 2208/2452/2419 2206/2453/2420 2207/2454/2421
f 2208/2452/2419 2209/2455/2422 2310/2456/2423
f 2209/2455/2422 2207/2454/2421 2617/2457/2424
f 2617/2457/2424 2207/2454/2421 2210/2458/2425
f 2211/2459/2426 2210/2458/2425 2212/2460/2427
f 2621/2461/2428 2214/2462/2429 2215/2463/2430
f 2621/2461/2428 2215/2463/2430 2216/2464/2431
f 2278/2465/2432 2217/2466/2433 2625/2467/2434
f 2624/2468/2435 2219/2469/2436 2220/2470/2437
f 2220/2470/2437 2219/2469/2436 2261/2471/2438
f 2950/2472/2439 2225/2473/2440 2226/2474/2441
f 2587/2475/2442 2231/2476/2443 2228/2477/2444
f 2228/2477/2444 2231/2476/2443 2229/2478/2445
f 2228/2477/2444 2229/2478/2445 2230/2479/2446
f 2608/2480/2447 2231/2476/2443 2232/2481/2448
f 2849/2482/2449 2275/2483/2450 2234/2484/2451
f 2318/2485/2452 2234/2484/2451 2361/2486/2453
f 2247/2487/2454 2248/2488/2455 2203/2451/2418
f 2203/2451/2418 2285/2489/2456 2249/2490/2457
f 2247/2487/2454 2249/2490/2457 2369/2491/2458
f 2285/2489/2456 2204/2492/2459 2249/2490/2457
f 2203/2451/2418 2248/2488/2455 2250/2449/2416
f 2250/2449/2416 2248/2488/2455 2246/2493/2460
f 2250/2449/2416 2251/2494/2461 2266/2447/2414
f 2251/2494/2461 2253/2495/2462 2201/2446/2413
f 2246/2493/2460 2251/2494/2461 2250/2449/2416
f 2248/2488/2455 2247/2487/2454 2246/2493/2460
f 2251/2494/2461 2246/2493/2460 2252/2496/2463
f 2244/2497/2464 2252/2496/2463 2245/2498/2465
f 2245/2498/2465 2252/2496/2463 2246/2493/2460
f 2244/2497/2464 2253/2495/2462 2252/2496/2463
f 2253/2495/2462 2244/2497/2464 2243/2499/2466
f 2243/2499/2466 2242/2443/2410 2253/2495/2462
f 2253/2495/2462 2242/2443/2410 2200/2445/2412
f 2252/2496/2463 2253/2495/2462 2251/2494/2461
f 2200/2445/2412 2201/2446/2413 2253/2495/2462
f 2256/2500/2467 2254/2501/2468 2777/2502/2469
f 2260/2503/2470 2261/2471/2438 2508/2504/2471
f 2508/2504/2471 2261/2471/2438 2219/2469/2436
f 2225/2473/2440 2274/2505/2472 2226/2474/2441
f 2227/2506/2473 2226/2474/2441 2276/2507/2474
f 2262/2508/2475 2276/2507/2474 2911/2509/2476
f 3011/2510/2477 2263/2511/2478 2231/2476/2443
f 2227/2506/2473 2276/2507/2474 2262/2508/2475
f 2263/2511/2478 2262/2508/2475 2911/2509/2476
f 2224/2512/2479 2223/2513/2480 2254/2501/2468
f 2257/2514/2481 2222/2515/2482 2265/2516/2483
f 2223/2513/2480 2222/2515/2482 2264/2517/2484
f 2223/2513/2480 2264/2517/2484 2254/2501/2468
f 2222/2515/2482 2257/2514/2481 2264/2517/2484
f 2264/2517/2484 2257/2514/2481 2255/2518/2485
f 2255/2518/2485 2257/2514/2481 2772/2519/2486
f 2264/2517/2484 2255/2518/2485 2254/2501/2468
f 2255/2518/2485 2777/2502/2469 2254/2501/2468
f 2266/2447/2414 2199/2444/2411 2267/2520/2487
f 2266/2447/2414 2267/2520/2487 2202/2448/2415
f 2201/2446/2413 2199/2444/2411 2266/2447/2414
f 2268/2521/2488 2240/2522/2489 2287/2523/2490
f 2271/2524/2491 2272/2525/2492 2273/2526/2493
f 2258/2527/2494 2259/2528/2495 2272/2525/2492
f 2258/2527/2494 2272/2525/2492 2257/2514/2481
f 2257/2514/2481 2272/2525/2492 2772/2519/2486
f 2777/2502/2469 2776/2529/2496 2256/2500/2467
f 2274/2505/2472 2234/2484/2451 2275/2483/2450
f 2255/2518/2485 2772/2519/2486 2777/2502/2469
f 2275/2483/2450 2276/2507/2474 2226/2474/2441
f 2274/2505/2472 2225/2473/2440 2256/2530/2467
f 2224/2512/2479 2254/2501/2468 2225/2531/2440
f 2233/2532/2497 2276/2507/2474 2275/2483/2450
f 2274/2505/2472 2275/2483/2450 2226/2474/2441
f 2254/2501/2468 2256/2500/2467 2225/2531/2440
f 2256/2530/2467 2234/2484/2451 2274/2505/2472
f 2267/2520/2487 2268/2521/2488 2202/2448/2415
f 2202/2448/2415 2268/2521/2488 2292/2533/2498
f 2277/2450/2417 2202/2448/2415 2288/2534/2499
f 2277/2450/2417 2288/2534/2499 2290/2535/2500
f 2279/2536/2501 2290/2535/2500 2278/2465/2432
f 2277/2450/2417 2250/2449/2416 2202/2448/2415
f 2285/2489/2456 2279/2536/2501 2278/2465/2432
f 2280/2537/2502 2285/2489/2456 2281/2538/2503
f 2280/2537/2502 2281/2538/2503 2282/2539/2504
f 2206/2453/2420 2284/2540/2505 2207/2454/2421
f 2205/2541/2506 2286/2542/2507 2284/2540/2505
f 2279/2536/2501 2285/2489/2456 2203/2451/2418
f 2205/2541/2506 2204/2492/2459 2286/2542/2507
f 2206/2453/2420 2205/2541/2506 2284/2540/2505
f 2286/2542/2507 2204/2492/2459 2280/2537/2502
f 2280/2537/2502 2204/2492/2459 2285/2489/2456
f 2288/2534/2499 2292/2533/2498 2289/2543/2508
f 2269/2544/2509 2271/2524/2491 2289/2543/2508
f 2290/2535/2500 2289/2543/2508 2291/2545/2510
f 2292/2533/2498 2269/2544/2509 2289/2543/2508
f 2290/2535/2500 2291/2545/2510 2278/2465/2432
f 2289/2543/2508 2290/2535/2500 2288/2534/2499
f 2292/2533/2498 2288/2534/2499 2202/2448/2415
f 2269/2544/2509 2292/2533/2498 2287/2523/2490
f 2268/2521/2488 2287/2523/2490 2292/2533/2498
f 2241/2546/2511 2199/2444/2411 2242/2443/2410
f 475/538/523 420/475/460 2170/474/459
f 2293/2547/2512 2170/474/459 2169/2415/2382
f 473/534/519 2295/523/508 467/528/513
f 2294/539/524 464/524/509 473/534/519
f 464/524/509 2295/523/508 473/534/519
f 2293/2547/2512 2169/2415/2382 2171/520/505
f 2171/520/505 463/522/507 2293/2547/2512
f 466/526/511 2295/523/508 465/525/510
f 2174/2434/2401 2173/2428/2395 2198/2441/2408
f 2296/2442/2409 2183/2420/2387 429/483/468
f 2199/2444/2411 2241/2546/2511 2267/2520/2487
f 2267/2520/2487 2241/2546/2511 2240/2522/2489
f 2294/539/524 475/538/523 2170/474/459
f 2294/539/524 2170/474/459 2293/2547/2512
f 2293/2547/2512 463/522/507 2294/539/524
f 2294/539/524 463/522/507 464/524/509
f 2297/2422/2389 2312/2425/2392 2177/2423/2390
f 2296/2442/2409 2297/2422/2389 2198/2441/2408
f 2174/2434/2401 2198/2441/2408 2175/2432/2399
f 2175/2432/2399 2198/2441/2408 2297/2422/2389
f 2240/2522/2489 2241/2546/2511 2298/2548/2513
f 2241/2546/2511 2242/2443/2410 2299/2549/2514
f 2299/2549/2514 2242/2443/2410 2243/2499/2466
f 2311/2550/2515 2301/2551/2516 2616/2552/2517
f 2311/2550/2515 2616/2552/2517 2302/2553/2518
f 2303/2554/2519 2802/2555/2520 2304/2556/2521
f 2307/2557/2522 2784/2558/2523 2609/2559/2524
f 2307/2557/2522 2609/2559/2524 2308/2560/2525
f 2318/2485/2452 2308/2560/2525 2234/2484/2451
f 2307/2557/2522 2308/2560/2525 2306/2561/2526
f 2308/2560/2525 2318/2485/2452 2306/2561/2526
f 2300/2562/2527 2244/2497/2464 2301/2551/2516
f 2245/2498/2465 2309/2563/2528 2244/2497/2464
f 2309/2563/2528 2301/2551/2516 2244/2497/2464
f 2310/2456/2423 2301/2551/2516 2309/2563/2528
f 2240/2522/2489 2298/2548/2513 2238/2564/2529
f 2267/2520/2487 2240/2522/2489 2268/2521/2488
f 2201/2446/2413 2266/2447/2414 2251/2494/2461
f 2298/2548/2513 2241/2546/2511 2299/2549/2514
f 2243/2499/2466 2244/2497/2464 2300/2562/2527
f 2311/2550/2515 2300/2562/2527 2301/2551/2516
f 2189/2436/2403 2188/2431/2398 2333/2565/2530
f 2297/2422/2389 2296/2442/2409 2312/2425/2392
f 2182/515/500 2312/2425/2392 429/483/468
f 2312/2425/2392 2296/2442/2409 429/483/468
f 2179/2426/2393 2312/2425/2392 2182/515/500
f 2313/2566/2531 2238/2564/2529 2298/2548/2513
f 2313/2567/2531 2298/2548/2513 2299/2549/2514
f 2299/2549/2514 2243/2499/2466 2314/2568/2532
f 2314/2568/2532 2243/2499/2466 2315/2569/2533
f 2314/2568/2532 2315/2569/2533 2316/2570/2534
f 2316/2570/2534 2315/2569/2533 2304/2556/2521
f 2316/2570/2534 2304/2556/2521 2317/2571/2535
f 2317/2571/2535 2304/2556/2521 2305/2572/2536
f 2317/2571/2535 2305/2572/2536 2306/2561/2526
f 2317/2571/2535 2318/2485/2452 2236/2573/2537
f 2317/2571/2535 2236/2573/2537 2316/2570/2534
f 2306/2561/2526 2318/2485/2452 2317/2571/2535
f 2318/2485/2452 2361/2486/2453 2235/2574/2538
f 2318/2485/2452 2235/2574/2538 2236/2573/2537
f 2237/2575/2539 2319/2576/2540 2236/2573/2537
f 2236/2573/2537 2319/2576/2540 2316/2570/2534
f 2316/2570/2534 2319/2576/2540 2314/2568/2532
f 2299/2549/2514 2314/2568/2532 2313/2567/2531
f 2319/2576/2540 2237/2575/2539 2313/2567/2531
f 2313/2567/2531 2237/2575/2539 2238/2577/2529
f 2319/2576/2540 2313/2567/2531 2314/2568/2532
f 2311/2550/2515 2302/2553/2518 2303/2554/2519
f 2303/2554/2519 2304/2556/2521 2315/2569/2533
f 2320/2578/2541 2326/2579/2542 2190/2430/2397
f 466/526/511 465/525/510 2321/527/512
f 2321/527/512 2325/2580/2543 2322/2581/2544
f 355/399/384 2322/2581/2544 354/2582/2545
f 354/2582/2545 2322/2581/2544 2323/2583/2546
f 465/525/510 2190/2430/2397 2326/2579/2542
f 2331/2584/2547 2320/2578/2541 2330/2585/2548
f 2363/2586/2549 2320/2578/2541 2189/2436/2403
f 2363/2586/2549 2189/2436/2403 2333/2565/2530
f 2320/2578/2541 2331/2584/2547 2326/2579/2542
f 2321/527/512 465/525/510 2325/2580/2543
f 2323/2583/2546 2322/2581/2544 2325/2580/2543
f 465/525/510 2326/2579/2542 2325/2580/2543
f 2325/2580/2543 2324/2587/2550 2323/2583/2546
f 354/2582/2545 2323/2583/2546 353/2588/2551
f 2331/2584/2547 2336/2589/2552 2326/2579/2542
f 2326/2579/2542 2336/2589/2552 2325/2580/2543
f 534/601/586 2329/2590/2553 535/602/587
f 2332/2591/2554 535/602/587 2333/2565/2530
f 535/602/587 2332/2591/2554 2335/2592/2555
f 535/602/587 2335/2592/2555 536/600/585
f 2334/2593/2556 2332/2591/2554 2176/2421/2388
f 2176/2421/2388 2177/2423/2390 2334/2593/2556
f 2335/2592/2555 2332/2591/2554 2334/2593/2556
f 537/603/588 2335/2592/2555 2334/2593/2556
f 537/603/588 2334/2593/2556 2195/2438/2405
f 2194/2439/2406 539/606/591 2195/2438/2405
f 2195/2438/2405 539/606/591 538/604/589
f 539/606/591 2194/2439/2406 2186/2429/2396
f 2194/2439/2406 2178/2424/2391 2185/2437/2404
f 353/2588/2551 2323/2583/2546 2324/2587/2550
f 2324/2587/2550 2325/2580/2543 2336/2589/2552
f 534/601/586 2328/2594/2557 2329/2590/2553
f 2327/2595/2558 2324/2587/2550 2336/2589/2552
f 2336/2589/2552 2331/2584/2547 2327/2595/2558
f 2327/2595/2558 2331/2584/2547 2330/2585/2548
f 2327/2595/2558 2330/2585/2548 2328/2594/2557
f 2328/2594/2557 2330/2585/2548 2329/2590/2553
f 2418/2596/2559 2338/2597/2560 2339/2598/2561
f 2339/2598/2561 2393/2599/2562 531/2016/1988
f 531/2016/1988 2393/2599/2562 532/2013/1985
f 533/2011/1983 532/2013/1985 2393/2599/2562
f 2321/527/512 2340/543/528 477/541/526
f 356/398/383 358/542/527 2340/543/528
f 477/541/526 2340/543/528 360/401/386
f 2321/527/512 356/398/383 2340/543/528
f 2321/527/512 2322/2581/2544 356/398/383
f 356/398/383 2322/2581/2544 355/399/384
f 2320/2578/2541 2190/2430/2397 2189/2436/2403
f 2333/2565/2530 2188/2431/2398 2176/2421/2388
f 2333/2565/2530 2176/2421/2388 2332/2591/2554
f 2341/2600/2563 2136/734/719 2342/733/718
f 2342/733/718 668/2389/2356 2419/2601/2564
f 2342/733/718 669/732/717 668/2389/2356
f 670/737/722 2136/734/719 2341/2600/2563
f 671/736/721 670/737/722 2341/2600/2563
f 2348/2602/2565 662/725/710 661/724/709
f 662/725/710 2348/2602/2565 663/726/711
f 663/726/711 2348/2602/2565 2349/727/712
f 452/488/473 2351/2603/2566 434/486/471
f 672/487/472 671/736/721 2343/2604/2567
f 672/487/472 2343/2604/2567 452/488/473
f 452/488/473 2343/2604/2567 2351/2603/2566
f 432/485/470 2356/2605/2568 454/510/495
f 454/510/495 2356/2605/2568 573/634/619
f 434/486/471 2351/2603/2566 433/484/469
f 432/485/470 433/484/469 2352/2606/2569
f 2503/2607/2570 2353/2608/2571 2354/2609/2572
f 659/721/706 2354/2609/2572 661/724/709
f 659/721/706 661/724/709 660/722/707
f 2352/2606/2569 2353/2608/2571 2356/2605/2568
f 2356/2605/2568 2353/2608/2571 2503/2607/2570
f 2355/2610/2573 2503/2607/2570 2354/2609/2572
f 2355/2610/2573 2354/2609/2572 659/721/706
f 661/724/709 2354/2609/2572 2347/2611/2574
f 2348/2602/2565 661/724/709 2347/2611/2574
f 2346/2612/2575 2352/2606/2569 2345/2613/2576
f 2345/2613/2576 433/484/469 2344/2614/2577
f 2344/2614/2577 2351/2603/2566 2343/2604/2567
f 2345/2613/2576 2352/2606/2569 433/484/469
f 2344/2614/2577 433/484/469 2351/2603/2566
f 2352/2606/2569 2346/2612/2575 2353/2608/2571
f 2353/2608/2571 2346/2612/2575 2347/2611/2574
f 2353/2608/2571 2347/2611/2574 2354/2609/2572
f 262/308/297 253/296/285 254/298/287
f 251/307/296 253/296/285 252/295/284
f 2357/2615/2578 2287/2523/2490 2240/2522/2489
f 2357/2615/2578 2239/2616/2579 2358/2617/2580
f 2358/2618/2580 2239/2619/2579 2237/2575/2539
f 2358/2618/2580 2237/2575/2539 2235/2574/2538
f 2287/2523/2490 2357/2615/2578 2269/2544/2509
f 2269/2544/2509 2270/2620/2581 2271/2524/2491
f 2271/2524/2491 2270/2620/2581 2359/2621/2582
f 2235/2574/2538 2411/2622/2583 2358/2618/2580
f 2362/2623/2584 2235/2574/2538 2361/2486/2453
f 2236/2573/2537 2235/2574/2538 2237/2575/2539
f 2270/2620/2581 2269/2544/2509 2357/2615/2578
f 2238/2564/2529 2239/2616/2579 2240/2522/2489
f 2240/2522/2489 2239/2616/2579 2357/2615/2578
f 2237/2575/2539 2239/2619/2579 2238/2577/2529
f 2363/2586/2549 2330/2585/2548 2320/2578/2541
f 2330/2585/2548 2363/2586/2549 2329/2590/2553
f 2329/2590/2553 2363/2586/2549 2333/2565/2530
f 2364/2624/2585 2344/2614/2577 2342/733/718
f 2364/2624/2585 2342/733/718 2419/2601/2564
f 2342/733/718 2344/2614/2577 2341/2600/2563
f 2344/2614/2577 2364/2624/2585 2345/2613/2576
f 2364/2624/2585 2365/2625/2586 2345/2613/2576
f 2345/2613/2576 2365/2625/2586 2346/2612/2575
f 2346/2612/2575 2365/2625/2586 2347/2611/2574
f 2347/2611/2574 2365/2625/2586 2348/2602/2565
f 2341/2600/2563 2344/2614/2577 671/736/721
f 2194/2439/2406 2195/2438/2405 2178/2424/2391
f 2177/2423/2390 2195/2438/2405 2334/2593/2556
f 2177/2423/2390 2312/2425/2392 2195/2438/2405
f 2195/2438/2405 2312/2425/2392 2178/2424/2391
f 2366/540/525 362/405/390 2367/2626/2587
f 2367/2626/2587 363/406/391 364/544/529
f 363/406/391 365/2627/2588 364/544/529
f 364/544/529 365/2627/2588 414/545/530
f 363/406/391 2367/2626/2587 362/405/390
f 2344/2614/2577 2343/2604/2567 671/736/721
f 298/246/235 72/82/81 2196/81/80
f 251/307/296 250/294/283 258/301/290
f 256/300/289 253/296/285 251/307/296
f 250/294/283 259/293/282 258/301/290
f 251/307/296 258/301/290 256/300/289
f 253/296/285 256/300/289 260/304/293
f 469/531/516 476/530/515 2366/540/525
f 2366/540/525 2367/2626/2587 469/531/516
f 470/532/517 2367/2626/2587 364/544/529
f 470/532/517 364/544/529 415/546/531
f 470/532/517 415/546/531 416/468/453
f 469/531/516 2367/2626/2587 470/532/517
f 536/600/585 1807/2010/1982 2368/2628/2589
f 536/600/585 2368/2628/2589 534/601/586
f 2368/2628/2589 1807/2010/1982 533/2011/1983
f 2197/83/82 299/245/234 199/242/231
f 299/245/234 2197/83/82 298/246/235
f 2247/2487/2454 2203/2451/2418 2249/2490/2457
f 2247/2487/2454 2369/2491/2458 2246/2493/2460
f 2245/2498/2465 2369/2491/2458 2205/2541/2506
f 2245/2498/2465 2205/2541/2506 2309/2563/2528
f 2245/2498/2465 2246/2493/2460 2369/2491/2458
f 2335/2592/2555 537/603/588 536/600/585
f 536/600/585 537/603/588 1807/2010/1982
f 70/326/313 2196/81/80 71/80/79
f 70/326/313 71/80/79 285/327/314
f 285/327/314 2370/2629/2590 287/329/316
f 71/80/79 72/82/81 74/85/84
f 76/186/184 2371/2630/2591 75/184/182
f 75/184/182 2371/2630/2591 2370/2629/2590
f 2370/2629/2590 285/327/314 74/85/84
f 74/85/84 285/327/314 71/80/79
f 75/184/182 2370/2629/2590 74/85/84
f 2311/2550/2515 2303/2554/2519 2300/2562/2527
f 2303/2554/2519 2315/2569/2533 2300/2562/2527
f 2300/2562/2527 2315/2569/2533 2243/2499/2466
f 2338/2597/2560 2328/2594/2557 534/601/586
f 2328/2594/2557 2337/397/382 2327/2595/2558
f 2327/2595/2558 352/2631/2592 2324/2587/2550
f 72/82/81 298/246/235 2197/83/82
f 352/2631/2592 353/2588/2551 2324/2587/2550
f 2337/397/382 352/2631/2592 2327/2595/2558
f 2372/2632/2593 353/2588/2551 352/2631/2592
f 353/2588/2551 2372/2632/2593 354/2582/2545
f 2372/2632/2593 352/2631/2592 2373/396/381
f 354/2582/2545 2372/2632/2593 2374/2633/2594
f 2374/2633/2594 2372/2632/2593 2375/2634/2595
f 2374/2633/2594 2375/2634/2595 2376/2635/2596
f 2378/2636/2597 2377/2637/2598 2385/2638/2599
f 2384/2639/2600 2379/2640/2601 2416/2641/2602
f 2376/2635/2596 2381/2642/2603 2377/2637/2598
f 2433/2643/2604 2382/2644/2605 2383/2645/2606
f 2383/2645/2606 2382/2644/2605 2390/2646/2607
f 2383/2645/2606 2390/2646/2607 2389/2647/2608
f 2384/2639/2600 2414/2648/2609 2389/2647/2608
f 2389/2647/2608 2414/2648/2609 2385/2638/2599
f 2389/2647/2608 2385/2638/2599 2383/2645/2606
f 345/591/576 2390/2646/2607 2382/2644/2605
f 342/560/545 341/391/376 2386/390/375
f 2380/2649/2610 2387/2650/2611 2388/2651/2612
f 2388/2651/2612 2387/2650/2611 2379/2640/2601
f 2388/2651/2612 2389/2647/2608 2390/2646/2607
f 2388/2651/2612 342/560/545 2380/2649/2610
f 2389/2647/2608 2388/2651/2612 2384/2639/2600
f 2384/2639/2600 2388/2651/2612 2379/2640/2601
f 2386/390/375 2380/2649/2610 342/560/545
f 2382/2644/2605 2391/2652/2613 345/591/576
f 345/591/576 2391/2652/2613 346/590/575
f 2374/2633/2594 2376/2635/2596 2392/2653/2614
f 2392/2653/2614 2376/2635/2596 2377/2637/2598
f 2393/2599/2562 2339/2598/2561 2338/2597/2560
f 355/399/384 354/2582/2545 2374/2633/2594
f 2412/2654/2615 2374/2633/2594 2392/2653/2614
f 2377/2637/2598 2378/2636/2597 2392/2653/2614
f 359/402/387 358/542/527 2394/2655/2616
f 2407/2656/2617 2406/2657/2618 2510/2658/2619
f 2407/2656/2617 2510/2658/2619 2774/2659/2620
f 2396/2660/2621 2399/2661/2622 2398/2662/2623
f 339/389/374 2398/2662/2623 2386/390/375
f 2380/2649/2610 2399/2661/2622 2387/2650/2611
f 2387/2650/2611 2416/2641/2602 2379/2640/2601
f 2385/2638/2599 2414/2648/2609 2378/2636/2597
f 2398/2662/2623 339/389/374 2400/2663/2624
f 2400/2663/2624 339/389/374 338/2382/2349
f 336/385/370 2400/2663/2624 338/2382/2349
f 336/385/370 338/2382/2349 337/386/371
f 2398/2662/2623 2400/2663/2624 335/2664/2625
f 2774/2659/2620 2402/2665/2626 2403/2666/2627
f 2408/2667/2628 2506/407/392 2404/2668/2629
f 2404/2668/2629 2506/407/392 365/2627/2588
f 2506/407/392 2408/2667/2628 2403/2666/2627
f 2506/407/392 2403/2666/2627 366/408/393
f 331/2669/2630 330/380/365 366/408/393
f 366/408/393 330/380/365 367/409/394
f 367/409/394 330/380/365 329/379/364
f 366/408/393 2403/2666/2627 331/2669/2630
f 331/2669/2630 2403/2666/2627 2402/2665/2626
f 359/402/387 2394/2655/2616 2405/403/388
f 2404/2668/2629 2395/2670/2631 2406/2657/2618
f 2404/2668/2629 2406/2657/2618 2407/2656/2617
f 2407/2656/2617 2408/2667/2628 2404/2668/2629
f 2404/2668/2629 363/406/391 2395/2670/2631
f 2395/2670/2631 363/406/391 361/404/389
f 363/406/391 2404/2668/2629 365/2627/2588
f 2405/403/388 2394/2655/2616 2395/2670/2631
f 2395/2670/2631 361/404/389 2405/403/388
f 2375/2634/2595 2372/2632/2593 2373/396/381
f 2338/2597/2560 534/601/586 2368/2628/2589
f 2368/2628/2589 533/2011/1983 2393/2599/2562
f 2393/2599/2562 2338/2597/2560 2368/2628/2589
f 1803/605/590 1809/2008/1980 533/2011/1983
f 533/2011/1983 1809/2008/1980 1806/2012/1984
f 2279/2536/2501 2277/2450/2417 2290/2535/2500
f 2282/2539/2504 2281/2538/2503 2283/2671/2632
f 2286/2542/2507 2283/2671/2632 2409/2672/2633
f 2286/2542/2507 2409/2672/2633 2284/2540/2505
f 2284/2540/2505 2409/2672/2633 2410/2673/2634
f 2284/2540/2505 2410/2673/2634 2212/2460/2427
f 2207/2454/2421 2212/2460/2427 2210/2458/2425
f 2281/2538/2503 2285/2489/2456 2278/2465/2432
f 2375/2634/2595 2373/396/381 351/395/380
f 352/2631/2592 2337/397/382 2373/396/381
f 2337/397/382 2328/2594/2557 2338/2597/2560
f 2337/397/382 2338/2597/2560 2418/2596/2559
f 591/657/642 593/663/648 595/666/651
f 591/657/642 592/658/643 593/663/648
f 599/665/650 593/663/648 592/658/643
f 593/663/648 594/662/647 595/666/651
f 2359/2621/2582 2270/2620/2581 2411/2674/2583
f 2411/2622/2583 2362/2623/2584 2360/2675/2635
f 2360/2676/2635 2359/2621/2582 2411/2674/2583
f 2235/2574/2538 2362/2623/2584 2411/2622/2583
f 2358/2617/2580 2411/2674/2583 2270/2620/2581
f 2358/2617/2580 2270/2620/2581 2357/2615/2578
f 358/542/527 357/400/385 2412/2654/2615
f 2401/2677/2636 2774/2659/2620 2397/2678/2637
f 2431/2679/2638 2412/2654/2615 2392/2653/2614
f 2378/2636/2597 2413/2680/2639 2392/2653/2614
f 2392/2653/2614 2413/2680/2639 2431/2679/2638
f 2414/2648/2609 2413/2680/2639 2378/2636/2597
f 2509/2681/2640 2416/2641/2602 2415/2682/2641
f 2416/2641/2602 2387/2650/2611 2397/2678/2637
f 2416/2641/2602 2397/2678/2637 2774/2659/2620
f 2774/2659/2620 2415/2682/2641 2416/2641/2602
f 2397/2678/2637 2387/2650/2611 2399/2661/2622
f 2397/2678/2637 2399/2661/2622 2396/2660/2621
f 2399/2661/2622 2380/2649/2610 2386/390/375
f 2398/2662/2623 2399/2661/2622 2386/390/375
f 2509/2681/2640 2414/2648/2609 2384/2639/2600
f 2509/2681/2640 2384/2639/2600 2416/2641/2602
f 357/400/385 355/399/384 2374/2633/2594
f 2374/2633/2594 2412/2654/2615 357/400/385
f 2337/397/382 2417/2683/2642 351/395/380
f 2337/397/382 2418/2596/2559 2417/2683/2642
f 667/2388/2355 1035/1159/1144 2419/2601/2564
f 2419/2601/2564 1035/1159/1144 2420/2684/2643
f 2425/2685/2644 776/855/840 773/852/837
f 776/855/840 2420/2684/2643 1035/1159/1144
f 667/2388/2355 2419/2601/2564 668/2389/2356
f 2419/2601/2564 2420/2684/2643 666/2686/2645
f 666/2686/2645 2420/2684/2643 2421/2687/2646
f 2511/2688/2647 2422/2689/2648 2423/2690/2649
f 2424/2691/2650 2534/1151/1136 1028/1150/1135
f 1027/1148/1133 1033/1149/1134 2427/2692/2651
f 1033/1149/1134 1032/2693/2652 2427/2692/2651
f 2427/2692/2651 1032/2693/2652 2512/2694/2653
f 2427/2692/2651 2429/2695/2654 2424/2691/2650
f 2428/2696/2655 2422/2689/2648 2511/2688/2647
f 2511/2688/2647 2423/2690/2649 2429/2695/2654
f 2423/2690/2649 2424/2691/2650 2429/2695/2654
f 664/728/713 2511/2688/2647 2429/2695/2654
f 664/728/713 2429/2695/2654 2512/2694/2653
f 2512/2694/2653 2429/2695/2654 2427/2692/2651
f 2427/2692/2651 2424/2691/2650 1028/1150/1135
f 1027/1148/1133 2427/2692/2651 1028/1150/1135
f 2422/2689/2648 2426/729/714 2421/2687/2646
f 2422/2689/2648 2428/2696/2655 2426/729/714
f 2364/2624/2585 2419/2601/2564 665/731/716
f 665/731/716 2419/2601/2564 666/2686/2645
f 432/485/470 2352/2606/2569 2356/2605/2568
f 68/289/278 283/337/324 69/2440/2407
f 68/289/278 69/2440/2407 2490/2697/2656
f 2490/2697/2656 69/2440/2407 284/325/312
f 2490/2697/2656 284/325/312 2430/2698/2657
f 286/328/315 284/325/312 285/327/314
f 284/325/312 69/2440/2407 207/248/237
f 207/248/237 70/326/313 284/325/312
f 2430/2698/2657 284/325/312 286/328/315
f 2205/2541/2506 2369/2491/2458 2204/2492/2459
f 2204/2492/2459 2369/2491/2458 2249/2490/2457
f 2394/2655/2616 358/542/527 2412/2654/2615
f 2394/2655/2616 2431/2679/2638 2432/2699/2658
f 2412/2654/2615 2431/2679/2638 2394/2655/2616
f 2376/2635/2596 350/2700/2659 2381/2642/2603
f 2433/2643/2604 349/2701/2660 2434/2702/2661
f 2434/2702/2661 349/2701/2660 348/393/378
f 2381/2642/2603 2433/2643/2604 2377/2637/2598
f 2433/2643/2604 2434/2702/2661 2382/2644/2605
f 2382/2644/2605 2434/2702/2661 2391/2652/2613
f 2434/2702/2661 348/393/378 2391/2652/2613
f 2391/2652/2613 348/393/378 346/590/575
f 2121/392/377 346/590/575 348/393/378
f 2417/2683/2642 2418/2596/2559 2435/2703/2662
f 2468/2704/2663 2435/2703/2662 2436/2705/2664
f 2438/2371/2338 2437/2706/2665 2439/2707/2666
f 2438/2371/2338 2440/2708/2667 2118/2370/2337
f 2418/2596/2559 2339/2598/2561 2435/2703/2662
f 2439/2707/2666 2435/2703/2662 529/2014/1986
f 2439/2707/2666 529/2014/1986 2440/2708/2667
f 2438/2371/2338 2439/2707/2666 2440/2708/2667
f 529/2014/1986 2435/2703/2662 530/2015/1987
f 531/2016/1988 530/2015/1987 2339/2598/2561
f 530/2015/1987 2435/2703/2662 2339/2598/2561
f 2439/2707/2666 2437/2706/2665 2436/2705/2664
f 2435/2703/2662 2439/2707/2666 2436/2705/2664
f 542/608/593 2441/2709/2668 2442/2710/2669
f 2443/2711/2670 2783/2712/2671 2444/611/596
f 2445/2713/2672 2448/2714/2673 2456/2715/2674
f 2449/2716/2675 2457/2717/2676 2525/2718/2677
f 2525/2718/2677 2457/2717/2676 2451/641/626
f 2455/2719/2678 2535/2720/2679 2452/2721/2680
f 609/677/662 2456/2715/2674 608/671/656
f 608/671/656 2453/676/661 603/672/657
f 582/647/632 2453/676/661 2454/645/630
f 2452/2721/2680 2535/2720/2679 2453/676/661
f 2452/2721/2680 2453/676/661 608/671/656
f 2452/2721/2680 608/671/656 2456/2715/2674
f 2454/645/630 2535/2720/2679 580/643/628
f 2453/676/661 2535/2720/2679 2454/645/630
f 584/648/633 2453/676/661 583/649/634
f 2451/641/626 579/642/627 580/643/628
f 2446/2722/2681 2445/2713/2672 2456/2715/2674
f 2447/2723/2682 2456/2715/2674 609/677/662
f 610/623/608 2447/2723/2682 609/677/662
f 2447/2723/2682 2446/2722/2681 2456/2715/2674
f 599/665/650 592/658/643 2441/2709/2668
f 577/639/624 2450/2724/2683 578/640/625
f 2457/2717/2676 2441/2709/2668 2451/641/626
f 590/656/641 2441/2709/2668 592/658/643
f 590/656/641 2451/641/626 2441/2709/2668
f 2451/641/626 590/656/641 2450/2724/2683
f 2450/2724/2683 590/656/641 578/640/625
f 2442/2710/2669 2441/2709/2668 2457/2717/2676
f 2449/2716/2675 2448/2714/2673 2458/2725/2684
f 2458/2725/2684 2448/2714/2673 2445/2713/2672
f 2442/2710/2669 2457/2717/2676 2449/2716/2675
f 2442/2710/2669 2449/2716/2675 2783/2712/2671
f 777/858/843 308/352/337 1664/1841/1823
f 1664/1841/1823 308/352/337 1663/354/339
f 308/352/337 2459/351/336 307/350/335
f 1662/2726/2685 387/355/340 309/441/426
f 1662/2726/2685 2531/1840/1822 387/355/340
f 1661/2727/2686 309/441/426 1645/461/446
f 1645/461/446 1644/1822/1804 1661/2727/2686
f 1661/2727/2686 1662/2726/2685 309/441/426
f 1655/1828/1810 1664/1841/1823 1648/1831/1813
f 1664/1841/1823 1655/1828/1810 777/858/843
f 777/858/843 778/859/844 2459/351/336
f 777/858/843 2459/351/336 308/352/337
f 200/244/233 50/323/310 202/190/188
f 51/58/58 202/190/188 50/323/310
f 167/197/193 169/199/195 255/196/192
f 2309/2563/2528 2205/2541/2506 2206/2453/2420
f 2462/2728/2687 2494/2729/2688 2463/2730/2689
f 2463/2730/2689 2494/2729/2688 330/380/365
f 2376/2635/2596 2375/2634/2595 350/2700/2659
f 350/2700/2659 2375/2634/2595 351/395/380
f 351/395/380 2464/2731/2690 350/2700/2659
f 350/2700/2659 2464/2731/2690 349/2701/2660
f 349/2701/2660 2464/2731/2690 2467/2732/2691
f 2467/2732/2691 2464/2731/2690 2468/2704/2663
f 2120/2376/2343 2465/2733/2692 2119/2374/2341
f 2467/2732/2691 2468/2704/2663 2465/2733/2692
f 349/2701/2660 2467/2732/2691 347/394/379
f 347/394/379 348/393/378 349/2701/2660
f 347/394/379 2467/2732/2691 2120/2376/2343
f 2120/2376/2343 2467/2732/2691 2465/2733/2692
f 2464/2731/2690 351/395/380 2417/2683/2642
f 2464/2731/2690 2417/2683/2642 2468/2704/2663
f 2468/2704/2663 2436/2705/2664 2466/2734/2693
f 2466/2734/2693 2437/2706/2665 2119/2374/2341
f 2119/2374/2341 2465/2733/2692 2466/2734/2693
f 2466/2734/2693 2465/2733/2692 2468/2704/2663
f 2466/2734/2693 2436/2705/2664 2437/2706/2665
f 2438/2371/2338 2469/2373/2340 2437/2706/2665
f 2469/2373/2340 2119/2374/2341 2437/2706/2665
f 2468/2704/2663 2417/2683/2642 2435/2703/2662
f 541/607/592 599/665/650 542/608/593
f 544/2735/2694 542/608/593 2442/2710/2669
f 544/2735/2694 2444/611/596 2782/610/595
f 2103/2736/2695 2444/611/596 2458/2725/2684
f 545/2737/2696 2103/2736/2695 2445/2713/2672
f 2471/615/600 2472/2738/2697 611/679/664
f 2447/2723/2682 611/679/664 2472/2738/2697
f 2472/2738/2697 2446/2722/2681 2447/2723/2682
f 2472/2738/2697 2470/614/599 2446/2722/2681
f 2472/2738/2697 2471/615/600 2470/614/599
f 2446/2722/2681 2470/614/599 2445/2713/2672
f 550/2328/2295 2476/2739/2698 551/2319/2286
f 550/2328/2295 551/2319/2286 2072/2322/2289
f 551/2319/2286 2476/2739/2698 2477/2740/2699
f 2477/2740/2699 2479/2741/2700 2478/2742/2701
f 551/2319/2286 2477/2740/2699 552/619/604
f 2479/2741/2700 2480/2743/2702 2478/2742/2701
f 2478/2742/2701 2480/2743/2702 3003/1508/1493
f 2477/2740/2699 2476/2739/2698 2479/2741/2700
f 3003/1508/1493 614/1507/1492 2478/2742/2701
f 2476/2739/2698 2475/2744/2703 2479/2741/2700
f 2479/2741/2700 2475/2744/2703 2480/2743/2702
f 2471/615/600 2482/2745/2704 2473/2746/2705
f 611/679/664 612/680/665 2471/615/600
f 2471/615/600 612/680/665 2482/2745/2704
f 2473/2746/2705 2482/2745/2704 2474/2747/2706
f 2474/2747/2706 2481/2748/2707 2480/2743/2702
f 2481/2748/2707 2474/2747/2706 2482/2745/2704
f 2480/2743/2702 2481/2748/2707 3003/1508/1493
f 2482/2745/2704 612/680/665 613/2749/2708
f 2482/2745/2704 613/2749/2708 2481/2748/2707
f 613/2749/2708 3003/1508/1493 2481/2748/2707
f 2473/2746/2705 547/616/601 546/613/598
f 2476/2739/2698 2073/2321/2288 549/2326/2293
f 2475/2744/2703 547/616/601 2480/2743/2702
f 2475/2744/2703 549/2326/2293 547/616/601
f 548/2324/2291 547/616/601 549/2326/2293
f 2476/2739/2698 550/2328/2295 2073/2321/2288
f 2476/2739/2698 549/2326/2293 2475/2744/2703
f 2470/614/599 545/2737/2696 2445/2713/2672
f 2480/2743/2702 547/616/601 2474/2747/2706
f 2474/2747/2706 547/616/601 2473/2746/2705
f 2473/2746/2705 546/613/598 2471/615/600
f 2444/611/596 544/2735/2694 2443/2711/2670
f 2443/2711/2670 544/2735/2694 2442/2710/2669
f 2441/2709/2668 542/608/593 599/665/650
f 544/2735/2694 543/609/594 542/608/593
f 2486/2750/2709 2487/2751/2710 2488/2752/2711
f 2484/302/291 2485/2753/2712 291/303/292
f 291/303/292 2485/2753/2712 2489/334/321
f 2490/2697/2656 2488/2752/2711 2487/2751/2710
f 2490/2697/2656 2487/2751/2710 2491/2754/2713
f 2490/2697/2656 2491/2754/2713 68/289/278
f 2430/2698/2657 2488/2752/2711 2490/2697/2656
f 2487/2751/2710 2486/2750/2709 2492/290/279
f 2484/302/291 2483/2755/2714 2485/2753/2712
f 2485/2753/2712 2483/2755/2714 2486/2750/2709
f 2486/2750/2709 2483/2755/2714 2492/290/279
f 2487/2751/2710 2492/290/279 2491/2754/2713
f 2430/2698/2657 286/328/315 2488/2752/2711
f 2483/2755/2714 2484/302/291 247/291/280
f 2483/2755/2714 247/291/280 2492/290/279
f 68/289/278 2491/2754/2713 246/288/277
f 246/288/277 2491/2754/2713 2492/290/279
f 326/411/396 327/378/363 2460/2756/2715
f 2460/2756/2715 327/378/363 2493/2757/2716
f 2493/2757/2716 327/378/363 328/377/362
f 2493/2757/2716 328/377/362 2494/2729/2688
f 328/377/362 330/380/365 2494/2729/2688
f 2494/2729/2688 2462/2728/2687 2493/2757/2716
f 2493/2757/2716 2461/2758/2717 2460/2756/2715
f 2461/2758/2717 2493/2757/2716 2462/2728/2687
f 1698/466/451 2495/2759/2718 1699/1891/1873
f 326/411/396 2495/2759/2718 1698/466/451
f 2155/412/397 2496/2760/2719 2154/2404/2371
f 2499/2761/2720 2500/2762/2721 2150/2400/2367
f 2498/448/433 2499/2761/2720 2497/2763/2722
f 2498/448/433 2497/2763/2722 393/447/432
f 2499/2761/2720 2153/2405/2372 2497/2763/2722
f 2497/2763/2722 2153/2405/2372 2154/2404/2371
f 2497/2763/2722 2154/2404/2371 2496/2760/2719
f 2155/412/397 2502/413/398 2496/2760/2719
f 2497/2763/2722 2496/2760/2719 2501/416/401
f 2501/416/401 2502/413/398 324/414/399
f 324/414/399 2502/413/398 325/467/452
f 2501/416/401 2496/2760/2719 2502/413/398
f 2497/2763/2722 2501/416/401 393/447/432
f 368/417/402 393/447/432 2501/416/401
f 1805/2009/1981 1804/2019/1991 1810/2003/1975
f 573/634/619 2356/2605/2568 2503/2607/2570
f 2503/2607/2570 572/667/652 573/634/619
f 659/721/706 572/667/652 2503/2607/2570
f 659/721/706 2503/2607/2570 2355/2610/2573
f 571/669/654 572/667/652 659/721/706
f 571/669/654 659/721/706 569/633/618
f 569/633/618 659/721/706 658/630/615
f 658/630/615 2504/2764/2723 568/631/616
f 2505/719/704 2504/2764/2723 656/720/705
f 2793/2765/2724 655/627/612 654/738/723
f 655/627/612 2505/719/704 677/718/703
f 655/627/612 2793/2765/2724 567/628/613
f 2793/2765/2724 653/746/731 634/706/691
f 2793/2765/2724 654/738/723 653/746/731
f 2505/719/704 600/629/614 568/631/616
f 2505/719/704 655/627/612 600/629/614
f 569/633/618 570/668/653 571/669/654
f 2208/2452/2419 2309/2563/2528 2206/2453/2420
f 2156/410/395 2155/412/397 2154/2404/2371
f 2157/2406/2373 367/409/394 2156/410/395
f 2157/2406/2373 2151/2401/2368 414/545/530
f 414/545/530 2151/2401/2368 415/546/531
f 2506/407/392 414/545/530 365/2627/2588
f 414/545/530 2506/407/392 2157/2406/2373
f 2364/2624/2585 665/731/716 2365/2625/2586
f 665/731/716 2350/730/715 2365/2625/2586
f 2289/2543/2508 2271/2524/2491 2273/2526/2493
f 2291/2545/2510 2289/2543/2508 2273/2526/2493
f 2217/2466/2433 2278/2465/2432 2291/2545/2510
f 367/409/394 2157/2406/2373 2506/407/392
f 531/2016/1988 1806/2012/1984 1808/2017/1989
f 531/2016/1988 1808/2017/1989 530/2015/1987
f 530/2015/1987 1808/2017/1989 1800/2006/1978
f 529/2014/1986 1800/2006/1978 528/599/584
f 309/441/426 388/442/427 405/459/444
f 405/459/444 403/457/442 309/441/426
f 2291/2545/2510 2273/2526/2493 2507/2766/2725
f 2508/2504/2471 2218/2767/2726 2217/2466/2433
f 2508/2504/2471 2217/2466/2433 2507/2766/2725
f 2507/2766/2725 2217/2466/2433 2291/2545/2510
f 2273/2526/2493 2272/2525/2492 2259/2528/2495
f 2273/2526/2493 2259/2528/2495 2507/2766/2725
f 2507/2766/2725 2260/2503/2470 2508/2504/2471
f 2508/2504/2471 2219/2469/2436 2218/2767/2726
f 2838/2768/2727 2260/2503/2470 2258/2527/2494
f 2258/2527/2494 2260/2503/2470 2259/2528/2495
f 2507/2766/2725 2259/2528/2495 2260/2503/2470
f 2395/2670/2631 2394/2655/2616 2432/2699/2658
f 2432/2699/2658 2509/2681/2640 2510/2658/2619
f 2432/2699/2658 2406/2657/2618 2395/2670/2631
f 2406/2657/2618 2432/2699/2658 2510/2658/2619
f 2381/2642/2603 350/2700/2659 349/2701/2660
f 349/2701/2660 2433/2643/2604 2381/2642/2603
f 666/2686/2645 2421/2687/2646 2426/729/714
f 2426/729/714 2511/2688/2647 2349/727/712
f 663/726/711 664/728/713 2512/2694/2653
f 663/726/711 2512/2694/2653 2518/2769/2728
f 2518/2769/2728 2512/2694/2653 1032/2693/2652
f 2515/1157/1142 2516/2770/2729 2514/2771/2730
f 2517/2772/2731 674/743/728 675/745/730
f 674/743/728 2519/740/725 673/742/727
f 2513/2773/2732 2517/2772/2731 675/745/730
f 2513/2773/2732 675/745/730 662/725/710
f 2513/2773/2732 662/725/710 2518/2769/2728
f 662/725/710 663/726/711 2518/2769/2728
f 2519/740/725 674/743/728 2517/2772/2731
f 2519/740/725 2517/2772/2731 2514/2771/2730
f 2519/740/725 2514/2771/2730 2516/2770/2729
f 2515/1157/1142 1025/1146/1131 2520/2774/2733
f 2515/1157/1142 2520/2774/2733 2516/2770/2729
f 1025/1146/1131 646/756/741 2520/2774/2733
f 665/731/716 666/2686/2645 2426/729/714
f 2348/2602/2565 2350/730/715 2349/727/712
f 330/380/365 2521/2775/2734 2463/2730/2689
f 2463/2730/2689 2530/2776/2735 2462/2728/2687
f 2462/2728/2687 2530/2776/2735 2522/2777/2736
f 2788/2778/2737 2789/2779/2738 1702/1884/1866
f 2788/2778/2737 2523/1882/1864 2461/2758/2717
f 2524/2780/2739 2495/2759/2718 2460/2756/2715
f 2461/2758/2717 2524/2780/2739 2460/2756/2715
f 2522/2777/2736 2788/2778/2737 2461/2758/2717
f 2462/2728/2687 2522/2777/2736 2461/2758/2717
f 2460/2756/2715 2495/2759/2718 326/411/396
f 2788/2778/2737 1702/1884/1866 2523/1882/1864
f 1516/1707/1689 325/467/452 1698/466/451
f 325/467/452 1516/1707/1689 324/414/399
f 2450/2724/2683 577/639/624 2451/641/626
f 2449/2716/2675 2525/2718/2677 2455/2719/2678
f 2348/2602/2565 2365/2625/2586 2350/730/715
f 2426/729/714 2428/2696/2655 2511/2688/2647
f 2517/2772/2731 2513/2773/2732 2514/2771/2730
f 2514/2771/2730 1031/1158/1143 1026/1156/1141
f 2514/2771/2730 1026/1156/1141 2515/1157/1142
f 2514/2771/2730 2513/2773/2732 1031/1158/1143
f 1032/2693/2652 1031/1158/1143 2513/2773/2732
f 2513/2773/2732 2518/2769/2728 1032/2693/2652
f 664/728/713 2349/727/712 2511/2688/2647
f 660/722/707 676/723/708 2526/744/729
f 657/2781/2740 658/630/615 660/722/707
f 657/2781/2740 660/722/707 2526/744/729
f 657/2781/2740 2526/744/729 673/742/727
f 2280/2537/2502 2282/2539/2504 2286/2542/2507
f 2521/2775/2734 2527/2782/2741 2530/2776/2735
f 2529/1886/1868 2790/1885/1867 2773/2783/2742
f 2773/2783/2742 2790/1885/1867 2789/2779/2738
f 2788/2778/2737 2530/2776/2735 2528/2784/2743
f 2528/2784/2743 2530/2776/2735 2527/2782/2741
f 2530/2776/2735 2463/2730/2689 2521/2775/2734
f 331/2669/2630 2521/2775/2734 330/380/365
f 2528/2784/2743 2773/2783/2742 2789/2779/2738
f 2432/2699/2658 2431/2679/2638 2413/2680/2639
f 2150/2400/2367 2152/2402/2369 2499/2761/2720
f 2499/2761/2720 2152/2402/2369 2153/2405/2372
f 1802/2018/1990 1801/1998/1970 1808/2017/1989
f 2780/2002/1974 1798/2004/1976 543/609/594
f 1649/1832/1814 2531/1840/1822 1662/2726/2685
f 1649/1832/1814 1662/2726/2685 1661/2727/2686
f 2420/2684/2643 776/855/840 2425/2685/2644
f 2420/2684/2643 2425/2685/2644 2421/2687/2646
f 2421/2687/2646 2425/2685/2644 2422/2689/2648
f 2422/2689/2648 772/851/836 2423/2690/2649
f 2533/1161/1146 2534/1151/1136 2532/1160/1145
f 2532/1160/1145 2534/1151/1136 2423/2690/2649
f 2423/2690/2649 2534/1151/1136 2424/2691/2650
f 2422/2689/2648 773/852/837 772/851/836
f 2423/2690/2649 772/851/836 2532/1160/1145
f 773/852/837 2422/2689/2648 2425/2685/2644
f 2533/1161/1146 1008/1153/1138 2534/1151/1136
f 577/639/624 576/638/623 579/642/627
f 2525/2718/2677 2535/2720/2679 2455/2719/2678
f 2525/2718/2677 2451/641/626 2535/2720/2679
f 2535/2720/2679 2451/641/626 580/643/628
f 2772/2519/2486 2360/2676/2635 2777/2502/2469
f 166/194/190 260/304/293 2536/195/191
f 2537/2785/2744 2538/2786/2745 2919/2787/2746
f 253/296/285 260/304/293 166/194/190
f 165/204/200 2536/195/191 2917/2788/2747
f 172/209/205 2539/2789/2748 2540/2790/2749
f 2543/205/201 2545/2791/2750 2544/89/88
f 2544/89/88 2545/2791/2750 2546/2792/2751
f 81/90/89 2544/89/88 2547/92/91
f 2547/92/91 2548/2793/2752 83/93/92
f 83/93/92 2548/2793/2752 84/2794/2753
f 84/2794/2753 2548/2793/2752 2549/2795/2754
f 2549/2795/2754 2548/2793/2752 2766/2796/2755
f 2549/2795/2754 2766/2796/2755 2989/2797/2756
f 2550/2798/2757 2551/2799/2758 2224/2512/2479
f 2224/2512/2479 2551/2799/2758 2223/2513/2480
f 2221/2800/2759 2554/2801/2760 2555/2802/2761
f 2556/2803/2762 2555/2802/2761 2756/2804/2763
f 2559/2805/2764 2743/2806/2765 2960/2807/2766
f 2960/2807/2766 2743/2806/2765 2560/2808/2767
f 3233/2809/2768 2561/2810/2769 2562/2811/2770
f 2563/2812/2771 2741/2813/2772 2564/2814/2773
f 3237/2815/2774 123/137/136 2566/136/135
f 2596/2816/2775 122/133/132 2567/2817/2776
f 2597/2818/2777 2567/2817/2776 2568/135/134
f 2571/2819/2778 2570/2820/2779 2572/2821/2780
f 2573/2822/2781 2711/2823/2782 2574/2824/2783
f 2575/2825/2784 2574/2824/2783 3219/2826/2785
f 2592/2827/2786 2576/2828/2787 2713/2829/2788
f 2592/2827/2786 2713/2829/2788 2714/2830/2789
f 2577/2831/2790 2578/2832/2791 2579/2833/2792
f 2581/2834/2793 2580/2835/2794 2582/2836/2795
f 2582/2836/2795 2583/2837/2796 2956/2838/2797
f 2585/2839/2798 2586/2840/2799 2228/2477/2444
f 2228/2477/2444 2586/2840/2799 2587/2475/2442
f 2572/2821/2780 3220/2841/2800 2588/2842/2801
f 2591/2843/2802 2592/2827/2786 2577/2831/2790
f 2576/2828/2787 2592/2827/2786 2593/2844/2803
f 2594/2845/2804 2590/2846/2805 3220/2841/2800
f 3220/2841/2800 2573/2822/2781 2594/2845/2804
f 2594/2845/2804 2573/2822/2781 2574/2824/2783
f 2590/2846/2805 2594/2845/2804 2593/2844/2803
f 2592/2827/2786 2591/2843/2802 2590/2846/2805
f 2592/2827/2786 2590/2846/2805 2593/2844/2803
f 2571/2819/2778 2588/2842/2801 3239/2847/2806
f 3239/2847/2806 2595/2848/2807 2597/2818/2777
f 2596/2816/2775 2595/2848/2807 3237/2815/2774
f 2596/2816/2775 3237/2815/2774 2566/136/135
f 2596/2816/2775 2597/2818/2777 2595/2848/2807
f 2596/2816/2775 2567/2817/2776 2597/2818/2777
f 2597/2818/2777 2571/2819/2778 3239/2847/2806
f 2597/2818/2777 2568/135/134 2571/2819/2778
f 2569/2849/2808 2570/2820/2779 2571/2819/2778
f 2569/2849/2808 2571/2819/2778 2568/135/134
f 2572/2821/2780 2588/2842/2801 2571/2819/2778
f 2552/2850/2809 2553/2851/2810 2265/2516/2483
f 2223/2513/2480 2750/2852/2811 2222/2515/2482
f 2222/2515/2482 2750/2852/2811 2265/2516/2483
f 2553/2851/2810 2755/2853/2812 2839/2854/2813
f 2923/2855/2814 2556/2803/2762 2598/2856/2815
f 2600/2857/2816 2598/2856/2815 2599/2858/2817
f 2600/2857/2816 2599/2858/2817 2601/2859/2818
f 2630/2860/2819 2965/2861/2820 2603/2862/2821
f 2630/2860/2819 2603/2862/2821 2629/2863/2822
f 2629/2863/2822 2603/2862/2821 2604/2864/2823
f 2606/2865/2824 2613/2866/2825 2614/2867/2826
f 2604/2864/2823 2614/2867/2826 2612/2868/2827
f 2614/2867/2826 2605/2869/2828 2606/2865/2824
f 2607/2870/2829 2611/2871/2830 2229/2478/2445
f 2229/2478/2445 2611/2871/2830 2606/2865/2824
f 2607/2870/2829 2608/2480/2447 2609/2559/2524
f 2609/2559/2524 2610/2872/2831 2607/2870/2829
f 2607/2870/2829 2610/2872/2831 2611/2871/2830
f 2606/2865/2824 2611/2871/2830 2613/2866/2825
f 2614/2867/2826 2613/2866/2825 2615/2873/2832
f 2301/2551/2516 2310/2456/2423 2616/2552/2517
f 2211/2459/2426 2618/2874/2833 2619/2875/2834
f 2281/2538/2503 2278/2465/2432 2622/2876/2835
f 2623/2877/2836 2216/2464/2431 2624/2468/2435
f 2624/2468/2435 2625/2467/2434 2219/2469/2436
f 2219/2469/2436 2625/2467/2434 2218/2767/2726
f 2218/2767/2726 2625/2467/2434 2217/2466/2433
f 2216/2464/2431 2623/2877/2836 2621/2461/2428
f 2626/2878/2837 2627/2879/2838 2923/2855/2814
f 2220/2470/2437 2261/2471/2438 2221/2800/2759
f 2923/2855/2814 2627/2879/2838 2556/2803/2762
f 2621/2461/2428 2623/2877/2836 2620/2880/2839
f 2625/2467/2434 2622/2876/2835 2278/2465/2432
f 2622/2876/2835 2625/2467/2434 2216/2464/2431
f 2216/2464/2431 2625/2467/2434 2624/2468/2435
f 2281/2538/2503 2622/2876/2835 2216/2464/2431
f 2310/2456/2423 2209/2455/2422 2628/2881/2840
f 2614/2867/2826 2615/2873/2832 2612/2868/2827
f 2628/2881/2840 2617/2457/2424 2629/2863/2822
f 2629/2863/2822 2617/2457/2424 2630/2860/2819
f 2612/2868/2827 2615/2873/2832 2616/2552/2517
f 2628/2881/2840 2616/2552/2517 2310/2456/2423
f 2612/2868/2827 2616/2552/2517 2628/2881/2840
f 2615/2873/2832 2302/2553/2518 2616/2552/2517
f 2302/2553/2518 2802/2555/2520 2303/2554/2519
f 2615/2873/2832 2802/2555/2520 2302/2553/2518
f 2628/2881/2840 2629/2863/2822 2612/2868/2827
f 2612/2868/2827 2629/2863/2822 2604/2864/2823
f 84/2882/2753 2631/2883/2841 2998/94/93
f 2998/94/93 2631/2883/2841 85/95/94
f 85/95/94 2631/2883/2841 2632/2884/2842
f 2708/2885/2843 3219/2826/2785 2710/2886/2844
f 2635/2887/2845 3227/2888/2846 2636/2889/2847
f 2636/2889/2847 3227/2888/2846 2637/2890/2848
f 2639/2891/2849 3226/2892/2850 2640/2893/2851
f 2640/2893/2851 2641/2894/2852 3614/2895/2853
f 2647/2896/2854 2648/944/929 857/1031/1016
f 2649/2897/2855 2650/2898/2856 3609/2899/2857
f 3609/2899/2857 2650/2898/2856 2704/2900/2858
f 2667/2901/2859 2652/2902/2860 3866/2903/2861
f 2667/2901/2859 3866/2903/2861 2653/2904/2862
f 2655/2905/2863 842/936/921 2656/935/920
f 2706/2906/2864 2656/935/920 3589/2907/2865
f 2659/2908/2866 3589/2907/2865 2657/2909/2867
f 2657/2909/2867 2658/2910/2868 2659/2908/2866
f 2659/2908/2866 2658/2910/2868 1229/1384/1369
f 1228/1382/1367 1229/1384/1369 1230/1383/1368
f 1228/1382/1367 2660/2911/2869 2661/2912/2870
f 2661/2912/2870 2660/2911/2869 2700/2913/2871
f 2661/2912/2870 2700/2913/2871 2662/2914/2872
f 2665/2915/2873 2666/2916/2874 2667/2901/2859
f 2667/2901/2859 2653/2904/2862 2668/2917/2875
f 2665/2915/2873 2668/2917/2875 2669/2918/2876
f 2665/2915/2873 2669/2918/2876 2664/2919/2877
f 2664/2919/2877 2669/2918/2876 3738/2920/2878
f 3738/2920/2878 3737/2921/2879 2664/2919/2877
f 2665/2915/2873 2667/2901/2859 2668/2917/2875
f 2653/2904/2862 2654/2922/2880 2668/2917/2875
f 2668/2917/2875 2654/2922/2880 2655/2905/2863
f 2655/2905/2863 2656/935/920 2670/2923/2881
f 2670/2923/2881 2656/935/920 2706/2906/2864
f 2690/2924/2882 2674/2925/2883 2675/2926/2884
f 2680/2927/2885 1215/1366/1351 2681/1367/1352
f 2680/2927/2885 2681/1367/1352 2692/2928/2886
f 2692/2928/2886 2699/2929/2887 2682/2930/2888
f 2691/2931/2889 2684/2932/2890 2685/2933/2891
f 2688/2934/2892 2687/2935/2893 3604/2936/2894
f 2688/2934/2892 2662/2914/2872 2689/2937/2895
f 2689/2937/2895 2700/2913/2871 2673/2938/2896
f 2689/2937/2895 2673/2938/2896 2690/2924/2882
f 2690/2924/2882 2673/2938/2896 2674/2925/2883
f 2689/2937/2895 2690/2924/2882 2687/2935/2893
f 2687/2935/2893 2688/2934/2892 2689/2937/2895
f 2687/2935/2893 2690/2924/2882 2675/2926/2884
f 2687/2935/2893 2675/2926/2884 2676/2939/2897
f 2687/2935/2893 2676/2939/2897 2677/2940/2898
f 2636/2889/2847 2691/2931/2889 2682/2930/2888
f 2692/2928/2886 2682/2930/2888 2691/2931/2889
f 2693/2941/2899 2676/2939/2897 2694/2942/2900
f 2676/2939/2897 2693/2941/2899 2677/2940/2898
f 2679/2943/2901 1214/1364/1349 1215/1366/1351
f 2680/2927/2885 2679/2943/2901 1215/1366/1351
f 2692/2928/2886 2681/1367/1352 2699/2929/2887
f 2682/2930/2888 2699/2929/2887 2695/2944/2902
f 2696/2945/2903 2682/2930/2888 3188/2946/2904
f 3188/2946/2904 2682/2930/2888 2695/2944/2902
f 2698/2947/2905 1218/1372/1357 1219/1369/1354
f 2697/2948/2906 2699/2929/2887 2681/1367/1352
f 2695/2944/2902 2699/2929/2887 3188/2946/2904
f 2697/2948/2906 1217/1373/1358 2698/2947/2905
f 2698/2947/2905 1217/1373/1358 1218/1372/1357
f 1217/1373/1358 2697/2948/2906 1216/1368/1353
f 1216/1368/1353 2697/2948/2906 2681/1367/1352
f 2682/2930/2888 2696/2945/2903 2636/2889/2847
f 2701/2949/2907 2688/2934/2892 3605/2950/2908
f 3737/2921/2879 2701/2949/2907 3817/2951/2909
f 2664/2919/2877 3817/2951/2909 2702/2952/2910
f 2702/2952/2910 2703/2953/2911 2666/2916/2874
f 2703/2953/2911 2705/2954/2912 2666/2916/2874
f 2651/2955/2913 2705/2954/2912 2704/2900/2858
f 2651/2955/2913 2652/2902/2860 2705/2954/2912
f 2705/2954/2912 2652/2902/2860 2667/2901/2859
f 2705/2954/2912 2667/2901/2859 2666/2916/2874
f 2666/2916/2874 2665/2915/2873 2702/2952/2910
f 2664/2919/2877 3737/2921/2879 3817/2951/2909
f 2664/2919/2877 2702/2952/2910 2665/2915/2873
f 2701/2949/2907 3737/2921/2879 2663/2956/2914
f 2701/2949/2907 2663/2956/2914 2688/2934/2892
f 2689/2937/2895 2662/2914/2872 2700/2913/2871
f 2700/2913/2871 2672/2957/2915 2673/2938/2896
f 2660/2911/2869 2672/2957/2915 2700/2913/2871
f 1226/2958/2916 2672/2957/2915 2660/2911/2869
f 1226/2958/2916 1228/1382/1367 1227/1381/1366
f 2660/2911/2869 1228/1382/1367 1226/2958/2916
f 1229/1384/1369 1228/1382/1367 2659/2908/2866
f 2659/2908/2866 1228/1382/1367 2661/2912/2870
f 2659/2908/2866 2661/2912/2870 2671/2959/2917
f 2659/2908/2866 2671/2959/2917 2706/2906/2864
f 2706/2906/2864 3589/2907/2865 2659/2908/2866
f 2645/2960/2918 2646/2961/2919 2649/2897/2855
f 2649/2897/2855 2644/2962/2920 2645/2960/2918
f 3179/2963/2921 2710/2886/2844 2711/2823/2782
f 89/99/98 88/98/97 1053/1182/1167
f 89/99/98 1051/1178/1163 1052/1177/1162
f 89/99/98 1052/1177/1162 86/96/95
f 84/2794/2753 2549/2795/2754 2631/2964/2841
f 2632/2965/2842 2631/2964/2841 2993/2966/2922
f 2577/2831/2790 2714/2830/2789 2992/2967/2923
f 2992/2967/2923 2714/2830/2789 2991/2968/2924
f 2992/2967/2923 2991/2968/2924 2715/2969/2925
f 2716/2970/2926 2949/2971/2927 2262/2508/2475
f 2949/2971/2927 2226/2474/2441 2227/2506/2473
f 2549/2795/2754 2993/2966/2922 2631/2964/2841
f 2717/2972/2928 2542/2973/2929 2735/2974/2930
f 2852/2975/2931 2542/2973/2929 2717/2972/2928
f 2545/2791/2750 2852/2975/2931 2717/2972/2928
f 2719/2976/2932 2718/2977/2933 2720/2978/2934
f 2722/2979/2935 2721/2980/2936 2737/2981/2937
f 2745/139/138 2722/2979/2935 2723/2982/2938
f 2740/2983/2939 3048/2984/2940 2724/2985/2941
f 3274/124/123 2724/2985/2941 125/122/121
f 125/122/121 3082/2986/2942 127/142/141
f 151/163/162 127/142/141 2725/2987/2943
f 2726/2988/2944 2725/2987/2943 2727/2989/2945
f 2726/2988/2944 289/335/322 2888/2990/2946
f 289/335/322 2878/333/320 2886/332/319
f 290/336/323 2727/2989/2945 2919/2787/2746
f 2919/2787/2746 2728/2991/2947 2729/2992/2948
f 2731/2993/2949 2732/2994/2950 2733/2995/2951
f 2734/2996/2952 2733/2995/2951 2735/2974/2930
f 2919/2787/2746 2727/2989/2945 2728/2991/2947
f 2732/2994/2950 2723/2982/2938 2737/2981/2937
f 2732/2994/2950 2731/2993/2949 2736/2997/2953
f 2736/2997/2953 2731/2993/2949 2730/2998/2954
f 2736/2997/2953 2730/2998/2954 2729/2992/2948
f 2733/2995/2951 2737/2981/2937 2720/2978/2934
f 2718/2977/2933 2717/2972/2928 2735/2974/2930
f 2718/2977/2933 2735/2974/2930 2733/2995/2951
f 2737/2981/2937 2733/2995/2951 2732/2994/2950
f 2721/2980/2936 2720/2978/2934 2737/2981/2937
f 2718/2977/2933 2733/2995/2951 2720/2978/2934
f 2717/2972/2928 2718/2977/2933 2545/2791/2750
f 2718/2977/2933 2546/2792/2751 2545/2791/2750
f 2738/170/169 151/163/162 2739/2999/2955
f 2739/2999/2955 2726/2988/2944 2888/2990/2946
f 151/163/162 2725/2987/2943 2739/2999/2955
f 2723/2982/2938 2740/2983/2939 2745/139/138
f 2722/2979/2935 2745/139/138 2741/2813/2772
f 2741/2813/2772 2562/2811/2770 2769/3000/2956
f 2742/3001/2957 2769/3000/2956 2561/2810/2769
f 2743/2806/2765 2559/2805/2764 2558/3002/2958
f 2560/2808/2767 2743/2806/2765 2744/3003/2959
f 2743/2806/2765 2754/3004/2960 2744/3003/2959
f 2754/3004/2960 2561/2810/2769 2744/3003/2959
f 2561/2810/2769 2769/3000/2956 2562/2811/2770
f 2562/2811/2770 2741/2813/2772 2563/2812/2771
f 2741/2813/2772 2745/139/138 2564/2814/2773
f 2722/2979/2935 2741/2813/2772 2721/2980/2936
f 2721/2980/2936 2746/3005/2961 2720/2978/2934
f 2720/2978/2934 2746/3005/2961 2747/3006/2962
f 2550/2798/2757 2766/2796/2755 2551/2799/2758
f 2551/2799/2758 2750/2852/2811 2223/2513/2480
f 2753/3007/2963 2754/3004/2960 2557/3008/2964
f 2558/3002/2958 2557/3008/2964 2754/3004/2960
f 2557/3008/2964 2756/2804/2763 2753/3007/2963
f 2753/3007/2963 2756/2804/2763 2752/3009/2965
f 2756/2804/2763 2557/3008/2964 2556/2803/2762
f 2752/3009/2965 2756/2804/2763 2555/2802/2761
f 2752/3009/2965 2555/2802/2761 2554/2801/2760
f 2554/2801/2760 2751/3010/2966 2752/3009/2965
f 2751/3010/2966 2755/2853/2812 2762/3011/2967
f 2558/3002/2958 2754/3004/2960 2743/2806/2765
f 2753/3007/2963 2752/3009/2965 2757/3012/2968
f 2757/3012/2968 2751/3010/2966 2762/3011/2967
f 2758/3013/2969 2764/3014/2970 2760/3015/2971
f 2760/3015/2971 2764/3014/2970 2759/3016/2972
f 2760/3015/2971 2759/3016/2972 2748/3017/2973
f 2748/3017/2973 2759/3016/2972 2767/3018/2974
f 2748/3017/2973 2767/3018/2974 2719/2976/2932
f 2760/3015/2971 2748/3017/2973 2747/3006/2962
f 2758/3013/2969 2761/3019/2975 2762/3011/2967
f 2753/3007/2963 2771/3020/2976 2763/3021/2977
f 2757/3012/2968 2771/3020/2976 2753/3007/2963
f 2753/3007/2963 2763/3021/2977 2754/3004/2960
f 2760/3015/2971 2747/3006/2962 2758/3013/2969
f 2757/3012/2968 2752/3009/2965 2751/3010/2966
f 2758/3013/2969 2553/2851/2810 2764/3014/2970
f 2764/3014/2970 2553/2851/2810 2552/2850/2809
f 2750/2852/2811 2552/2850/2809 2265/2516/2483
f 2552/2850/2809 2750/2852/2811 2765/3022/2978
f 2765/3022/2978 2764/3014/2970 2552/2850/2809
f 2553/2851/2810 2758/3013/2969 2762/3011/2967
f 2750/2852/2811 2551/2799/2758 2765/3022/2978
f 2550/2798/2757 2989/2797/2756 2766/2796/2755
f 2764/3014/2970 2768/3023/2979 2759/3016/2972
f 2749/3024/2980 2767/3018/2974 2547/92/91
f 2547/92/91 2767/3018/2974 2548/2793/2752
f 2766/2796/2755 2548/2793/2752 2768/3023/2979
f 2719/2976/2932 2767/3018/2974 2749/3024/2980
f 2768/3023/2979 2767/3018/2974 2759/3016/2972
f 2548/2793/2752 2767/3018/2974 2768/3023/2979
f 2718/2977/2933 2719/2976/2932 2546/2792/2751
f 2546/2792/2751 2719/2976/2932 2749/3024/2980
f 2546/2792/2751 2749/3024/2980 2547/92/91
f 2547/92/91 2544/89/88 2546/2792/2751
f 2719/2976/2932 2720/2978/2934 2748/3017/2973
f 2748/3017/2973 2720/2978/2934 2747/3006/2962
f 2721/2980/2936 2741/2813/2772 2769/3000/2956
f 2747/3006/2962 2761/3019/2975 2758/3013/2969
f 2746/3005/2961 2721/2980/2936 2770/3025/2981
f 2770/3025/2981 2721/2980/2936 2769/3000/2956
f 2770/3025/2981 2742/3001/2957 2771/3020/2976
f 2757/3012/2968 2762/3011/2967 2761/3019/2975
f 2742/3001/2957 2770/3025/2981 2769/3000/2956
f 2746/3005/2961 2770/3025/2981 2761/3019/2975
f 2761/3019/2975 2747/3006/2962 2746/3005/2961
f 2771/3020/2976 2761/3019/2975 2770/3025/2981
f 2771/3020/2976 2742/3001/2957 2763/3021/2977
f 2771/3020/2976 2757/3012/2968 2761/3019/2975
f 2742/3001/2957 2561/2810/2769 2763/3021/2977
f 2754/3004/2960 2763/3021/2977 2561/2810/2769
f 2724/2985/2941 124/140/139 2740/2983/2939
f 2740/2983/2939 124/140/139 2745/139/138
f 2271/2524/2491 2359/2621/2582 2272/2525/2492
f 2772/2519/2486 2272/2525/2492 2359/2621/2582
f 2521/2775/2734 331/2669/2630 332/381/366
f 2521/2775/2734 332/381/366 2527/2782/2741
f 2527/2782/2741 332/381/366 2528/2784/2743
f 2403/2666/2627 2408/2667/2628 2774/2659/2620
f 2402/2665/2626 2774/2659/2620 2401/2677/2636
f 2402/2665/2626 2401/2677/2636 334/3026/2982
f 335/2664/2625 334/3026/2982 2401/2677/2636
f 2774/2659/2620 2408/2667/2628 2407/2656/2617
f 2377/2637/2598 2433/2643/2604 2383/2645/2606
f 2377/2637/2598 2383/2645/2606 2385/2638/2599
f 2780/2002/1974 543/609/594 544/2735/2694
f 662/725/710 675/745/730 676/723/708
f 676/723/708 675/745/730 2526/744/729
f 674/743/728 673/742/727 2526/744/729
f 2360/2676/2635 2776/2529/2496 2777/2502/2469
f 2360/2676/2635 2772/2519/2486 2359/2621/2582
f 2310/2456/2423 2309/2563/2528 2208/2452/2419
f 2524/2780/2739 2461/2758/2717 2523/1882/1864
f 2524/2780/2739 2523/1882/1864 1701/1881/1863
f 2836/1702/1684 1701/1881/1863 2523/1882/1864
f 2524/2780/2739 1700/1892/1874 1699/1891/1873
f 1700/1892/1874 2524/2780/2739 1701/1881/1863
f 331/2669/2630 2402/2665/2626 2785/382/367
f 1697/1704/1686 1700/1892/1874 1706/1703/1685
f 1706/1703/1685 1700/1892/1874 1705/1701/1683
f 1706/1703/1685 1514/1705/1687 1697/1704/1686
f 2509/2681/2640 2413/2680/2639 2414/2648/2609
f 2150/2400/2367 2500/2762/2721 2778/2396/2363
f 2778/2396/2363 2500/2762/2721 2148/2397/2364
f 2500/2762/2721 2499/2761/2720 2498/448/433
f 392/420/405 2498/448/433 394/449/434
f 2500/2762/2721 392/420/405 391/446/431
f 2500/2762/2721 391/446/431 2148/2397/2364
f 2097/2353/2320 1797/2001/1973 2775/3027/2983
f 2775/3027/2983 1797/2001/1973 2780/2002/1974
f 2779/3028/2984 2104/2356/2323 2093/2348/2315
f 2779/3028/2984 2093/2348/2315 2099/2354/2321
f 2099/2354/2321 2093/2348/2315 2095/2355/2322
f 2099/2354/2321 2098/2352/2319 2779/3028/2984
f 2775/3027/2983 2779/3028/2984 2098/2352/2319
f 2775/3027/2983 2098/2352/2319 2097/2353/2320
f 2781/3029/2985 2780/2002/1974 2782/610/595
f 544/2735/2694 2782/610/595 2780/2002/1974
f 2443/2711/2670 2442/2710/2669 2783/2712/2671
f 2504/2764/2723 658/630/615 657/2781/2740
f 2504/2764/2723 657/2781/2740 673/742/727
f 673/742/727 656/720/705 2504/2764/2723
f 2504/2764/2723 2505/719/704 568/631/616
f 2304/2556/2521 2802/2555/2520 2784/2558/2523
f 2304/2556/2521 2784/2558/2523 2305/2572/2536
f 2785/382/367 2402/2665/2626 333/383/368
f 333/383/368 2402/2665/2626 334/3026/2982
f 2510/2658/2619 2415/2682/2641 2774/2659/2620
f 2415/2682/2641 2510/2658/2619 2509/2681/2640
f 2413/2680/2639 2509/2681/2640 2432/2699/2658
f 378/431/416 2164/432/417 377/429/414
f 372/423/408 374/426/411 2786/445/430
f 2786/445/430 377/429/414 2165/2410/2377
f 2165/2410/2377 377/429/414 2164/432/417
f 2786/445/430 374/426/411 377/429/414
f 377/429/414 374/426/411 376/428/413
f 582/647/632 601/646/631 583/649/634
f 2776/3030/2496 2360/2675/2635 2362/2623/2584
f 2256/2530/2467 2776/3030/2496 2234/2484/2451
f 2776/3030/2496 2362/2623/2584 2361/2486/2453
f 2776/3030/2496 2361/2486/2453 2234/2484/2451
f 2209/2455/2422 2208/2452/2419 2207/2454/2421
f 2207/2454/2421 2284/2540/2505 2212/2460/2427
f 2775/3027/2983 2781/3029/2985 2779/3028/2984
f 2781/3029/2985 2791/612/597 2787/2358/2325
f 2101/2357/2324 2792/3031/2986 2102/3032/2987
f 2792/3031/2986 2101/2357/2324 2787/2358/2325
f 2787/2358/2325 2779/3028/2984 2781/3029/2985
f 2779/3028/2984 2787/2358/2325 2104/2356/2323
f 2780/2002/1974 2781/3029/2985 2775/3027/2983
f 1649/1832/1814 1661/2727/2686 1643/1821/1803
f 1649/1832/1814 1643/1821/1803 1647/1827/1809
f 2449/2716/2675 2458/2725/2684 2783/2712/2671
f 2458/2725/2684 2444/611/596 2783/2712/2671
f 2458/2725/2684 2445/2713/2672 2103/2736/2695
f 2454/645/630 581/644/629 602/632/617
f 2282/2539/2504 2283/2671/2632 2286/2542/2507
f 2522/2777/2736 2530/2776/2735 2788/2778/2737
f 1702/1884/1866 2789/2779/2738 2790/1885/1867
f 2788/2778/2737 2528/2784/2743 2789/2779/2738
f 2790/1885/1867 2529/1886/1868 1703/1890/1872
f 2787/2358/2325 2791/612/597 2792/3031/2986
f 2781/3029/2985 2782/610/595 2791/612/597
f 2792/3031/2986 2444/611/596 2103/2736/2695
f 2444/611/596 2792/3031/2986 2791/612/597
f 2448/2714/2673 2449/2716/2675 2455/2719/2678
f 2456/2715/2674 2448/2714/2673 2452/2721/2680
f 2452/2721/2680 2448/2714/2673 2455/2719/2678
f 601/646/631 600/629/614 567/628/613
f 586/626/611 585/650/635 634/706/691
f 634/706/691 585/650/635 2793/2765/2724
f 567/628/613 583/649/634 601/646/631
f 567/628/613 2793/2765/2724 583/649/634
f 583/649/634 2793/2765/2724 585/650/635
f 588/652/637 587/651/636 566/625/610
f 566/625/610 587/651/636 586/626/611
f 165/204/200 2539/2789/2748 167/197/193
f 168/198/194 167/197/193 173/70/70
f 54/69/69 173/70/70 172/209/205
f 173/70/70 167/197/193 172/209/205
f 2440/2708/2667 529/2014/1986 2794/598/583
f 2794/598/583 529/2014/1986 528/599/584
f 2087/1997/1969 2105/1996/1968 2096/2340/2307
f 2087/1997/1969 2096/2340/2307 2083/2341/2308
f 407/463/448 408/462/447 1645/461/446
f 402/456/441 407/463/448 403/457/442
f 309/441/426 403/457/442 407/463/448
f 407/463/448 1645/461/446 309/441/426
f 2796/356/341 1644/1822/1804 310/357/342
f 2796/356/341 2853/3033/2988 1642/1839/1821
f 2796/356/341 1642/1839/1821 1660/1820/1802
f 1639/1816/1798 1617/1800/1782 1616/1799/1781
f 1617/1800/1782 1639/1816/1798 1618/1801/1783
f 1619/1802/1784 2795/1818/1800 1620/1765/1747
f 1619/1802/1784 1618/1801/1783 2795/1818/1800
f 2797/3034/2989 1642/1839/1821 1621/1804/1786
f 1621/1804/1786 1642/1839/1821 2853/3033/2988
f 1642/1839/1821 2797/3034/2989 1641/1819/1801
f 1640/1817/1799 2795/1818/1800 1618/1801/1783
f 1641/1819/1801 2797/3034/2989 2795/1818/1800
f 1569/1772/1754 2795/1818/1800 2797/3034/2989
f 1620/1765/1747 2795/1818/1800 1569/1772/1754
f 1621/1804/1786 1569/1772/1754 2797/3034/2989
f 1614/1823/1805 1615/1798/1780 2800/3035/2990
f 1614/1823/1805 2800/3035/2990 2801/3036/2991
f 1631/1812/1794 1632/1748/1730 2799/3037/2992
f 2799/3037/2992 2800/3035/2990 1615/1798/1780
f 1615/1798/1780 1631/1812/1794 2799/3037/2992
f 1615/1798/1780 1617/1800/1782 1631/1812/1794
f 2613/2866/2825 2802/2555/2520 2615/2873/2832
f 2613/2866/2825 2610/2872/2831 2784/2558/2523
f 2784/2558/2523 2610/2872/2831 2609/2559/2524
f 2610/2872/2831 2613/2866/2825 2611/2871/2830
f 2306/2561/2526 2305/2572/2536 2307/2557/2522
f 2307/2557/2522 2305/2572/2536 2784/2558/2523
f 2283/2671/2632 2281/2538/2503 2216/2464/2431
f 2283/2671/2632 2216/2464/2431 2215/2463/2430
f 2215/2463/2430 2214/2462/2429 2410/2673/2634
f 2410/2673/2634 2214/2462/2429 2213/3038/2993
f 2410/2673/2634 2213/3038/2993 2212/2460/2427
f 2440/2708/2667 2794/598/583 2118/2370/2337
f 1643/1821/1803 1661/2727/2686 1644/1822/1804
f 1568/1811/1793 1617/1800/1782 1619/1802/1784
f 656/720/705 673/742/727 648/741/726
f 677/718/703 656/720/705 650/739/724
f 650/739/724 656/720/705 648/741/726
f 257/299/288 291/303/292 2538/2786/2745
f 260/304/293 2538/2786/2745 2537/2785/2744
f 2410/2673/2634 2409/2672/2633 2215/2463/2430
f 2215/2463/2430 2409/2672/2633 2283/2671/2632
f 1515/1706/1688 2803/3039/2994 2804/1708/1690
f 2804/1708/1690 2803/3039/2994 1518/1710/1692
f 2804/1708/1690 1518/1710/1692 1517/1709/1691
f 2804/1708/1690 1516/1707/1689 1515/1706/1688
f 323/415/400 1517/1709/1691 1518/1710/1692
f 1518/1710/1692 2803/3039/2994 1519/1711/1693
f 2805/3040/2995 2799/3037/2992 1672/3041/2996
f 2805/3040/2995 1672/3041/2996 1671/3042/2997
f 2806/3043/2998 2810/3044/2999 2811/3045/3000
f 2806/3043/2998 2811/3045/3000 2807/3046/3001
f 2809/3047/3002 1604/3048/3003 2808/3049/3004
f 2820/3050/3005 2807/3046/3001 1610/1844/1826
f 1610/1844/1826 2807/3046/3001 1605/3051/3006
f 1604/3048/3003 1605/3051/3006 2813/3052/3007
f 1605/3051/3006 2807/3046/3001 2813/3052/3007
f 1671/3042/2997 1670/3053/3008 2810/3044/2999
f 2810/3044/2999 1670/3053/3008 2811/3045/3000
f 2810/3044/2999 2805/3040/2995 1671/3042/2997
f 2807/3046/3001 2811/3045/3000 2812/3054/3009
f 2813/3052/3007 2812/3054/3009 2814/3055/3010
f 2808/3049/3004 1668/1847/1829 1594/1785/1767
f 2812/3054/3009 2811/3045/3000 1670/3053/3008
f 2808/3049/3004 2814/3055/3010 1668/1847/1829
f 2815/1781/1763 2814/3055/3010 2812/3054/3009
f 1670/3053/3008 1669/1846/1828 2816/1845/1827
f 1670/3053/3008 2816/1845/1827 2812/3054/3009
f 2812/3054/3009 2816/1845/1827 2815/1781/1763
f 2815/1781/1763 1668/1847/1829 2814/3055/3010
f 2799/3037/2992 2805/3040/2995 2800/3035/2990
f 2800/3035/2990 2805/3040/2995 2801/3036/2991
f 1614/1823/1805 2801/3036/2991 1613/1797/1779
f 2801/3036/2991 2806/3043/2998 2817/3056/3011
f 2817/3056/3011 2806/3043/2998 2818/3057/3012
f 2818/3057/3012 2806/3043/2998 2807/3046/3001
f 2801/3036/2991 2805/3040/2995 2806/3043/2998
f 2806/3043/2998 2805/3040/2995 2810/3044/2999
f 1613/1797/1779 2817/3056/3011 1612/1795/1777
f 1612/1795/1777 2817/3056/3011 2819/3058/3013
f 1612/1795/1777 2819/3058/3013 1611/1793/1775
f 2801/3036/2991 2817/3056/3011 1613/1797/1779
f 2817/3056/3011 2818/3057/3012 2819/3058/3013
f 2819/3058/3013 2818/3057/3012 2807/3046/3001
f 2807/3046/3001 2820/3050/3005 2819/3058/3013
f 2820/3050/3005 1610/1844/1826 2847/3059/3014
f 2820/3050/3005 2847/3059/3014 1611/1793/1775
f 2820/3050/3005 1611/1793/1775 2819/3058/3013
f 1519/1711/1693 1514/1705/1687 2821/3060/3015
f 1519/1711/1693 2821/3060/3015 1520/1713/1695
f 1520/1713/1695 2821/3060/3015 1521/1714/1696
f 1521/1714/1696 2834/3061/3016 2822/3062/3017
f 2823/3063/3018 2822/3062/3017 2824/3064/3019
f 2824/3064/3019 2929/3065/3020 1119/3066/3021
f 1119/3066/3021 2929/3065/3020 1128/3067/3022
f 1521/1714/1696 2822/3062/3017 2823/3063/3018
f 1521/1714/1696 2823/3063/3018 2826/3068/3023
f 1521/1714/1696 2826/3068/3023 1522/1712/1694
f 2829/3069/3024 2830/1249/1234 1526/3070/3025
f 1526/3070/3025 2830/1249/1234 1527/3071/3026
f 2831/3072/3027 1525/1719/1701 1524/3073/3028
f 2829/3069/3024 1526/3070/3025 2833/3074/3029
f 1118/1252/1237 2829/3069/3024 2828/3075/3030
f 1527/3071/3026 2830/1249/1234 1535/1247/1232
f 1535/1247/1232 2830/1249/1234 1115/1246/1231
f 1118/1252/1237 2832/1251/1236 2829/3069/3024
f 2829/3069/3024 2832/1251/1236 2830/1249/1234
f 1522/1712/1694 2826/3068/3023 1523/1718/1700
f 1524/3073/3028 3050/3076/3031 2831/3072/3027
f 2831/3072/3027 3050/3076/3031 2833/3074/3029
f 2831/3072/3027 2833/3074/3029 1525/1719/1701
f 1525/1719/1701 2833/3074/3029 1526/3070/3025
f 2836/1702/1684 2835/1883/1865 2822/3062/3017
f 1514/1705/1687 1706/1703/1685 2821/3060/3015
f 2821/3060/3015 2836/1702/1684 2834/3061/3016
f 1706/1703/1685 2836/1702/1684 2821/3060/3015
f 2834/3061/3016 2836/1702/1684 2822/3062/3017
f 2821/3060/3015 2834/3061/3016 1521/1714/1696
f 1515/1706/1688 1514/1705/1687 2803/3039/2994
f 2803/3039/2994 1514/1705/1687 1519/1711/1693
f 1579/1763/1745 1569/1772/1754 1570/1766/1748
f 1672/3041/2996 1566/1746/1728 2837/1745/1727
f 2837/1745/1727 1565/1744/1726 2876/1783/1765
f 1632/1748/1730 1566/1746/1728 1672/3041/2996
f 1672/3041/2996 2837/1745/1727 1671/3042/2997
f 1670/3053/3008 1671/3042/2997 1669/1846/1828
f 2221/2800/2759 2261/2471/2438 2839/2854/2813
f 2839/2854/2813 2261/2471/2438 2838/2768/2727
f 2257/2514/2481 2265/2516/2483 2838/2768/2727
f 2839/2854/2813 2838/2768/2727 2553/2851/2810
f 2553/2851/2810 2838/2768/2727 2265/2516/2483
f 2258/2527/2494 2257/2514/2481 2838/2768/2727
f 2261/2471/2438 2260/2503/2470 2838/2768/2727
f 333/383/368 335/2664/2625 332/381/366
f 332/381/366 335/2664/2625 2840/3077/3032
f 2841/3078/3033 2855/3079/3034 2842/3080/3035
f 2842/3080/3035 2843/3081/3036 2773/2783/2742
f 2842/3080/3035 2773/2783/2742 2844/3082/3037
f 2528/2784/2743 2844/3082/3037 2773/2783/2742
f 2840/3077/3032 2841/3078/3033 2844/3082/3037
f 2841/3078/3033 2842/3080/3035 2844/3082/3037
f 2528/2784/2743 332/381/366 2844/3082/3037
f 2785/382/367 332/381/366 331/2669/2630
f 332/381/366 2840/3077/3032 2844/3082/3037
f 310/357/342 1644/1822/1804 1645/461/446
f 1660/1820/1802 1644/1822/1804 2796/356/341
f 1007/1127/1112 1062/1201/1186 1063/1194/1179
f 1007/1127/1112 770/849/834 769/848/833
f 770/849/834 1063/1194/1179 1006/1126/1111
f 1006/1126/1111 1063/1194/1179 1039/1167/1152
f 770/849/834 1007/1127/1112 1063/1194/1179
f 765/1193/1178 1007/1127/1112 767/1203/1188
f 1007/1127/1112 1070/1128/1113 767/1203/1188
f 1061/1200/1185 1007/1127/1112 765/1193/1178
f 1007/1127/1112 1061/1200/1185 1062/1201/1186
f 1633/1813/1795 766/1202/1187 767/1203/1188
f 765/1193/1178 766/1202/1187 2845/1794/1776
f 2846/1190/1175 764/1191/1176 2845/1794/1776
f 766/1202/1187 1633/1813/1795 2845/1794/1776
f 2845/1794/1776 1633/1813/1795 1612/1795/1777
f 2845/1794/1776 1611/1793/1775 2847/3059/3014
f 763/1188/1173 2846/1190/1175 2847/3059/3014
f 1033/1149/1134 1031/1158/1143 1032/2693/2652
f 647/3083/3038 2519/740/725 2520/2774/2733
f 2520/2774/2733 2519/740/725 2516/2770/2729
f 2628/2881/2840 2209/2455/2422 2617/2457/2424
f 2211/2459/2426 2212/2460/2427 2213/3038/2993
f 2213/3038/2993 2214/2462/2429 2848/3084/3039
f 2848/3084/3039 2214/2462/2429 2621/2461/2428
f 2617/2457/2424 2210/2458/2425 2211/2459/2426
f 2619/2875/2834 2618/2874/2833 2620/2880/2839
f 2621/2461/2428 2620/2880/2839 2618/2874/2833
f 2211/2459/2426 2213/3038/2993 2618/2874/2833
f 2618/2874/2833 2213/3038/2993 2848/3084/3039
f 2621/2461/2428 2618/2874/2833 2848/3084/3039
f 323/415/400 394/449/434 368/417/402
f 323/415/400 322/375/360 394/449/434
f 2792/3031/2986 2103/2736/2695 2102/3032/2987
f 1029/1152/1137 1009/1130/1115 1004/1131/1116
f 2534/1151/1136 1009/1130/1115 1029/1152/1137
f 1029/1152/1137 1010/1154/1139 1028/1150/1135
f 1010/1154/1139 1027/1148/1133 1028/1150/1135
f 1029/1152/1137 1004/1131/1116 1010/1154/1139
f 2234/2484/2451 2308/2560/2525 2849/2482/2449
f 2308/2560/2525 2609/2559/2524 2849/2482/2449
f 2275/2483/2450 2849/2482/2449 2233/2532/2497
f 2608/2480/2447 2233/2532/2497 2609/2559/2524
f 2609/2559/2524 2233/2532/2497 2849/2482/2449
f 2233/2532/2497 2608/2480/2447 2232/2481/2448
f 2608/2480/2447 2607/2870/2829 2231/2476/2443
f 2231/2476/2443 2607/2870/2829 2229/2478/2445
f 2229/2478/2445 2606/2865/2824 2230/2479/2446
f 2840/3077/3032 335/2664/2625 2400/2663/2624
f 342/560/545 2388/2651/2612 343/558/543
f 2388/2651/2612 2390/2646/2607 343/558/543
f 345/591/576 344/561/546 2390/2646/2607
f 2390/2646/2607 344/561/546 343/558/543
f 1528/376/361 1519/1711/1693 1696/1880/1862
f 1520/1713/1695 1696/1880/1862 1519/1711/1693
f 1696/1880/1862 1520/1713/1695 2850/1722/1704
f 2851/1717/1699 2850/1722/1704 1520/1713/1695
f 2851/1717/1699 1520/1713/1695 1522/1712/1694
f 1529/374/359 1696/1880/1862 2850/1722/1704
f 1531/1716/1698 1530/1721/1703 2850/1722/1704
f 2850/1722/1704 2851/1717/1699 1531/1716/1698
f 653/746/731 651/624/609 634/706/691
f 78/3085/85 76/186/184 160/188/186
f 77/3086/3040 76/186/184 78/3085/85
f 80/88/87 79/87/86 2544/89/88
f 81/90/89 2547/92/91 82/91/90
f 78/86/85 160/191/186 79/87/86
f 79/87/86 161/193/189 2543/205/201
f 2852/2975/2931 2545/2791/2750 2543/205/201
f 2543/205/201 2544/89/88 79/87/86
f 79/87/86 160/191/186 161/193/189
f 161/193/189 162/62/62 2543/205/201
f 2543/205/201 163/206/202 2852/2975/2931
f 2852/2975/2931 163/206/202 2542/2973/2929
f 2542/2973/2929 163/206/202 164/207/203
f 2120/2376/2343 2126/2375/2342 2125/3087/3041
f 2123/2377/2344 2126/2375/2342 2469/2373/2340
f 2148/2397/2364 391/446/431 2786/445/430
f 311/360/345 2854/1879/1861 2853/3033/2988
f 2854/1879/1861 1622/1806/1788 2853/3033/2988
f 1621/1804/1786 2853/3033/2988 2798/3088/3042
f 2837/1745/1727 1669/1846/1828 1671/3042/2997
f 2856/3089/3043 2857/3090/3044 2864/3091/3045
f 2864/3091/3045 2857/3090/3044 2858/3092/3046
f 2866/3093/3047 2858/3092/3046 2859/3094/3048
f 2859/3094/3048 2860/1898/1877 2866/3093/3047
f 2858/3092/3046 2866/3093/3047 2865/3095/3049
f 1712/3096/3050 1713/1899/1878 2860/1898/1877
f 2840/3077/3032 2400/2663/2624 2841/3078/3033
f 2841/3078/3033 2400/2663/2624 336/385/370
f 2862/384/369 2863/387/372 2857/3090/3044
f 2857/3090/3044 2863/387/372 2914/580/565
f 2862/384/369 2855/3079/3034 336/385/370
f 2125/3087/3041 2121/392/377 2120/2376/2343
f 311/360/345 2853/3033/2988 2796/356/341
f 2796/356/341 410/358/343 311/360/345
f 1621/1804/1786 2798/3088/3042 1626/1803/1785
f 2798/3088/3042 2853/3033/2988 1622/1806/1788
f 1626/1803/1785 2798/3088/3042 1622/1806/1788
f 2100/2347/2314 2104/2356/2323 2787/2358/2325
f 287/329/316 2868/3097/3051 288/331/318
f 286/328/315 287/329/316 288/331/318
f 2124/593/578 527/597/582 526/595/580
f 2117/2369/2336 527/597/582 2124/593/578
f 2084/1994/1966 2870/2338/2305 2871/3098/3052
f 2872/3099/3053 2968/2366/2333 2873/2367/2334
f 2873/2367/2334 2972/3100/3054 2874/3101/3055
f 2874/3101/3055 2972/3100/3054 2875/3102/3056
f 2871/3098/3052 2870/2338/2305 2081/2335/2302
f 2094/2339/2306 2870/2338/2305 2083/2341/2308
f 2084/1994/1966 2083/2341/2308 2870/2338/2305
f 1793/1995/1967 2084/1994/1966 1792/1993/1965
f 2084/1994/1966 2871/3098/3052 1792/1993/1965
f 2837/1745/1727 2876/1783/1765 1669/1846/1828
f 2816/1845/1827 2876/1783/1765 1597/1782/1764
f 1067/1198/1183 1062/1201/1186 1061/1200/1185
f 1068/1192/1177 1067/1198/1183 1061/1200/1185
f 2878/333/320 289/335/322 2489/334/321
f 2878/333/320 2489/334/321 2877/3103/3057
f 2485/2753/2712 2877/3103/3057 2489/334/321
f 286/328/315 2879/330/317 2488/2752/2711
f 2488/2752/2711 2879/330/317 2486/2750/2709
f 2486/2750/2709 2879/330/317 2877/3103/3057
f 2486/2750/2709 2877/3103/3057 2485/2753/2712
f 2877/3103/3057 2879/330/317 2878/333/320
f 257/299/288 2538/2786/2745 260/304/293
f 2537/2785/2744 2536/195/191 260/304/293
f 2630/2860/2819 2617/2457/2424 2602/3104/3058
f 2617/2457/2424 2211/2459/2426 2602/3104/3058
f 2602/3104/3058 2211/2459/2426 2619/2875/2834
f 2602/3104/3058 2619/2875/2834 2601/2859/2818
f 2601/2859/2818 2619/2875/2834 2880/3105/3059
f 2123/2377/2344 2469/2373/2340 2869/2372/2339
f 2124/593/578 2869/2372/2339 2117/2369/2336
f 2118/2370/2337 2117/2369/2336 2869/2372/2339
f 2123/2377/2344 2869/2372/2339 2122/2024/1996
f 1628/1810/1792 1629/1805/1787 1625/1807/1789
f 1625/1807/1789 1629/1805/1787 1622/1806/1788
f 1565/1744/1726 1564/1741/1723 2876/1783/1765
f 2470/614/599 546/613/598 545/2737/2696
f 545/2737/2696 2102/3032/2987 2103/2736/2695
f 545/2737/2696 546/613/598 2102/3032/2987
f 764/1191/1176 765/1193/1178 2845/1794/1776
f 647/3083/3038 2881/3106/3060 648/741/726
f 649/747/732 648/741/726 2881/3106/3060
f 2882/750/735 680/752/737 679/748/733
f 2882/750/735 678/749/734 2883/716/701
f 678/749/734 640/712/697 2883/716/701
f 2883/716/701 640/712/697 652/717/702
f 680/752/737 2882/750/735 2881/3106/3060
f 649/747/732 2882/750/735 2883/716/701
f 2881/3106/3060 2882/750/735 649/747/732
f 681/753/738 680/752/737 682/754/739
f 647/3083/3038 2520/2774/2733 682/754/739
f 647/3083/3038 682/754/739 2881/3106/3060
f 287/329/316 2370/2629/2590 2885/3107/3061
f 2886/332/319 2868/3097/3051 2887/3108/3062
f 2886/332/319 2887/3108/3062 2888/2990/2946
f 289/335/322 2886/332/319 2888/2990/2946
f 2868/3097/3051 287/329/316 2885/3107/3061
f 2886/332/319 288/331/318 2868/3097/3051
f 2890/3109/3063 3032/3110/3064 135/153/152
f 2890/3109/3063 135/153/152 136/149/148
f 139/171/170 2891/148/147 102/112/111
f 136/149/148 2891/148/147 2890/3109/3063
f 3032/3110/3064 2890/3109/3063 2889/3111/3065
f 2889/3111/3065 2892/3112/3066 2888/2990/2946
f 2739/2999/2955 2888/2990/2946 2892/3112/3066
f 2371/2630/2591 77/3086/3040 2893/3113/3067
f 2894/3114/3068 2893/3113/3067 2895/3115/3069
f 155/176/175 2897/3116/3070 2896/3117/3071
f 2896/3117/3071 2897/3116/3070 3031/3118/3072
f 3031/3118/3072 2897/3116/3070 2898/3119/3073
f 2898/3119/3073 134/150/149 135/153/152
f 155/176/175 133/147/146 2897/3116/3070
f 133/147/146 155/176/175 131/145/144
f 133/147/146 134/150/149 2897/3116/3070
f 2897/3116/3070 134/150/149 2898/3119/3073
f 2893/3113/3067 2894/3114/3068 2885/3107/3061
f 2893/3113/3067 2885/3107/3061 2370/2629/2590
f 2893/3113/3067 2370/2629/2590 2371/2630/2591
f 2896/3117/3071 3031/3118/3072 2895/3115/3069
f 2894/3114/3068 2895/3115/3069 2899/3120/3074
f 2887/3108/3062 2899/3120/3074 2900/3121/3075
f 2887/3108/3062 2900/3121/3075 2888/2990/2946
f 2888/2990/2946 2900/3121/3075 2889/3111/3065
f 2887/3108/3062 2885/3107/3061 2899/3120/3074
f 2899/3120/3074 2885/3107/3061 2894/3114/3068
f 2887/3108/3062 2868/3097/3051 2885/3107/3061
f 2371/2630/2591 76/186/184 77/3086/3040
f 77/3086/3040 78/3085/85 2901/3122/3076
f 2901/3122/3076 80/3123/87 156/3124/179
f 156/3124/179 2902/178/177 2901/3122/3076
f 2901/3122/3076 78/3085/85 80/3123/87
f 2893/3113/3067 77/3086/3040 2901/3122/3076
f 2903/177/176 2896/3117/3071 2895/3115/3069
f 2903/177/176 2895/3115/3069 2901/3122/3076
f 2895/3115/3069 2893/3113/3067 2901/3122/3076
f 2896/3117/3071 2903/177/176 155/176/175
f 2903/177/176 2901/3122/3076 2902/178/177
f 2541/208/204 2542/2973/2929 164/207/203
f 172/209/205 167/197/193 2539/2789/2748
f 2624/2468/2435 2627/2879/2838 2626/2878/2837
f 2624/2468/2435 2220/2470/2437 2627/2879/2838
f 2623/2877/2836 2624/2468/2435 2626/2878/2837
f 342/560/545 486/559/544 341/391/376
f 2843/3081/3036 2842/3080/3035 2856/3089/3043
f 2856/3089/3043 2842/3080/3035 2855/3079/3034
f 2125/3087/3041 2126/2375/2342 2123/2377/2344
f 2905/2336/2303 2094/2339/2306 2092/2351/2318
f 2905/2336/2303 2092/2351/2318 2085/2345/2312
f 2085/2345/2312 2092/2351/2318 2091/2350/2317
f 2101/2357/2324 2102/3032/2987 2076/617/602
f 2076/617/602 2102/3032/2987 546/613/598
f 650/739/724 649/747/732 2884/715/700
f 2865/3095/3049 2864/3091/3045 2858/3092/3046
f 2865/3095/3049 2866/3093/3047 2867/1888/1870
f 2867/1888/1870 2866/3093/3047 2861/1694/1676
f 2861/1694/1676 2866/3093/3047 2860/1898/1877
f 2529/1886/1868 2773/2783/2742 2843/3081/3036
f 2904/1887/1869 2865/3095/3049 2867/1888/1870
f 2843/3081/3036 2904/1887/1869 2529/1886/1868
f 2904/1887/1869 2843/3081/3036 2864/3091/3045
f 2904/1887/1869 2864/3091/3045 2865/3095/3049
f 2864/3091/3045 2843/3081/3036 2856/3089/3043
f 2121/392/377 2125/3087/3041 521/2029/2001
f 2125/3087/3041 522/2028/2000 521/2029/2001
f 522/2028/2000 2125/3087/3041 2123/2377/2344
f 2082/2337/2304 2094/2339/2306 2905/2336/2303
f 2086/2334/2301 2905/2336/2303 2085/2345/2312
f 2910/1850/1832 1583/1768/1750 1575/1762/1744
f 1596/1779/1761 1668/1847/1829 2815/1781/1763
f 1597/1782/1764 2815/1781/1763 2816/1845/1827
f 2520/2774/2733 646/756/741 682/754/739
f 680/752/737 2881/3106/3060 682/754/739
f 2841/3078/3033 336/385/370 2855/3079/3034
f 2858/3092/3046 2915/3125/3077 2906/3126/3078
f 3127/3127/3079 2907/3128/3080 2908/3129/3081
f 3129/1920/1899 2909/1914/1893 1725/1921/1900
f 2855/3079/3034 2862/384/369 2856/3089/3043
f 2856/3089/3043 2862/384/369 2857/3090/3044
f 322/375/360 321/373/358 395/418/403
f 319/370/355 395/418/403 321/373/358
f 2082/2337/2304 2905/2336/2303 2081/2335/2302
f 1584/1769/1751 1583/1768/1750 2910/1850/1832
f 2910/1850/1832 1585/1770/1752 1584/1769/1751
f 1584/1769/1751 1585/1770/1752 1599/1742/1724
f 1576/1771/1753 1585/1770/1752 2910/1850/1832
f 610/623/608 608/671/656 562/621/606
f 2845/1794/1776 2847/3059/3014 2846/1190/1175
f 1010/1154/1139 1004/1131/1116 1003/1122/1107
f 1010/1154/1139 1003/1122/1107 1011/1155/1140
f 1011/1155/1140 1003/1122/1107 1002/1121/1106
f 1012/1119/1104 1024/1145/1130 1002/1121/1106
f 2232/2481/2448 2911/2509/2476 2233/2532/2497
f 2276/2507/2474 2233/2532/2497 2911/2509/2476
f 2911/2509/2476 2232/2481/2448 2263/2511/2478
f 2232/2481/2448 2231/2476/2443 2263/2511/2478
f 2127/2386/2353 339/389/374 340/388/373
f 1792/1993/1965 2872/3099/3053 2912/1992/1964
f 2912/1992/1964 2872/3099/3053 2874/3101/3055
f 2874/3101/3055 2875/3102/3056 1789/1990/1962
f 1789/1990/1962 2875/3102/3056 1788/1987/1959
f 2874/3101/3055 2872/3099/3053 2873/2367/2334
f 1791/1991/1963 2874/3101/3055 1789/1990/1962
f 2874/3101/3055 1791/1991/1963 2912/1992/1964
f 2870/2338/2305 2082/2337/2304 2081/2335/2302
f 1563/1740/1722 1598/1780/1762 1597/1782/1764
f 1563/1740/1722 1597/1782/1764 1564/1741/1723
f 1065/1199/1184 1037/1164/1149 1064/1166/1151
f 338/2382/2349 339/389/374 2127/2386/2353
f 338/2382/2349 2127/2386/2353 2129/2383/2350
f 2091/2350/2317 2090/2349/2316 2913/3130/3082
f 2913/3130/3082 2085/2345/2312 2091/2350/2317
f 2807/3046/3001 2812/3054/3009 2813/3052/3007
f 1012/1119/1104 1002/1121/1106 1001/1170/1155
f 1065/1199/1184 1066/1196/1181 1037/1164/1149
f 1037/1164/1149 1066/1196/1181 981/1162/1147
f 2915/3125/3077 2914/580/565 2906/3126/3078
f 2906/3126/3078 2914/580/565 514/2380/2347
f 2915/3125/3077 2858/3092/3046 2857/3090/3044
f 2915/3125/3077 2857/3090/3044 2914/580/565
f 514/2380/2347 513/2379/2346 2952/3131/3083
f 514/2380/2347 2914/580/565 515/579/564
f 401/430/415 376/428/413 411/465/450
f 763/1188/1173 2847/3059/3014 1608/1187/1172
f 1608/1187/1172 2847/3059/3014 1610/1844/1826
f 2538/2786/2745 291/303/292 2919/2787/2746
f 2916/3132/3084 2917/2788/2747 2536/195/191
f 165/204/200 2917/2788/2747 2539/2789/2748
f 172/209/205 2540/2790/2749 2541/208/204
f 2539/2789/2748 2917/2788/2747 2540/2790/2749
f 2541/208/204 2540/2790/2749 2918/3133/3085
f 2734/2996/2952 2918/3133/3085 2731/2993/2949
f 2916/3132/3084 2540/2790/2749 2917/2788/2747
f 2918/3133/3085 2540/2790/2749 2731/2993/2949
f 2916/3132/3084 2730/2998/2954 2540/2790/2749
f 2731/2993/2949 2540/2790/2749 2730/2998/2954
f 2733/2995/2951 2734/2996/2952 2731/2993/2949
f 2918/3133/3085 2734/2996/2952 2542/2973/2929
f 2536/195/191 2537/2785/2744 2916/3132/3084
f 290/336/323 2919/2787/2746 291/303/292
f 2839/2854/2813 2755/2853/2812 2221/2800/2759
f 2221/2800/2759 2755/2853/2812 2554/2801/2760
f 2554/2801/2760 2755/2853/2812 2751/3010/2966
f 2221/2800/2759 2555/2802/2761 2220/2470/2437
f 2555/2802/2761 2556/2803/2762 2220/2470/2437
f 2220/2470/2437 2556/2803/2762 2627/2879/2838
f 2598/2856/2815 2920/3134/3086 2599/2858/2817
f 2921/3135/3087 2922/3136/3088 2602/3104/3058
f 2602/3104/3058 2922/3136/3088 2630/2860/2819
f 2599/2858/2817 2921/3135/3087 2601/2859/2818
f 2599/2858/2817 2966/3137/3089 2921/3135/3087
f 2601/2859/2818 2921/3135/3087 2602/3104/3058
f 2880/3105/3059 2620/2880/2839 2626/2878/2837
f 2880/3105/3059 2626/2878/2837 2923/2855/2814
f 2626/2878/2837 2620/2880/2839 2623/2877/2836
f 1513/1889/1871 1512/1700/1682 1511/1699/1681
f 2924/3138/3090 2925/3139/3091 1513/1889/1871
f 1513/1889/1871 2925/3139/3091 2825/3140/3092
f 2822/3062/3017 2825/3140/3092 2824/3064/3019
f 2825/3140/3092 2822/3062/3017 2835/1883/1865
f 2825/3140/3092 2835/1883/1865 1513/1889/1871
f 2924/3138/3090 1513/1889/1871 1511/1699/1681
f 2927/3141/3093 2932/3142/3094 2928/1254/1239
f 2825/3140/3092 2929/3065/3020 2824/3064/3019
f 2926/3143/3095 2925/3139/3091 2927/3141/3093
f 2929/3065/3020 2928/1254/1239 1128/3067/3022
f 1128/3067/3022 2928/1254/1239 1120/1253/1238
f 2928/1254/1239 2929/3065/3020 2926/3143/3095
f 2926/3143/3095 2927/3141/3093 2928/1254/1239
f 2926/3143/3095 2929/3065/3020 2825/3140/3092
f 2932/3142/3094 2927/3141/3093 2931/3144/3096
f 2825/3140/3092 2925/3139/3091 2926/3143/3095
f 2924/3138/3090 2930/3145/3097 2925/3139/3091
f 1511/1699/1681 1510/1696/1678 2924/3138/3090
f 1121/1255/1240 1867/3146/3098 1868/3147/3099
f 2931/3144/3096 1510/1696/1678 2934/3148/3100
f 2924/3138/3090 1510/1696/1678 2931/3144/3096
f 2931/3144/3096 2930/3145/3097 2924/3138/3090
f 1511/1699/1681 2933/1698/1680 1510/1696/1678
f 2937/1695/1677 2861/1694/1676 3033/3149/3101
f 3174/2084/2054 1508/1900/1879 1509/3150/3102
f 1560/1736/1718 1586/1738/1720 2938/1758/1740
f 2089/2342/2309 2913/3130/3082 2090/2349/2316
f 2089/2342/2309 2079/2331/2298 2913/3130/3082
f 2089/2342/2309 2088/2346/2313 2074/2327/2294
f 2089/2342/2309 2074/2327/2294 2078/2332/2299
f 1607/1792/1774 1608/1187/1172 1610/1844/1826
f 1003/1122/1107 1043/1171/1156 1047/1120/1105
f 1043/1171/1156 1042/1168/1153 2939/3151/3103
f 1043/1171/1156 2939/3151/3103 1047/1120/1105
f 1042/1168/1153 1045/1172/1157 2939/3151/3103
f 1047/1120/1105 2939/3151/3103 2940/3152/3104
f 2945/3153/3105 2940/3152/3104 2942/3154/3106
f 1057/1090/1075 2941/1092/1077 985/3155/3107
f 985/3155/3107 2942/3154/3106 984/1089/1074
f 2943/1173/1158 2942/3154/3106 2940/3152/3104
f 2943/1173/1158 2940/3152/3104 2939/3151/3103
f 1045/1172/1157 2943/1173/1158 2939/3151/3103
f 2941/1092/1077 2942/3154/3106 985/3155/3107
f 2945/3153/3105 2944/3156/3108 1049/1117/1102
f 2945/3153/3105 1049/1117/1102 1048/1176/1161
f 1048/1176/1161 1049/1117/1102 1001/1170/1155
f 2946/1115/1100 1049/1117/1102 2944/3156/3108
f 2947/1112/1097 3257/1114/1099 2946/1115/1100
f 986/1091/1076 2944/3156/3108 2941/1092/1077
f 2941/1092/1077 2944/3156/3108 2945/3153/3105
f 2941/1092/1077 2945/3153/3105 2942/3154/3106
f 1044/1169/1154 1047/1120/1105 2940/3152/3104
f 1044/1169/1154 2940/3152/3104 1048/1176/1161
f 1024/1145/1130 1011/1155/1140 1002/1121/1106
f 2542/2973/2929 2541/208/204 2918/3133/3085
f 478/557/542 484/555/540 2967/548/533
f 2813/3052/3007 2814/3055/3010 1604/3048/3003
f 1604/3048/3003 2814/3055/3010 2808/3049/3004
f 2809/3047/3002 2808/3049/3004 1593/1790/1772
f 2808/3049/3004 1594/1785/1767 1593/1790/1772
f 563/678/663 610/623/608 564/1511/1496
f 564/1511/1496 3004/3157/3109 563/678/663
f 2970/3158/3110 2716/2970/2926 2987/3159/3111
f 2987/3159/3111 2716/2970/2926 2715/2969/2925
f 2716/2970/2926 2970/3158/3110 2949/2971/2927
f 2949/2971/2927 2950/2472/2439 2226/2474/2441
f 2224/2512/2479 2225/2531/2440 2948/3160/3112
f 2858/3092/3046 2906/3126/3078 2859/3094/3048
f 2859/3094/3048 2906/3126/3078 2951/3161/3113
f 2951/3161/3113 2906/3126/3078 514/2380/2347
f 2860/1898/1877 2859/3094/3048 1712/3096/3050
f 2230/2479/2446 2585/2839/2798 2228/2477/2444
f 2961/3162/3114 2955/3163/3115 2603/2862/2821
f 2603/2862/2821 2955/3163/3115 2954/3164/3116
f 2603/2862/2821 2954/3164/3116 2604/2864/2823
f 2585/2839/2798 2954/3164/3116 2584/3165/3117
f 2584/3165/3117 2954/3164/3116 2955/3163/3115
f 2584/3165/3117 2955/3163/3115 2583/2837/2796
f 2583/2837/2796 2955/3163/3115 2956/2838/2797
f 2581/2834/2793 2957/3166/3118 2958/3167/3119
f 2581/2834/2793 2582/2836/2795 2956/2838/2797
f 2958/3167/3119 2959/3168/3120 2960/2807/2766
f 2960/2807/2766 2959/3168/3120 2559/2805/2764
f 2559/2805/2764 2959/3168/3120 2558/3002/2958
f 2580/2835/2794 2581/2834/2793 2579/2833/2792
f 2961/3162/3114 2962/3169/3121 2956/2838/2797
f 2962/3169/3121 2922/3136/3088 2957/3166/3118
f 2959/3168/3120 2957/3166/3118 2963/3170/3122
f 2959/3168/3120 2963/3170/3122 2558/3002/2958
f 2558/3002/2958 2920/3134/3086 2598/2856/2815
f 2558/3002/2958 2598/2856/2815 2557/3008/2964
f 2598/2856/2815 2556/2803/2762 2557/3008/2964
f 2962/3169/3121 2957/3166/3118 2581/2834/2793
f 2962/3169/3121 2581/2834/2793 2956/2838/2797
f 2961/3162/3114 2956/2838/2797 2955/3163/3115
f 2957/3166/3118 2959/3168/3120 2958/3167/3119
f 2963/3170/3122 2964/3171/3123 2558/3002/2958
f 2954/3164/3116 2605/2869/2828 2614/2867/2826
f 2954/3164/3116 2614/2867/2826 2604/2864/2823
f 2230/2479/2446 2606/2865/2824 2605/2869/2828
f 2230/2479/2446 2605/2869/2828 2585/2839/2798
f 2965/2861/2820 2962/3169/3121 2961/3162/3114
f 2599/2858/2817 2920/3134/3086 2966/3137/3089
f 2630/2860/2819 2922/3136/3088 2965/2861/2820
f 2965/2861/2820 2922/3136/3088 2962/3169/3121
f 2923/2855/2814 2600/2857/2816 2880/3105/3059
f 2880/3105/3059 2600/2857/2816 2601/2859/2818
f 2600/2857/2816 2923/2855/2814 2598/2856/2815
f 2619/2875/2834 2620/2880/2839 2880/3105/3059
f 480/549/534 2967/548/533 483/554/539
f 480/549/534 482/552/537 481/551/536
f 2967/548/533 479/547/532 478/557/542
f 376/428/413 375/427/412 399/454/439
f 2872/3099/3053 2871/3098/3052 2968/2366/2333
f 1693/1877/1859 1691/1878/1860 1692/1756/1738
f 561/622/607 564/1511/1496 610/623/608
f 288/331/318 2878/333/320 2879/330/317
f 2969/3172/3124 2949/2971/2927 2970/3158/3110
f 2950/3173/2439 2969/3174/3124 2225/2531/2440
f 2225/2531/2440 2969/3174/3124 2948/3160/3112
f 2969/3172/3124 2950/2472/2439 2949/2971/2927
f 2872/3099/3053 1792/1993/1965 2871/3098/3052
f 2873/2367/2334 2971/3175/3125 2972/3100/3054
f 2972/3100/3054 2971/3175/3125 2973/3176/3126
f 1784/1984/1956 1785/1983/1955 2974/3177/3127
f 2984/3178/3128 1466/1640/1625 2975/1639/1624
f 2974/3177/3127 2975/1639/1624 1783/1982/1954
f 1783/1982/1954 1784/1984/1956 2974/3177/3127
f 3162/1980/1952 1782/1979/1951 1781/3179/3129
f 1780/2043/2015 1781/3179/3129 1779/2049/2021
f 1777/1977/1949 1464/1645/1630 1776/1637/1622
f 1777/1977/1949 1776/1637/1622 1772/1976/1948
f 1773/3180/3130 2976/1975/1947 1774/1974/1946
f 1772/1976/1948 1776/1637/1622 1773/3180/3130
f 1778/1978/1950 1779/2049/2021 1777/1977/1949
f 1777/1977/1949 1779/2049/2021 1464/1645/1630
f 1464/1645/1630 1779/2049/2021 1465/1638/1623
f 1465/1638/1623 1779/2049/2021 1781/3179/3129
f 1465/1638/1623 1781/3179/3129 1782/1979/1951
f 2975/1639/1624 1465/1638/1623 1782/1979/1951
f 2975/1639/1624 1782/1979/1951 1783/1982/1954
f 3200/3181/3131 2979/3182/3132 2109/2362/2329
f 3200/3181/3131 2109/2362/2329 2108/2361/2328
f 2109/2362/2329 2979/3182/3132 2980/3183/3133
f 2981/3184/3134 2110/2364/2331 2109/2362/2329
f 2981/3184/3134 2109/2362/2329 2980/3183/3133
f 2971/3175/3125 2873/2367/2334 2110/2364/2331
f 2971/3175/3125 2110/2364/2331 2982/3185/3135
f 2982/3185/3135 2110/2364/2331 2981/3184/3134
f 2975/1639/1624 2974/3177/3127 2984/3178/3128
f 2974/3177/3127 2977/3186/3136 2984/3178/3128
f 2984/3178/3128 3198/1646/1631 1466/1640/1625
f 2973/3176/3126 1787/1986/1958 1788/1987/1959
f 2973/3176/3126 1788/1987/1959 2875/3102/3056
f 2875/3102/3056 2972/3100/3054 2973/3176/3126
f 1610/1844/1826 1605/3051/3006 1606/1791/1773
f 93/1086/1071 94/183/181 157/175/174
f 2550/2798/2757 2224/2512/2479 2948/3160/3112
f 2715/2969/2925 2991/2968/2924 2987/3159/3111
f 2969/3174/3124 2970/3187/3110 2985/3188/3137
f 2985/3189/3137 2970/3158/3110 2986/3190/3138
f 2986/3190/3138 2970/3158/3110 2987/3159/3111
f 2989/2797/2756 2550/2798/2757 2988/3191/3139
f 2988/3191/3139 2969/3174/3124 2985/3188/3137
f 2985/3188/3137 2986/3192/3138 2990/3193/3140
f 2712/3194/3141 2990/3193/3140 2713/3195/2788
f 2713/3195/2788 2990/3193/3140 2991/3196/2924
f 2713/2829/2788 2991/2968/2924 2714/2830/2789
f 2986/3190/3138 2987/3159/3111 2991/2968/2924
f 2990/3197/3140 2986/3190/3138 2991/2968/2924
f 2988/3191/3139 2985/3188/3137 2993/2966/2922
f 2712/3194/3141 2993/2966/2922 2990/3193/3140
f 2993/2966/2922 2985/3188/3137 2990/3193/3140
f 2989/2797/2756 2988/3191/3139 2549/2795/2754
f 2988/3191/3139 2993/2966/2922 2549/2795/2754
f 2961/3162/3114 2603/2862/2821 2965/2861/2820
f 93/1086/1071 157/175/174 2994/179/178
f 93/1086/1071 2994/179/178 92/103/102
f 83/3198/92 2996/3199/3142 82/3200/90
f 2996/3199/3142 91/102/101 2995/3201/180
f 2997/100/99 91/102/101 2996/3199/3142
f 156/180/179 91/102/101 2994/179/178
f 156/180/179 2995/3201/180 91/102/101
f 91/102/101 92/103/102 2994/179/178
f 2996/3199/3142 83/3198/92 2997/100/99
f 2997/100/99 83/3198/92 2998/94/93
f 90/1179/1164 86/96/95 1052/1177/1162
f 90/1179/1164 2997/100/99 86/96/95
f 86/96/95 2997/100/99 2998/94/93
f 2995/3201/180 82/3200/90 2996/3199/3142
f 3033/3149/3101 2861/1694/1676 1508/1900/1879
f 1813/592/577 2912/1992/1964 1791/1991/1963
f 2968/2366/2333 2871/3098/3052 2081/2335/2302
f 2080/2344/2311 2085/2345/2312 2913/3130/3082
f 2913/3130/3082 2079/2331/2298 2080/2344/2311
f 1561/1737/1719 1560/1736/1718 2999/3202/3143
f 2999/3202/3143 1560/1736/1718 3000/838/823
f 1560/1736/1718 1559/1761/1743 3000/838/823
f 3000/838/823 1559/1761/1743 1558/1732/1714
f 3000/838/823 1558/1732/1714 3001/835/820
f 3001/835/820 1558/1732/1714 1555/1734/1716
f 1587/1773/1755 1586/1738/1720 1561/1737/1719
f 1587/1773/1755 1561/1737/1719 1588/1789/1771
f 1588/1789/1771 2999/3202/3143 1589/1788/1770
f 749/837/822 3002/3203/3144 3000/838/823
f 747/924/909 3001/835/820 1555/1734/1716
f 747/924/909 1555/1734/1716 746/923/908
f 3000/838/823 3002/3203/3144 1589/1788/1770
f 3000/838/823 1589/1788/1770 2999/3202/3143
f 2999/3202/3143 1588/1789/1771 1561/1737/1719
f 3005/3204/3145 563/678/663 3004/3157/3109
f 1346/1509/1494 560/673/658 558/681/666
f 564/1511/1496 560/673/658 3004/3157/3109
f 560/673/658 1346/1509/1494 3004/3157/3109
f 3004/3157/3109 1346/1509/1494 3005/3204/3145
f 3003/1508/1493 3005/3204/3145 1346/1509/1494
f 612/680/665 563/678/663 3005/3204/3145
f 3005/3204/3145 3003/1508/1493 612/680/665
f 612/680/665 3003/1508/1493 613/2749/2708
f 1533/3205/3146 1530/1721/1703 1532/1715/1697
f 3007/3206/3147 1533/3205/3146 3006/1241/1226
f 3007/3206/3147 1682/1866/1848 1681/1865/1847
f 1682/1866/1848 3007/3206/3147 3006/1241/1226
f 1109/1295/1280 1534/3207/3148 1525/1719/1701
f 3006/1241/1226 1534/3207/3148 1108/1242/1227
f 3006/1241/1226 1533/3205/3146 1534/3207/3148
f 1533/3205/3146 3007/3206/3147 1530/1721/1703
f 1694/1720/1702 1530/1721/1703 1695/1864/1846
f 3007/3206/3147 1695/1864/1846 1530/1721/1703
f 1530/1721/1703 1531/1716/1698 1532/1715/1697
f 1813/592/577 1791/1991/1963 3015/2020/1992
f 1606/1791/1773 1604/3048/3003 758/1064/1049
f 2809/3047/3002 3008/1065/1050 758/1064/1049
f 758/1064/1049 1604/3048/3003 2809/3047/3002
f 1604/3048/3003 1606/1791/1773 1605/3051/3006
f 588/652/637 633/704/689 607/654/639
f 2735/2974/2930 2542/2973/2929 2734/2996/2952
f 3046/3208/3149 2263/2511/2478 3009/3209/3150
f 2587/2475/2442 3010/3210/3151 3009/3209/3150
f 2587/2475/2442 3009/3209/3150 3011/2510/2477
f 2262/2508/2475 2263/2511/2478 3046/3208/3149
f 3009/3209/3150 2263/2511/2478 3011/2510/2477
f 2231/2476/2443 2587/2475/2442 3011/2510/2477
f 2954/3164/3116 2585/2839/2798 2605/2869/2828
f 2131/2384/2351 478/557/542 2132/2387/2354
f 2128/2378/2345 2132/2387/2354 512/2385/2352
f 512/2385/2352 2132/2387/2354 478/557/542
f 511/1915/1894 478/557/542 479/547/532
f 3012/3211/3152 3013/2063/2035 1816/566/551
f 1816/566/551 3013/2063/2035 491/567/552
f 1814/2030/2002 523/2023/1995 524/2022/1994
f 3014/2025/1997 3012/3211/3152 1816/566/551
f 3014/2025/1997 490/2027/1999 1814/2030/2002
f 490/2027/1999 3014/2025/1997 1815/563/548
f 3014/2025/1997 1814/2030/2002 3012/3211/3152
f 3012/3211/3152 3015/2020/1992 3016/2064/2036
f 1790/1989/1961 3016/2064/2036 3015/2020/1992
f 1814/2030/2002 3015/2020/1992 3012/3211/3152
f 1814/2030/2002 525/2021/1993 3015/2020/1992
f 492/3212/3153 3013/2063/2035 1846/2061/2033
f 492/3212/3153 1846/2061/2033 1845/2057/2029
f 492/3212/3153 1845/2057/2029 493/3213/3154
f 3012/3211/3152 3016/2064/2036 3013/2063/2035
f 317/366/351 399/454/439 413/452/437
f 132/146/145 131/145/144 138/156/155
f 138/156/155 131/145/144 130/155/154
f 2762/3011/2967 2755/2853/2812 2553/2851/2810
f 2827/3214/3155 2823/3063/3018 2824/3064/3019
f 1019/1138/1123 3019/1137/1122 3020/3215/3156
f 3022/3216/3157 3139/3217/3158 3023/1093/1078
f 3023/1093/1078 3018/3218/3159 1059/1094/1079
f 1019/1138/1123 3020/3215/3156 3024/3219/3160
f 1019/1138/1123 3024/3219/3160 1017/766/751
f 3025/3220/3161 3021/3221/3162 990/1098/1083
f 3140/3222/3163 3021/3221/3162 3020/3215/3156
f 3021/3221/3162 3025/3220/3161 3020/3215/3156
f 3024/3219/3160 3029/3223/3164 3027/767/752
f 3028/3224/3165 3030/3225/3166 995/1103/1088
f 3028/3224/3165 995/1103/1088 996/1105/1090
f 1017/766/751 3024/3219/3160 3027/767/752
f 1018/1135/1120 3028/3224/3165 996/1105/1090
f 3027/767/752 3029/3223/3164 3028/3224/3165
f 2898/3119/3073 3032/3110/3064 2900/3121/3075
f 2900/3121/3075 3032/3110/3064 2889/3111/3065
f 3032/3110/3064 2898/3119/3073 135/153/152
f 3031/3118/3072 2899/3120/3074 2895/3115/3069
f 2898/3119/3073 2900/3121/3075 2899/3120/3074
f 2899/3120/3074 3031/3118/3072 2898/3119/3073
f 2826/3068/3023 2823/3063/3018 2827/3214/3155
f 2827/3214/3155 2824/3064/3019 2828/3075/3030
f 1524/3073/3028 1532/1715/1697 1523/1718/1700
f 318/368/353 413/452/437 412/453/438
f 412/453/438 397/450/435 318/368/353
f 642/711/696 639/710/695 632/702/687
f 2550/2798/2757 2948/3160/3112 2969/3174/3124
f 2766/2796/2755 2765/3022/2978 2551/2799/2758
f 2537/2785/2744 2919/2787/2746 2916/3132/3084
f 2729/2992/2948 2916/3132/3084 2919/2787/2746
f 2934/3148/3100 2937/1695/1677 3033/3149/3101
f 1864/2086/2056 1508/1900/1879 3174/2084/2054
f 1508/1900/1879 3035/3226/3167 3033/3149/3101
f 2936/3227/3168 3034/3228/3169 1867/3146/3098
f 1867/3146/3098 3034/3228/3169 1866/3229/3170
f 2936/3227/3168 1867/3146/3098 1121/1255/1240
f 2934/3148/3100 3033/3149/3101 2935/3230/3171
f 3035/3226/3167 2935/3230/3171 3033/3149/3101
f 2935/3230/3171 3035/3226/3167 3034/3228/3169
f 3035/3226/3167 1865/3231/3172 3034/3228/3169
f 1865/3231/3172 1508/1900/1879 1864/2086/2056
f 3035/3226/3167 1508/1900/1879 1865/3231/3172
f 3126/3232/3173 2952/3131/3083 513/2379/2346
f 513/2379/2346 2907/3128/3080 3126/3232/3173
f 3126/3232/3173 2907/3128/3080 3127/3127/3079
f 3127/3127/3079 2908/3129/3081 3129/1920/1899
f 2952/3131/3083 2951/3161/3113 514/2380/2347
f 1532/1715/1697 1524/3073/3028 1533/3205/3146
f 1524/3073/3028 1525/1719/1701 1533/3205/3146
f 1533/3205/3146 1525/1719/1701 1534/3207/3148
f 1544/1755/1737 1685/1872/1854 1674/1854/1836
f 1674/1854/1836 1685/1872/1854 1686/1873/1855
f 1674/1854/1836 1686/1873/1855 1675/1855/1837
f 1674/1854/1836 1545/1757/1739 1544/1755/1737
f 1686/1873/1855 1684/1871/1853 3036/1870/1852
f 3036/1870/1852 3052/3233/3174 3037/3234/3175
f 1680/1861/1843 3039/3235/3176 1102/1862/1844
f 1593/1790/1772 1594/1785/1767 755/841/826
f 2943/1173/1158 1046/1174/1159 984/1089/1074
f 984/1089/1074 2942/3154/3106 2943/1173/1158
f 984/1089/1074 1046/1174/1159 983/1087/1072
f 2988/3191/3139 2550/2798/2757 2969/3174/3124
f 2765/3022/2978 2766/2796/2755 2768/3023/2979
f 1847/2062/2034 3016/2064/2036 1790/1989/1961
f 1841/2068/2040 1847/2062/2034 1840/1988/1960
f 1840/1988/1960 1849/2067/2039 1841/2068/2040
f 1846/2061/2033 3013/2063/2035 3040/3236/3177
f 3040/3236/3177 3013/2063/2035 1847/2062/2034
f 3040/3236/3177 1847/2062/2034 1841/2068/2040
f 1841/2068/2040 1842/2069/2041 3040/3236/3177
f 1843/2060/2032 3040/3236/3177 1842/2069/2041
f 1843/2060/2032 1844/2059/2031 1845/2057/2029
f 1843/2060/2032 1846/2061/2033 3040/3236/3177
f 1847/2062/2034 1790/1989/1961 1840/1988/1960
f 1840/1988/1960 1790/1989/1961 1788/1987/1959
f 1679/3237/3178 1677/1857/1839 1678/1859/1841
f 565/674/659 607/654/639 3041/3238/3179
f 565/674/659 3044/3239/3180 559/683/668
f 559/683/668 3044/3239/3180 3043/684/669
f 1337/682/667 3043/684/669 630/699/684
f 3043/684/669 1323/693/678 630/699/684
f 1323/693/678 3043/684/669 3045/3240/3181
f 1323/693/678 3045/3240/3181 631/701/686
f 631/701/686 3042/703/688 632/702/687
f 607/654/639 633/704/689 3041/3238/3179
f 3041/3238/3179 3045/3240/3181 3044/3239/3180
f 3045/3240/3181 3043/684/669 3044/3239/3180
f 3042/703/688 631/701/686 3041/3238/3179
f 3041/3238/3179 631/701/686 3045/3240/3181
f 645/755/740 1013/1118/1103 1020/761/746
f 2716/2970/2926 2262/2508/2475 3046/3208/3149
f 1695/1864/1846 3007/3206/3147 1681/1865/1847
f 1546/1852/1834 1545/1757/1739 1674/1854/1836
f 3008/1065/1050 2809/3047/3002 1593/1790/1772
f 1593/1790/1772 756/1067/1052 3008/1065/1050
f 948/1072/1057 943/1043/1028 969/1044/1029
f 967/1071/1056 948/1072/1057 969/1044/1029
f 760/843/828 967/1071/1056 969/1044/1029
f 3042/703/688 3041/3238/3179 633/704/689
f 289/335/322 2726/2988/2944 290/336/323
f 290/336/323 2726/2988/2944 2727/2989/2945
f 2728/2991/2947 2727/2989/2945 3047/3241/3182
f 3047/3241/3182 3048/2984/2940 3049/3242/3183
f 3049/3242/3183 3048/2984/2940 2736/2997/2953
f 2723/2982/2938 2722/2979/2935 2737/2981/2937
f 3049/3242/3183 2736/2997/2953 2729/2992/2948
f 3049/3242/3183 2729/2992/2948 2728/2991/2947
f 3049/3242/3183 2728/2991/2947 3047/3241/3182
f 3050/3076/3031 2827/3214/3155 2829/3069/3024
f 2829/3069/3024 2827/3214/3155 2828/3075/3030
f 2861/1694/1676 2860/1898/1877 1508/1900/1879
f 3052/3233/3174 1681/1865/1847 1682/1866/1848
f 3038/3243/3184 3053/3244/3185 3039/3235/3176
f 3039/3235/3176 3053/3244/3185 1104/2139/2106
f 1104/2139/2106 3053/3244/3185 3054/1238/1223
f 1104/2139/2106 3054/1238/1223 1106/1237/1222
f 1107/1239/1224 3054/1238/1223 3053/3244/3185
f 1107/1239/1224 3053/3244/3185 1682/1866/1848
f 3037/3234/3175 3052/3233/3174 1682/1866/1848
f 3053/3244/3185 3038/3243/3184 3037/3234/3175
f 3053/3244/3185 3037/3234/3175 1682/1866/1848
f 3052/3233/3174 3051/3245/3186 1683/1868/1850
f 1683/1868/1850 1681/1865/1847 3052/3233/3174
f 3052/3233/3174 3036/1870/1852 3051/3245/3186
f 1541/1869/1851 1683/1868/1850 3051/3245/3186
f 3051/3245/3186 3036/1870/1852 1541/1869/1851
f 3056/3246/3187 3055/3247/3188 3074/3248/3189
f 3098/3249/3190 3057/3250/3191 3058/3251/3192
f 3058/3251/3192 3073/3252/3193 3059/3253/3194
f 3315/3254/3195 3061/3255/3196 3062/3256/3197
f 3063/3257/3198 3061/3255/3196 3060/3258/3199
f 3065/3259/3200 3066/3260/3201 3067/3261/3202
f 3067/3261/3202 3066/3260/3201 3070/3262/3203
f 3068/1332/1317 3242/3263/3204 1099/1328/1313
f 3068/1332/1317 3069/3264/3205 3242/3263/3204
f 3069/3264/3205 3456/3265/3206 3070/3262/3203
f 3072/3266/3207 3070/3262/3203 3071/1230/1215
f 3067/3261/3202 3070/3262/3203 3072/3266/3207
f 3067/3261/3202 3063/3257/3198 3060/3258/3199
f 3060/3258/3199 3064/3267/3208 3067/3261/3202
f 3067/3261/3202 3064/3267/3208 3065/3259/3200
f 3241/3268/3209 3073/3252/3193 3057/3250/3191
f 3241/3268/3209 3057/3250/3191 3163/3269/3210
f 3079/3270/3211 3163/3269/3210 3074/3248/3189
f 1547/1851/1833 3055/3247/3188 3056/3246/3187
f 3077/3271/3212 3074/3248/3189 3055/3247/3188
f 3098/3249/3190 3074/3248/3189 3057/3250/3191
f 3059/3253/3194 3073/3252/3193 3064/3267/3208
f 3059/3253/3194 3064/3267/3208 3060/3258/3199
f 3065/3259/3200 3064/3267/3208 3075/3272/3213
f 3073/3252/3193 3076/3273/3214 3075/3272/3213
f 3073/3252/3193 3075/3272/3213 3064/3267/3208
f 1546/1852/1834 3055/3247/3188 1547/1851/1833
f 1674/1854/1836 1676/1856/1838 1546/1852/1834
f 1546/1852/1834 1676/1856/1838 3055/3247/3188
f 3055/3247/3188 1676/1856/1838 3077/3271/3212
f 3077/3271/3212 1676/1856/1838 1679/3237/3178
f 3079/3270/3211 1679/3237/3178 3078/3274/3215
f 3078/3274/3215 1679/3237/3178 1678/1859/1841
f 3078/3274/3215 1678/1859/1841 1680/1861/1843
f 1679/3237/3178 1676/1856/1838 1675/1855/1837
f 1679/3237/3178 1675/1855/1837 1677/1857/1839
f 3079/3270/3211 3077/3271/3212 1679/3237/3178
f 3163/3269/3210 3079/3270/3211 3241/3268/3209
f 3079/3270/3211 3078/3274/3215 3080/1236/1221
f 3080/1236/1221 3240/3275/3216 3241/3268/3209
f 3241/3268/3209 3079/3270/3211 3080/1236/1221
f 3074/3248/3189 3077/3271/3212 3079/3270/3211
f 2964/3171/3123 2920/3134/3086 2558/3002/2958
f 3050/3076/3031 2829/3069/3024 2833/3074/3029
f 2827/3214/3155 3050/3076/3031 2826/3068/3023
f 2826/3068/3023 3050/3076/3031 1523/1718/1700
f 1523/1718/1700 3050/3076/3031 1524/3073/3028
f 2925/3139/3091 2930/3145/3097 2927/3141/3093
f 2927/3141/3093 2930/3145/3097 2931/3144/3096
f 488/553/538 489/589/574 505/573/558
f 3081/562/547 489/589/574 1817/588/573
f 1592/1774/1756 1601/1784/1766 1602/1775/1757
f 1048/1176/1161 2940/3152/3104 2945/3153/3105
f 3047/3241/3182 3082/2986/2942 3048/2984/2940
f 2740/2983/2939 2723/2982/2938 3048/2984/2940
f 2723/2982/2938 2736/2997/2953 3048/2984/2940
f 3047/3241/3182 2727/2989/2945 2725/2987/2943
f 3047/3241/3182 2725/2987/2943 3082/2986/2942
f 3048/2984/2940 3082/2986/2942 2724/2985/2941
f 3082/2986/2942 125/122/121 2724/2985/2941
f 2725/2987/2943 127/142/141 3082/2986/2942
f 1526/3070/3025 1527/3071/3026 1110/1297/1282
f 1110/1297/1282 1525/1719/1701 1526/3070/3025
f 3085/3276/3217 3084/3277/3218 497/2039/2011
f 498/1940/1917 3085/3276/3217 497/2039/2011
f 497/2039/2011 3086/3278/3219 496/2038/2010
f 494/3279/3220 495/2056/2028 493/3213/3154
f 493/3213/3154 495/2056/2028 3087/3280/3221
f 495/2056/2028 496/2038/2010 3087/3280/3221
f 3087/3280/3221 496/2038/2010 3086/3278/3219
f 3088/565/550 3083/564/549 1815/563/548
f 497/2039/2011 3084/3277/3218 3086/3278/3219
f 3083/564/549 3086/3278/3219 3084/3277/3218
f 3088/565/550 491/567/552 3087/3280/3221
f 3087/3280/3221 491/567/552 493/3213/3154
f 3088/565/550 3087/3280/3221 3086/3278/3219
f 493/3213/3154 491/567/552 492/3212/3153
f 3088/565/550 3086/3278/3219 3083/564/549
f 490/2027/1999 3081/562/547 1817/588/573
f 489/589/574 3081/562/547 505/573/558
f 505/573/558 3083/564/549 518/571/556
f 3081/562/547 3083/564/549 505/573/558
f 3089/1945/1921 3090/569/554 503/3281/3222
f 502/3282/3223 503/3281/3222 501/570/555
f 501/570/555 503/3281/3222 500/568/553
f 3090/569/554 500/568/553 503/3281/3222
f 504/572/557 3085/3276/3217 3089/1945/1921
f 504/572/557 3089/1945/1921 503/3281/3222
f 3084/3277/3218 504/572/557 518/571/556
f 3083/564/549 3084/3277/3218 518/571/556
f 3091/2074/2046 1839/2065/2037 1784/1984/1956
f 3091/2074/2046 1784/1984/1956 3092/3283/3224
f 3092/3283/3224 1784/1984/1956 1783/1982/1954
f 1839/2065/2037 1786/1985/1957 1784/1984/1956
f 3010/3210/3151 2586/2840/2799 3093/3284/3225
f 2715/2969/2925 3093/3284/3225 3123/3285/3226
f 2586/2840/2799 2584/3165/3117 2583/2837/2796
f 2586/2840/2799 2583/2837/2796 3094/3286/3227
f 2586/2840/2799 3094/3286/3227 3093/3284/3225
f 3123/3285/3226 3093/3284/3225 3094/3286/3227
f 1110/1297/1282 1527/3071/3026 1535/1247/1232
f 1108/1242/1227 1534/3207/3148 1109/1295/1280
f 3013/2063/2035 492/3212/3153 491/567/552
f 493/3213/3154 1845/2057/2029 494/3279/3220
f 1845/2057/2029 495/2056/2028 494/3279/3220
f 1848/2066/2038 3091/2074/2046 3095/2073/2045
f 3095/2073/2045 1851/2055/2027 1848/2066/2038
f 1848/2066/2038 1839/2065/2037 3091/2074/2046
f 1854/3287/3228 3091/2074/2046 3092/3283/3224
f 1854/3287/3228 1856/2075/2047 3091/2074/2046
f 1855/1981/1953 1854/3287/3228 3092/3283/3224
f 1855/1981/1953 3092/3283/3224 1783/1982/1954
f 3036/1870/1852 3038/3243/3184 3096/1858/1840
f 1678/1859/1841 3039/3235/3176 1680/1861/1843
f 1678/1859/1841 3096/1858/1840 3039/3235/3176
f 3039/3235/3176 3096/1858/1840 3038/3243/3184
f 3096/1858/1840 1677/1857/1839 1675/1855/1837
f 3036/1870/1852 3096/1858/1840 1686/1873/1855
f 1548/1853/1835 3097/1728/1710 1549/1726/1708
f 1549/1726/1708 3097/1728/1710 1551/1727/1709
f 943/1043/1028 947/1074/1059 941/1042/1027
f 2586/2840/2799 2585/2839/2798 2584/3165/3117
f 2587/2475/2442 2586/2840/2799 3010/3210/3151
f 2716/2970/2926 3009/3209/3150 2715/2969/2925
f 2715/2969/2925 3009/3209/3150 3093/3284/3225
f 3093/3284/3225 3009/3209/3150 3010/3210/3151
f 2716/2970/2926 3046/3208/3149 3009/3209/3150
f 2922/3136/3088 2921/3135/3087 2957/3166/3118
f 2957/3166/3118 2921/3135/3087 2966/3137/3089
f 3097/1728/1710 1548/1853/1835 3103/3288/3229
f 3103/3288/3229 1548/1853/1835 3098/3249/3190
f 3098/3249/3190 1548/1853/1835 3056/3246/3187
f 3103/3288/3229 3137/1730/1712 1552/1729/1711
f 750/861/846 3002/3203/3144 749/837/822
f 1589/1788/1770 3100/1848/1830 1590/1787/1769
f 1589/1788/1770 3002/3203/3144 3100/1848/1830
f 1592/1774/1756 1591/1210/1195 3101/3289/3230
f 3101/3289/3230 3102/1776/1758 1592/1774/1756
f 3100/1848/1830 3002/3203/3144 750/861/846
f 750/861/846 751/863/848 752/862/847
f 3100/1848/1830 750/861/846 752/862/847
f 3100/1848/1830 752/862/847 1591/1210/1195
f 985/3155/3107 1060/1088/1073 1055/1184/1169
f 1055/1184/1169 1060/1088/1073 1053/1182/1167
f 984/1089/1074 1060/1088/1073 985/3155/3107
f 1057/1090/1075 985/3155/3107 1055/1184/1169
f 2998/94/93 83/3198/92 84/3290/2753
f 88/98/97 86/96/95 87/97/96
f 2963/3170/3122 2966/3137/3089 2964/3171/3123
f 2964/3171/3123 2966/3137/3089 2920/3134/3086
f 2966/3137/3089 2963/3170/3122 2957/3166/3118
f 482/552/537 480/549/534 483/554/539
f 483/554/539 2967/548/533 484/555/540
f 484/555/540 486/559/544 485/556/541
f 1842/2069/2041 1851/2055/2027 1844/2059/2031
f 1837/2053/2025 1844/2059/2031 1851/2055/2027
f 2983/3291/3231 2971/3175/3125 2982/3185/3135
f 2971/3175/3125 2983/3291/3231 1787/1986/1958
f 2971/3175/3125 1787/1986/1958 2973/3176/3126
f 1547/1851/1833 3056/3246/3187 1548/1853/1835
f 3097/1728/1710 3103/3288/3229 1552/1729/1711
f 3103/3288/3229 3098/3249/3190 3099/3292/3232
f 793/879/864 3108/3293/3233 3109/3294/3234
f 3111/3295/3235 3110/3296/3236 937/1082/1067
f 936/1059/1044 3111/3295/3235 937/1082/1067
f 3112/1081/1066 937/1082/1067 3113/3297/3237
f 3106/3298/3238 3105/3299/3239 3116/3300/3240
f 3106/3298/3238 3116/3300/3240 3114/3301/3241
f 3106/3298/3238 3114/3301/3241 3107/3302/3242
f 3115/3303/3243 3114/3301/3241 3116/3300/3240
f 3109/3294/3234 3108/3293/3233 3110/3296/3236
f 3110/3296/3236 3113/3297/3237 937/1082/1067
f 937/1082/1067 3112/1081/1066 975/1080/1065
f 940/1040/1025 3116/3300/3240 3104/1041/1026
f 3116/3300/3240 3105/3299/3239 3104/1041/1026
f 3114/3301/3241 3115/3303/3243 3113/3297/3237
f 3113/3297/3237 3115/3303/3243 3112/1081/1066
f 940/1040/1025 3104/1041/1026 942/157/156
f 942/157/156 941/1042/1027 940/1040/1025
f 940/1040/1025 938/1039/1024 3116/3300/3240
f 3116/3300/3240 938/1039/1024 3115/3303/3243
f 3112/1081/1066 3115/3303/3243 938/1039/1024
f 3117/3304/3244 100/109/108 98/151/150
f 101/110/109 100/109/108 3106/3298/3238
f 3106/3298/3238 100/109/108 3105/3299/3239
f 796/884/869 797/1034/1019 3107/3302/3242
f 3118/881/866 3107/3302/3242 3108/3293/3233
f 3118/881/866 3108/3293/3233 793/879/864
f 3109/3294/3234 792/1002/987 793/879/864
f 100/109/108 3117/3304/3244 3105/3299/3239
f 3105/3299/3239 3117/3304/3244 3104/1041/1026
f 100/109/108 99/108/107 98/151/150
f 3117/3304/3244 98/151/150 3104/1041/1026
f 3017/3305/3245 1016/1140/1125 3119/3306/3246
f 3119/3306/3246 1016/1140/1125 1015/1141/1126
f 3119/3306/3246 1015/1141/1126 1013/1118/1103
f 3121/1134/1119 3122/3307/3247 687/765/750
f 3121/1134/1119 1016/1140/1125 3017/3305/3245
f 3121/1134/1119 3139/3217/3158 3122/3307/3247
f 3139/3217/3158 3121/1134/1119 3018/3218/3159
f 3018/3218/3159 3121/1134/1119 3017/3305/3245
f 1013/1118/1103 1015/1141/1126 1020/761/746
f 3094/3286/3227 2583/2837/2796 3123/3285/3226
f 3123/3285/3226 2583/2837/2796 3124/3308/3248
f 2992/2967/2923 3125/3309/3249 2578/2832/2791
f 3125/3309/3249 2992/2967/2923 3123/3285/3226
f 2992/2967/2923 2715/2969/2925 3123/3285/3226
f 3123/3285/3226 3124/3308/3248 3125/3309/3249
f 2583/2837/2796 2582/2836/2795 3124/3308/3248
f 2908/3129/3081 511/1915/1894 2909/1914/1893
f 512/2385/2352 2907/3128/3080 513/2379/2346
f 2859/3094/3048 2951/3161/3113 1712/3096/3050
f 1711/3310/3250 2951/3161/3113 3126/3232/3173
f 1711/3310/3250 1712/3096/3050 2951/3161/3113
f 2953/3311/3251 3126/3232/3173 3127/3127/3079
f 3171/3312/3252 3127/3127/3079 3128/3313/3253
f 3129/1920/1899 3128/3313/3253 3127/3127/3079
f 3126/3232/3173 2953/3311/3251 1711/3310/3250
f 2953/3311/3251 3127/3127/3079 3171/3312/3252
f 3128/3313/3253 3129/1920/1899 1710/1904/1883
f 1710/1904/1883 3129/1920/1899 1724/1916/1895
f 1851/2055/2027 3095/2073/2045 1850/2071/2043
f 1850/2071/2043 3095/2073/2045 1830/2046/2018
f 1787/1986/1958 2983/3291/3231 3130/3314/3254
f 1787/1986/1958 3130/3314/3254 1785/1983/1955
f 632/702/687 636/709/694 635/700/685
f 2725/2987/2943 2726/2988/2944 2739/2999/2955
f 512/2385/2352 511/1915/1894 2907/3128/3080
f 2907/3128/3080 511/1915/1894 2908/3129/3081
f 1114/1245/1230 1115/1246/1231 1113/1243/1228
f 1115/1246/1231 1132/1270/1255 1133/1311/1296
f 1115/1246/1231 1133/1311/1296 1113/1243/1228
f 3084/3277/3218 3085/3276/3217 504/572/557
f 3056/3246/3187 3074/3248/3189 3098/3249/3190
f 3131/3315/3255 3099/3292/3232 3059/3253/3194
f 3131/3315/3255 3059/3253/3194 3132/3316/3256
f 3135/912/897 3313/3317/3257 3136/833/818
f 3135/912/897 745/911/896 3134/3318/3258
f 3134/3318/3258 1556/3319/3259 3133/3320/3260
f 1557/1735/1717 1556/3319/3259 745/911/896
f 3136/833/818 744/913/898 3135/912/897
f 3134/3318/3258 745/911/896 1556/3319/3259
f 3099/3292/3232 3131/3315/3255 3137/1730/1712
f 3099/3292/3232 3137/1730/1712 3103/3288/3229
f 3131/3315/3255 3138/3321/3261 3137/1730/1712
f 3137/1730/1712 3138/3321/3261 1554/1733/1715
f 1557/1735/1717 3138/3321/3261 3132/3316/3256
f 1557/1735/1717 3132/3316/3256 1556/3319/3259
f 3138/3321/3261 1557/1735/1717 1554/1733/1715
f 3131/3315/3255 3132/3316/3256 3138/3321/3261
f 3132/3316/3256 3133/3320/3260 1556/3319/3259
f 3134/3318/3258 3313/3317/3257 3135/912/897
f 3098/3249/3190 3058/3251/3192 3099/3292/3232
f 3058/3251/3192 3059/3253/3194 3099/3292/3232
f 1013/1118/1103 1049/1117/1102 3119/3306/3246
f 1049/1117/1102 1000/1116/1101 3119/3306/3246
f 3119/3306/3246 1000/1116/1101 3257/1114/1099
f 3119/3306/3246 3257/1114/1099 3017/3305/3245
f 3021/3221/3162 3140/3222/3163 3022/3216/3157
f 3022/3216/3157 3140/3222/3163 3139/3217/3158
f 3139/3217/3158 3018/3218/3159 3023/1093/1078
f 3122/3307/3247 3139/3217/3158 3140/3222/3163
f 3140/3222/3163 3020/3215/3156 3019/1137/1122
f 3122/3307/3247 3140/3222/3163 3019/1137/1122
f 3018/3218/3159 3017/3305/3245 3257/1114/1099
f 2931/3144/3096 2934/3148/3100 2936/3227/3168
f 2936/3227/3168 2934/3148/3100 2935/3230/3171
f 2932/3142/3094 2931/3144/3096 2936/3227/3168
f 1158/1240/1225 1109/1295/1280 1157/1296/1281
f 3143/3322/3262 3142/3323/3263 1156/1292/1277
f 1156/1292/1277 1154/1291/1276 3143/3322/3262
f 3143/3322/3262 3144/3324/3264 3141/3325/3265
f 3142/3323/3263 3143/3322/3262 3141/3325/3265
f 1112/1244/1229 1156/1292/1277 3142/3323/3263
f 1112/1244/1229 3142/3323/3263 3141/3325/3265
f 3141/3325/3265 3160/1294/1279 1112/1244/1229
f 3130/3314/3254 2983/3291/3231 2982/3185/3135
f 3130/3314/3254 2982/3185/3135 2981/3184/3134
f 973/1078/1063 949/1075/1060 950/1048/1033
f 973/1078/1063 950/1048/1033 952/1050/1035
f 1116/1248/1233 2830/1249/1234 1117/1250/1235
f 1966/2200/2167 3288/3326/3266 3298/3327/3267
f 3147/3328/3268 3149/1262/1247 3148/1260/1245
f 2828/3075/3030 1119/3066/3021 3149/1262/1247
f 2828/3075/3030 3149/1262/1247 1118/1252/1237
f 1118/1252/1237 3146/3329/3269 1117/1250/1235
f 1118/1252/1237 3149/1262/1247 3146/3329/3269
f 1127/1263/1248 3149/1262/1247 1119/3066/3021
f 3147/3328/3268 3148/1260/1245 3152/3330/3270
f 3152/3330/3270 3148/1260/1245 3153/3331/3271
f 3146/3329/3269 3149/1262/1247 3147/3328/3268
f 3146/3329/3269 3145/3332/3272 1117/1250/1235
f 1170/1314/1299 3150/1313/1298 3145/3332/3272
f 3151/3333/3273 3147/3328/3268 3152/3330/3270
f 3154/3334/3274 1126/1259/1244 1125/1257/1242
f 3155/1274/1259 3156/3335/3275 1135/1275/1260
f 1135/1275/1260 3156/3335/3275 1136/1276/1261
f 1138/1278/1263 1136/1276/1261 3157/3336/3276
f 1172/1316/1301 1171/1315/1300 3155/1274/1259
f 1172/1316/1301 3155/1274/1259 1134/1272/1257
f 3156/3335/3275 3155/1274/1259 1171/1315/1300
f 1116/1248/1233 1117/1250/1235 3145/3332/3272
f 3151/3333/3273 3145/3332/3272 3147/3328/3268
f 3154/3334/3274 3153/3331/3271 1126/1259/1244
f 3150/1313/1298 1116/1248/1233 3145/3332/3272
f 3147/3328/3268 3145/3332/3272 3146/3329/3269
f 1157/1296/1281 1107/1239/1224 1158/1240/1225
f 1107/1239/1224 1157/1296/1281 1106/1237/1222
f 1106/1237/1222 3158/3337/3277 3159/3338/3278
f 1911/2138/2105 1146/1299/1284 1910/2136/2103
f 1911/2138/2105 3159/3338/3278 1147/1300/1285
f 1106/1237/1222 3159/3338/3278 1911/2138/2105
f 3159/3338/3278 3158/3337/3277 1148/1286/1271
f 3159/3338/3278 1148/1286/1271 1147/1300/1285
f 1148/1286/1271 3158/3337/3277 3144/3324/3264
f 1911/2138/2105 1147/1300/1285 1146/1299/1284
f 3158/3337/3277 1157/1296/1281 3144/3324/3264
f 3158/3337/3277 1106/1237/1222 1157/1296/1281
f 1785/1983/1955 3130/3314/3254 2974/3177/3127
f 150/169/168 2738/170/169 3165/3339/3279
f 2738/170/169 3161/3340/3280 3165/3339/3279
f 2892/3112/3066 3161/3340/3280 2738/170/169
f 3161/3340/3280 2892/3112/3066 2889/3111/3065
f 2892/3112/3066 2738/170/169 2739/2999/2955
f 1132/1270/1255 1169/1312/1297 1133/1311/1296
f 1132/1270/1255 1116/1248/1233 3150/1313/1298
f 3150/1313/1298 1169/1312/1297 1132/1270/1255
f 2582/2836/2795 2580/2835/2794 3124/3308/3248
f 3125/3309/3249 3124/3308/3248 2580/2835/2794
f 3125/3309/3249 2580/2835/2794 2579/2833/2792
f 2578/2832/2791 3125/3309/3249 2579/2833/2792
f 1830/2046/2018 3162/1980/1952 1831/2042/2014
f 3162/1980/1952 1830/2046/2018 1856/2075/2047
f 1856/2075/2047 1854/3287/3228 3162/1980/1952
f 1854/3287/3228 1855/1981/1953 3162/1980/1952
f 3163/3269/3210 3057/3250/3191 3074/3248/3189
f 3057/3250/3191 3073/3252/3193 3058/3251/3192
f 3130/3314/3254 2981/3184/3134 2980/3183/3133
f 3130/3314/3254 2980/3183/3133 2978/3341/3281
f 2978/3341/3281 2977/3186/3136 3130/3314/3254
f 2974/3177/3127 3130/3314/3254 2977/3186/3136
f 946/1047/1032 972/1077/1062 939/1038/1023
f 1054/1183/1168 1053/1182/1167 88/98/97
f 3161/3340/3280 2889/3111/3065 2890/3109/3063
f 1157/1296/1281 3160/1294/1279 3144/3324/3264
f 3144/3324/3264 3160/1294/1279 3141/3325/3265
f 1553/1731/1713 3137/1730/1712 1554/1733/1715
f 1554/1733/1715 1558/1732/1714 1553/1731/1713
f 3101/3289/3230 1591/1210/1195 753/3342/3282
f 754/1058/1043 3102/1776/1758 753/3342/3282
f 753/3342/3282 3102/1776/1758 3101/3289/3230
f 3164/3343/3283 2890/3109/3063 2891/148/147
f 3164/3343/3283 2891/148/147 139/171/170
f 3165/3339/3279 3164/3343/3283 139/171/170
f 3166/3344/3284 3167/3345/3285 3168/3346/3286
f 3166/3344/3284 3168/3346/3286 3167/3345/3285
f 2979/3182/3132 2978/3341/3281 2980/3183/3133
f 3169/3347/3287 2632/2884/2842 2712/3348/3141
f 3169/3347/3287 2712/3348/3141 2576/2828/2787
f 2576/2828/2787 2712/3348/3141 2713/2829/2788
f 2632/2965/2842 2993/2966/2922 2712/3194/3141
f 2592/2827/2786 2714/2830/2789 2577/2831/2790
f 2577/2831/2790 2992/2967/2923 2578/2832/2791
f 3126/3232/3173 2951/3161/3113 2952/3131/3083
f 1850/2071/2043 1830/2046/2018 1829/2045/2017
f 3170/3349/3288 3171/3312/3252 3172/3350/3289
f 1708/1901/1880 3172/3350/3289 1709/1902/1881
f 1709/1902/1881 3172/3350/3289 3171/3312/3252
f 3170/3349/3288 2953/3311/3251 3171/3312/3252
f 1711/3310/3250 2953/3311/3251 3170/3349/3288
f 1711/3310/3250 3170/3349/3288 3173/1693/1675
f 1712/3096/3050 1509/3150/3102 1713/1899/1878
f 1712/3096/3050 1711/3310/3250 1509/3150/3102
f 1509/3150/3102 1711/3310/3250 3173/1693/1675
f 1710/1904/1883 1709/1902/1881 3128/3313/3253
f 1709/1902/1881 3171/3312/3252 3128/3313/3253
f 1506/1897/1876 1505/1691/1673 1708/1901/1880
f 1505/1691/1673 3170/3349/3288 3172/3350/3289
f 1505/1691/1673 3173/1693/1675 3170/3349/3288
f 3174/2084/2054 3173/1693/1675 1507/1692/1674
f 1509/3150/3102 3173/1693/1675 3174/2084/2054
f 1509/3150/3102 1508/1900/1879 1713/1899/1878
f 3175/2141/2108 1102/1862/1844 3039/3235/3176
f 3039/3235/3176 1104/2139/2106 3175/2141/2108
f 1103/2142/2109 1102/1862/1844 3175/2141/2108
f 87/97/96 85/95/94 2633/3351/3290
f 87/97/96 2633/3351/3290 2634/3352/3291
f 2890/3109/3063 3164/3343/3283 3165/3339/3279
f 3165/3339/3279 3161/3340/3280 2890/3109/3063
f 3176/3353/3292 139/171/170 140/172/171
f 150/169/168 3165/3339/3279 149/168/167
f 149/168/167 3165/3339/3279 3176/3353/3292
f 140/172/171 141/115/114 142/158/157
f 142/158/157 141/115/114 105/114/113
f 140/172/171 142/158/157 149/168/167
f 149/168/167 142/158/157 148/162/161
f 140/172/171 149/168/167 3176/3353/3292
f 3176/3353/3292 3165/3339/3279 139/171/170
f 3129/1920/1899 2908/3129/3081 2909/1914/1893
f 1721/1918/1897 1725/1921/1900 2909/1914/1893
f 2946/1115/1100 2944/3156/3108 2947/1112/1097
f 2947/1112/1097 2944/3156/3108 986/1091/1076
f 2707/3354/3293 1054/1183/1168 88/98/97
f 2711/2823/2782 2696/2945/2903 3179/2963/2921
f 2635/2887/2845 2696/2945/2903 2711/2823/2782
f 2710/2886/2844 3179/2963/2921 2709/3355/3294
f 2709/3355/3294 3179/2963/2921 3180/3356/3295
f 2708/2885/2843 2709/3355/3294 2707/3354/3293
f 2696/2945/2903 3188/2946/2904 3179/2963/2921
f 1056/1185/1170 3185/3357/3296 3181/1181/1166
f 987/1113/1098 986/1091/1076 3183/3358/3297
f 3183/3358/3297 3181/1181/1166 3182/3359/3298
f 986/1091/1076 3181/1181/1166 3183/3358/3297
f 1055/1184/1169 1054/1183/1168 3177/3360/3299
f 1055/1184/1169 3177/3360/3299 1056/1185/1170
f 3177/3360/3299 3178/3361/3300 1056/1185/1170
f 1056/1185/1170 3178/3361/3300 3184/3362/3301
f 1056/1185/1170 3184/3362/3301 3185/3357/3296
f 3187/3363/3302 3186/3364/3303 3180/3356/3295
f 3188/2946/2904 2697/2948/2906 3187/3363/3302
f 1220/1370/1355 1221/3365/3304 3189/1371/1356
f 1219/1369/1354 3189/1371/1356 2698/2947/2905
f 3181/1181/1166 3185/3357/3296 3182/3359/3298
f 3182/3359/3298 3185/3357/3296 1221/3365/3304
f 3182/3359/3298 1221/3365/3304 3183/3358/3297
f 3189/1371/1356 1221/3365/3304 3185/3357/3296
f 3185/3357/3296 3184/3362/3301 3189/1371/1356
f 3184/3362/3301 3186/3364/3303 3187/3363/3302
f 2698/2947/2905 3189/1371/1356 3187/3363/3302
f 3187/3363/3302 3189/1371/1356 3184/3362/3301
f 3178/3361/3300 2709/3355/3294 3186/3364/3303
f 3178/3361/3300 3186/3364/3303 3184/3362/3301
f 2633/3351/3290 85/95/94 2632/2884/2842
f 2579/2833/2792 2581/2834/2793 3190/3366/3305
f 2581/2834/2793 2958/3167/3119 3190/3366/3305
f 3190/3366/3305 2958/3167/3119 3191/3367/3306
f 3191/3367/3306 2960/2807/2766 2560/2808/2767
f 2960/2807/2766 3191/3367/3306 2958/3167/3119
f 2579/2833/2792 3190/3366/3305 2577/2831/2790
f 3193/1057/1042 782/906/891 3194/1000/985
f 3194/1000/985 953/865/850 3195/1054/1039
f 3195/1054/1039 956/1056/1041 3193/1057/1042
f 3192/3368/3307 3193/1057/1042 754/1058/1043
f 3193/1057/1042 3194/1000/985 3195/1054/1039
f 784/866/851 953/865/850 3194/1000/985
f 783/905/890 3194/1000/985 782/906/891
f 781/904/889 782/906/891 3196/3369/3308
f 3192/3368/3307 753/3342/3282 780/914/899
f 753/3342/3282 3192/3368/3307 754/1058/1043
f 3192/3368/3307 3196/3369/3308 3193/1057/1042
f 3193/1057/1042 3196/3369/3308 782/906/891
f 2633/3351/3290 2632/2884/2842 3169/3347/3287
f 1780/2043/2015 3162/1980/1952 1781/3179/3129
f 3162/1980/1952 1780/2043/2015 1831/2042/2014
f 2977/3186/3136 2978/3341/3281 3197/3370/3309
f 2984/3178/3128 3197/3370/3309 3198/1646/1631
f 3198/1646/1631 3199/3371/3310 1467/1641/1626
f 3198/1646/1631 3197/3370/3309 3199/3371/3310
f 1468/1642/1627 1467/1641/1626 3199/3371/3310
f 2984/3178/3128 2977/3186/3136 3197/3370/3309
f 2978/3341/3281 2979/3182/3132 3200/3181/3131
f 3197/3370/3309 3201/3372/3311 3199/3371/3310
f 2978/3341/3281 3200/3181/3131 3197/3370/3309
f 3197/3370/3309 3200/3181/3131 3201/3372/3311
f 1469/1643/1628 3202/3373/3312 3203/3374/3313
f 3203/3374/3313 3202/3373/3312 3244/3375/3314
f 3203/3374/3313 3206/1514/1499 3204/3376/3315
f 3364/3377/3316 1352/3378/3317 3207/3379/3318
f 1351/1513/1498 3204/3376/3315 3206/1514/1499
f 3365/3380/3319 3208/3381/3320 1352/3378/3317
f 3204/3376/3315 3207/3379/3318 3268/3382/3321
f 2066/2317/2284 2067/3383/3322 3594/3384/3323
f 3213/1623/1608 1429/1604/1589 3212/3385/3324
f 1429/1604/1589 1448/1602/1587 3212/3385/3324
f 3212/3385/3324 3214/3386/3325 3211/3387/3326
f 3212/3385/3324 1448/1602/1587 3214/3386/3325
f 3216/3388/3327 1450/1627/1612 3217/2082/2053
f 3215/1625/1610 3218/1624/1609 3216/3388/3327
f 3216/3388/3327 3218/1624/1609 1450/1627/1612
f 3210/3389/3328 3271/3390/3329 3209/3391/3330
f 1591/1210/1195 780/914/899 753/3342/3282
f 3192/3368/3307 780/914/899 781/904/889
f 3192/3368/3307 781/904/889 3196/3369/3308
f 819/907/892 781/904/889 780/914/899
f 2710/2886/2844 3219/2826/2785 2574/2824/2783
f 3220/2841/2800 3221/3392/3331 3227/2888/2846
f 3227/2888/2846 3221/3392/3331 3222/3393/3332
f 3222/3393/3332 3221/3392/3331 3223/3394/3333
f 2639/2891/2849 2638/3395/3334 3226/2892/2850
f 3226/2892/2850 2638/3395/3334 3225/3396/3335
f 3223/3394/3333 3224/3397/3336 3222/3393/3332
f 3222/3393/3332 3224/3397/3336 3225/3396/3335
f 3222/3393/3332 3225/3396/3335 2638/3395/3334
f 2638/3395/3334 2637/2890/2848 3222/3393/3332
f 3222/3393/3332 2637/2890/2848 3227/2888/2846
f 3227/2888/2846 2573/2822/2781 3220/2841/2800
f 3227/2888/2846 2635/2887/2845 2573/2822/2781
f 2573/2822/2781 2635/2887/2845 2711/2823/2782
f 2711/2823/2782 2710/2886/2844 2574/2824/2783
f 3219/2826/2785 2708/2885/2843 2634/3352/3291
f 3219/2826/2785 2634/3352/3291 2633/3351/3290
f 2575/2825/2784 3219/2826/2785 3169/3347/3287
f 2575/2825/2784 3169/3347/3287 2576/2828/2787
f 2633/3351/3290 3169/3347/3287 3219/2826/2785
f 510/575/560 503/3281/3222 507/582/567
f 507/582/567 502/3282/3223 508/577/562
f 510/575/560 3228/574/559 503/3281/3222
f 504/572/557 3228/574/559 506/550/535
f 3228/574/559 504/572/557 503/3281/3222
f 3143/3322/3262 1154/1291/1276 1152/1290/1275
f 2477/2740/2699 2478/2742/2701 614/1507/1492
f 643/760/745 686/1133/1118 628/763/748
f 628/763/748 627/3398/3337 3229/708/693
f 638/691/676 3230/3399/3338 3231/692/677
f 3231/692/677 3230/3399/3338 626/3400/3339
f 626/3400/3339 629/689/674 3231/692/677
f 3229/708/693 637/707/692 628/763/748
f 3256/3401/3340 627/3398/3337 628/763/748
f 3229/708/693 627/3398/3337 3230/3399/3338
f 3229/708/693 3230/3399/3338 638/691/676
f 2560/2808/2767 2744/3003/2959 3232/3402/3341
f 3232/3402/3341 2744/3003/2959 3233/2809/2768
f 3235/3403/3342 3238/3404/3343 3247/3405/3344
f 3247/3405/3344 3238/3404/3343 2589/3406/3345
f 3235/3403/3342 3247/3405/3344 3236/3407/3346
f 3235/3403/3342 3236/3407/3346 3233/2809/2768
f 3233/2809/2768 3236/3407/3346 3232/3402/3341
f 3233/2809/2768 3234/3408/3347 3235/3403/3342
f 3233/2809/2768 2563/2812/2771 3234/3408/3347
f 3234/3408/3347 2563/2812/2771 2564/2814/2773
f 2563/2812/2771 3233/2809/2768 2562/2811/2770
f 3233/2809/2768 2744/3003/2959 2561/2810/2769
f 3235/3403/3342 3234/3408/3347 3237/2815/2774
f 2589/3406/3345 3239/2847/2806 2588/2842/2801
f 3239/2847/2806 3238/3404/3343 2595/2848/2807
f 3235/3403/3342 3237/2815/2774 2595/2848/2807
f 3235/3403/3342 2595/2848/2807 3238/3404/3343
f 3239/2847/2806 2589/3406/3345 3238/3404/3343
f 3234/3408/3347 2564/2814/2773 3237/2815/2774
f 3070/3262/3203 3066/3260/3201 3069/3264/3205
f 3069/3264/3205 3066/3260/3201 3242/3263/3204
f 3242/3263/3204 3243/1235/1220 1099/1328/1313
f 3066/3260/3201 3076/3273/3214 3242/3263/3204
f 3241/3268/3209 3240/3275/3216 3076/3273/3214
f 3073/3252/3193 3241/3268/3209 3076/3273/3214
f 3076/3273/3214 3066/3260/3201 3075/3272/3213
f 3075/3272/3213 3066/3260/3201 3065/3259/3200
f 3078/3274/3215 1100/1234/1219 3080/1236/1221
f 3240/3275/3216 3080/1236/1221 3243/1235/1220
f 3076/3273/3214 3240/3275/3216 3242/3263/3204
f 3242/3263/3204 3240/3275/3216 3243/1235/1220
f 3246/3409/3348 2107/2360/2327 2106/2329/2296
f 2108/2361/2328 2107/2360/2327 3246/3409/3348
f 2106/2329/2296 1349/2359/2326 3246/3409/3348
f 3201/3372/3311 3200/3181/3131 2108/2361/2328
f 3201/3372/3311 2108/2361/2328 3202/3373/3312
f 3202/3373/3312 2108/2361/2328 3244/3375/3314
f 3244/3375/3314 3206/1514/1499 3203/3374/3313
f 1349/2359/2326 3245/1512/1497 3246/3409/3348
f 3206/1514/1499 3244/3375/3314 3245/1512/1497
f 3245/1512/1497 3244/3375/3314 3246/3409/3348
f 2108/2361/2328 3246/3409/3348 3244/3375/3314
f 2707/3354/3293 3177/3360/3299 1054/1183/1168
f 2577/2831/2790 3190/3366/3305 2591/2843/2802
f 2591/2843/2802 3248/3410/3349 3247/3405/3344
f 2591/2843/2802 3247/3405/3344 2590/2846/2805
f 2590/2846/2805 3247/3405/3344 2589/3406/3345
f 3236/3407/3346 3248/3410/3349 3232/3402/3341
f 2591/2843/2802 3190/3366/3305 3248/3410/3349
f 3247/3405/3344 3248/3410/3349 3236/3407/3346
f 507/582/567 503/3281/3222 502/3282/3223
f 1148/1286/1271 3144/3324/3264 1150/1287/1272
f 1150/1287/1272 3144/3324/3264 1151/1289/1274
f 1151/1289/1274 3144/3324/3264 1152/1290/1275
f 1680/1861/1843 1101/1860/1842 1100/1234/1219
f 1100/1234/1219 3078/3274/3215 1680/1861/1843
f 552/619/604 2477/2740/2699 554/620/605
f 2707/3354/3293 88/98/97 2634/3352/3291
f 2707/3354/3293 2634/3352/3291 2708/2885/2843
f 2634/3352/3291 88/98/97 87/97/96
f 686/1133/1118 3120/764/749 628/763/748
f 3256/3401/3340 687/765/750 688/1136/1121
f 3281/690/675 3250/3411/3350 3251/3412/3351
f 690/3413/3352 691/1107/1092 3253/3414/3353
f 692/1111/1096 3252/3415/3354 691/1107/1092
f 3253/3414/3353 691/1107/1092 3252/3415/3354
f 693/1477/1462 3251/3412/3351 3252/3415/3354
f 3252/3415/3354 3251/3412/3351 3254/3416/3355
f 690/3413/3352 3254/3416/3355 3255/768/753
f 690/3413/3352 3253/3414/3353 3254/3416/3355
f 3254/3416/3355 3253/3414/3353 3252/3415/3354
f 3250/3411/3350 3254/3416/3355 3251/3412/3351
f 3249/3417/3356 1017/766/751 3254/3416/3355
f 3249/3417/3356 3254/3416/3355 3250/3411/3350
f 1017/766/751 3255/768/753 3254/3416/3355
f 3256/3401/3340 688/1136/1121 627/3398/3337
f 688/1136/1121 689/1139/1124 627/3398/3337
f 3191/3367/3306 3232/3402/3341 3190/3366/3305
f 3190/3366/3305 3232/3402/3341 3248/3410/3349
f 2560/2808/2767 3232/3402/3341 3191/3367/3306
f 797/1034/1019 103/111/110 3106/3298/3238
f 3106/3298/3238 103/111/110 101/110/109
f 797/1034/1019 3106/3298/3238 3107/3302/3242
f 1119/3066/3021 1128/3067/3022 1127/1263/1248
f 1127/1263/1248 1128/3067/3022 1120/1253/1238
f 1127/1263/1248 1120/1253/1238 1130/1266/1251
f 3114/3301/3241 3113/3297/3237 3108/3293/3233
f 3108/3293/3233 3113/3297/3237 3110/3296/3236
f 3177/3360/3299 2707/3354/3293 2709/3355/3294
f 2709/3355/3294 3178/3361/3300 3177/3360/3299
f 3089/1945/1921 3085/3276/3217 498/1940/1917
f 3195/1054/1039 953/865/850 955/1053/1038
f 1131/1256/1241 3258/1261/1246 1130/1266/1251
f 1130/1266/1251 3258/1261/1246 1127/1263/1248
f 1130/1266/1251 1120/1253/1238 1121/1255/1240
f 1130/1266/1251 1121/1255/1240 3259/3418/3357
f 3260/1264/1249 1123/1269/1254 1129/1265/1250
f 1130/1266/1251 3259/3418/3357 3260/1264/1249
f 1122/3419/3358 1123/1269/1254 3259/3418/3357
f 3259/3418/3357 1123/1269/1254 3260/1264/1249
f 1348/2320/2287 552/619/604 553/618/603
f 1170/1314/1299 3151/3333/3273 3261/3420/3359
f 3261/3420/3359 3151/3333/3273 3262/3421/3360
f 1138/1278/1263 3157/3336/3276 3266/3422/3361
f 1138/1278/1263 3266/3422/3361 1140/1280/1265
f 3262/3421/3360 3157/3336/3276 3261/3420/3359
f 3261/3420/3359 1171/1315/1300 1170/1314/1299
f 1171/1315/1300 3261/3420/3359 3156/3335/3275
f 1136/1276/1261 3156/3335/3275 3157/3336/3276
f 3157/3336/3276 3156/3335/3275 3261/3420/3359
f 3276/3423/3362 3386/3424/3363 3359/3425/3364
f 3276/3423/3362 1350/3426/3365 1349/2359/2326
f 3276/3423/3362 1349/2359/2326 1348/2320/2287
f 3263/3427/3366 3245/1512/1497 1350/3426/3365
f 1350/3426/3365 3245/1512/1497 1349/2359/2326
f 3245/1512/1497 3263/3427/3366 1351/1513/1498
f 1343/1503/1488 553/618/603 554/620/605
f 2575/2825/2784 2576/2828/2787 2593/2844/2803
f 2575/2825/2784 2593/2844/2803 2594/2845/2804
f 2594/2845/2804 2574/2824/2783 2575/2825/2784
f 128/164/163 129/3428/3367 126/141/140
f 152/165/164 146/161/160 128/164/163
f 128/164/163 146/161/160 147/143/142
f 554/620/605 2477/2740/2699 614/1507/1492
f 554/620/605 614/1507/1492 555/1504/1489
f 3018/3218/3159 3257/1114/1099 1059/1094/1079
f 1059/1094/1079 3257/1114/1099 987/1113/1098
f 128/164/163 126/141/140 127/142/141
f 1170/1314/1299 3145/3332/3272 3151/3333/3273
f 3153/3331/3271 3154/3334/3274 3333/3429/3368
f 3157/3336/3276 3262/3421/3360 3264/3430/3369
f 3264/3430/3369 3266/3422/3361 3157/3336/3276
f 3266/3422/3361 3264/3430/3369 1140/1280/1265
f 3152/3330/3270 3153/3331/3271 3333/3429/3368
f 3199/3371/3310 3201/3372/3311 3202/3373/3312
f 3199/3371/3310 3202/3373/3312 1468/1642/1627
f 1468/1642/1627 3202/3373/3312 1469/1643/1628
f 1469/1643/1628 3203/3374/3313 1459/1644/1629
f 1456/1629/1614 3267/3431/3370 3461/3432/3371
f 1456/1629/1614 3461/3432/3371 1455/1630/1615
f 1455/1630/1615 3461/3432/3371 1454/3433/3372
f 3267/3431/3370 1456/1629/1614 1458/3434/3373
f 3267/3431/3370 1458/3434/3373 1459/1644/1629
f 1457/1631/1616 1458/3434/3373 1456/1629/1614
f 3267/3431/3370 3204/3376/3315 3268/3382/3321
f 3267/3431/3370 3268/3382/3321 3269/3435/3374
f 3215/1625/1610 3271/3390/3329 3214/3386/3325
f 1459/1644/1629 3203/3374/3313 3204/3376/3315
f 3270/3436/3375 3209/3391/3330 3271/3390/3329
f 3271/3390/3329 3211/3387/3326 3214/3386/3325
f 3211/3387/3326 3271/3390/3329 3210/3389/3328
f 3205/2316/2283 2066/2317/2284 3594/3384/3323
f 3270/3436/3375 3269/3435/3374 3209/3391/3330
f 3209/3391/3330 3269/3435/3374 3268/3382/3321
f 3209/3391/3330 3268/3382/3321 3594/3384/3323
f 3594/3384/3323 3268/3382/3321 3205/2316/2283
f 1459/1644/1629 3204/3376/3315 3267/3431/3370
f 3273/1489/1474 3272/1479/1464 1325/1482/1467
f 3108/3293/3233 3107/3302/3242 3114/3301/3241
f 125/122/121 126/141/140 112/123/122
f 3275/138/137 113/125/124 115/129/128
f 122/133/132 119/132/131 120/3437/3376
f 122/133/132 120/3437/3376 121/134/133
f 119/132/131 123/137/136 117/130/129
f 2724/2985/2941 113/125/124 124/140/139
f 2724/2985/2941 3274/124/123 113/125/124
f 3089/1945/1921 498/1940/1917 499/1941/1918
f 3153/3331/3271 3148/1260/1245 1126/1259/1244
f 1159/1298/1283 1135/1275/1260 1160/1288/1273
f 2708/2885/2843 2710/2886/2844 2709/3355/3294
f 553/618/603 3276/3423/3362 1348/2320/2287
f 3386/3424/3363 3276/3423/3362 553/618/603
f 1343/1503/1488 3386/3424/3363 553/618/603
f 934/1037/1022 953/865/850 785/867/852
f 931/869/854 932/1035/1020 785/867/852
f 936/1059/1044 935/1051/1036 3277/3438/3377
f 3111/3295/3235 3277/3438/3377 3278/3439/3378
f 128/164/163 147/143/142 129/3428/3367
f 935/1051/1036 933/1036/1021 3277/3438/3377
f 3280/3440/3379 3249/3417/3356 3250/3411/3350
f 3249/3417/3356 3280/3440/3379 3230/3399/3338
f 3249/3417/3356 3230/3399/3338 689/1139/1124
f 689/1139/1124 3230/3399/3338 627/3398/3337
f 626/3400/3339 3230/3399/3338 3280/3440/3379
f 3250/3411/3350 3281/690/675 3280/3440/3379
f 626/3400/3339 3280/3440/3379 3281/690/675
f 624/1475/1460 3251/3412/3351 693/1477/1462
f 624/1475/1460 3282/3441/3380 3251/3412/3351
f 3282/3441/3380 624/1475/1460 625/688/673
f 3282/3441/3380 625/688/673 3281/690/675
f 693/1477/1462 692/1111/1096 623/696/681
f 3281/690/675 3251/3412/3351 3282/3441/3380
f 2590/2846/2805 2589/3406/3345 2588/2842/2801
f 3304/3442/3381 3283/3443/3382 3284/3444/3383
f 3284/3444/3383 3293/3445/3384 3307/3446/3385
f 3293/3445/3384 3295/3447/3386 3306/3448/3387
f 3306/3448/3387 3295/3447/3386 3286/3449/3388
f 3306/3448/3387 3286/3449/3388 3309/3450/3389
f 3312/3451/3390 3309/3450/3389 3285/3452/3391
f 3285/3452/3391 3309/3450/3389 3286/3449/3388
f 3287/1267/1252 3288/3453/3266 1125/1257/1242
f 3289/3454/3392 3286/3455/3388 3290/3456/3393
f 3290/3456/3393 3294/3457/3394 1962/2204/2171
f 3284/3444/3383 3292/3458/3395 3295/3447/3386
f 3284/3444/3383 3295/3447/3386 3293/3445/3384
f 3292/3459/3395 3291/3460/3396 3294/3457/3394
f 3292/3458/3395 3294/3461/3394 3295/3447/3386
f 3294/3457/3394 3291/3460/3396 1962/2204/2171
f 3294/3457/3394 3290/3456/3393 3295/3462/3386
f 3285/3452/3391 3296/3463/3397 3300/3464/3398
f 1966/2200/2167 3298/3327/3267 1965/2202/2169
f 3285/3452/3391 3286/3449/3388 3296/3463/3397
f 3296/3463/3397 3286/3449/3388 3289/3465/3392
f 3296/3466/3397 3289/3454/3392 3300/3467/3398
f 3300/3467/3398 3289/3454/3392 3299/3468/3399
f 3301/3469/3400 3302/3470/3401 3298/3327/3267
f 1965/2202/2169 3298/3327/3267 3302/3470/3401
f 3300/3467/3398 3299/3468/3399 3303/3471/3402
f 3302/3470/3401 3301/3469/3400 3303/3471/3402
f 3301/3469/3400 3300/3467/3398 3303/3471/3402
f 3299/3468/3399 3289/3454/3392 3303/3471/3402
f 1965/2202/2169 3302/3470/3401 3303/3471/3402
f 3300/3467/3398 3301/3469/3400 3297/3472/3403
f 1864/2086/2056 1863/2085/2055 1869/2089/2057
f 1863/2085/2055 1408/2087/1562 1869/2089/2057
f 3305/3473/3404 3304/3442/3381 3308/3474/3405
f 3305/3473/3404 3307/3446/3385 1866/3229/3170
f 1869/2089/2057 1865/3231/3172 1864/2086/2056
f 1865/3231/3172 3305/3473/3404 3034/3228/3169
f 3034/3228/3169 3305/3473/3404 1866/3229/3170
f 3284/3444/3383 3307/3446/3385 3308/3474/3405
f 3284/3444/3383 3308/3474/3405 3304/3442/3381
f 3283/3443/3382 3304/3442/3381 1865/3231/3172
f 3283/3443/3382 1865/3231/3172 1869/2089/2057
f 3307/3446/3385 3293/3445/3384 3306/3448/3387
f 1123/1269/1254 3407/3475/3406 3923/1268/1253
f 3407/3475/3406 1123/1269/1254 3311/3476/3407
f 3309/3450/3389 3310/3477/3408 3306/3448/3387
f 3308/3474/3405 3307/3446/3385 3305/3473/3404
f 3311/3476/3407 1123/1269/1254 1122/3419/3358
f 1122/3419/3358 3259/3418/3357 3310/3477/3408
f 3310/3477/3408 3259/3418/3357 1121/1255/1240
f 3309/3450/3389 3312/3451/3390 3310/3477/3408
f 3134/3318/3258 3061/3255/3196 3313/3317/3257
f 742/830/815 823/832/817 3314/831/816
f 3133/3320/3260 3060/3258/3199 3061/3255/3196
f 3314/831/816 3313/3317/3257 3315/3254/3195
f 3315/3254/3195 3313/3317/3257 3061/3255/3196
f 3315/3254/3195 3062/3256/3197 3314/831/816
f 1090/1221/1206 3316/827/812 1095/1219/1204
f 742/830/815 1096/1229/1214 1095/1219/1204
f 1095/1219/1204 3316/827/812 742/830/815
f 1096/1229/1214 742/830/815 3062/3256/3197
f 3059/3253/3194 3060/3258/3199 3132/3316/3256
f 3132/3316/3256 3060/3258/3199 3133/3320/3260
f 936/1059/1044 3277/3438/3377 3111/3295/3235
f 3111/3295/3235 790/877/862 791/876/861
f 3110/3296/3236 792/1002/987 3109/3294/3234
f 3110/3296/3236 791/876/861 792/1002/987
f 791/876/861 3110/3296/3236 3111/3295/3235
f 629/689/674 626/3400/3339 3281/690/675
f 1863/2085/2055 3174/2084/2054 1507/1692/1674
f 3258/1261/1246 1124/1258/1243 1126/1259/1244
f 3317/1936/1913 3394/3478/3409 3318/3479/3410
f 1739/1934/1911 3318/3479/3410 1760/1932/1909
f 3321/1970/1942 3328/3480/3411 1770/1971/1943
f 1770/1971/1943 3328/3480/3411 1771/1972/1944
f 3321/1970/1942 3322/3481/3412 3320/3482/3413
f 3329/3483/3414 3321/1970/1942 3320/3482/3413
f 3322/3481/3412 3323/3484/3415 3320/3482/3413
f 3320/3482/3413 3323/3484/3415 3319/3485/3416
f 3319/3485/3416 3323/3484/3415 1738/1933/1910
f 1760/1932/1909 3318/3479/3410 1738/1933/1910
f 1822/2033/2005 1821/2032/2004 3326/2048/2020
f 3329/3483/3414 3328/3480/3411 3321/1970/1942
f 3327/3486/3417 3326/2048/2020 1771/1972/1944
f 3327/3486/3417 1771/1972/1944 3328/3480/3411
f 1820/2031/2003 1771/1972/1944 3326/2048/2020
f 1833/2044/2016 3326/2048/2020 1821/2032/2004
f 796/884/869 798/1022/1007 797/1034/1019
f 800/887/872 799/886/871 798/1022/1007
f 800/887/872 3336/3487/3418 801/889/874
f 3330/880/865 802/890/875 801/889/874
f 1868/3147/3099 3310/3477/3408 1121/1255/1240
f 3332/3488/3419 3333/3429/3368 3406/3489/3420
f 3154/3334/3274 3412/3490/2168 3333/3429/3368
f 3333/3429/3368 3332/3488/3419 3331/3491/3421
f 3333/3429/3368 3331/3491/3421 3152/3330/3270
f 3152/3330/3270 3331/3491/3421 3151/3333/3273
f 3151/3333/3273 3331/3491/3421 3262/3421/3360
f 1824/2035/2007 1822/2033/2005 3317/1936/1913
f 1739/1934/1911 3317/1936/1913 3318/3479/3410
f 3133/3320/3260 3061/3255/3196 3134/3318/3258
f 3183/3358/3297 1058/1428/1413 987/1113/1098
f 3179/2963/2921 3188/2946/2904 3180/3356/3295
f 126/141/140 129/3428/3367 112/123/122
f 129/3428/3367 147/143/142 111/144/143
f 1754/1939/1916 1745/2079/2050 1755/1950/1924
f 1757/3492/3422 1761/1958/1930 1759/1954/1928
f 1759/1954/1928 1761/1958/1930 1740/1935/1912
f 1743/2077/1932 1755/3493/1924 1745/2079/2050
f 1743/2077/1932 1745/2079/2050 1744/2078/2049
f 1761/1958/1930 1757/3492/3422 1756/1957/1929
f 1761/1958/1930 1756/1957/1929 1755/1956/1924
f 1736/1953/1927 1758/1952/1926 1759/1954/1928
f 1757/3492/3422 1759/1954/1928 1758/1952/1926
f 1182/1323/1308 1918/1324/1309 1906/2135/2102
f 1906/2135/2102 1918/1324/1309 1907/2133/2100
f 3186/3364/3303 2709/3355/3294 3180/3356/3295
f 3188/2946/2904 3187/3363/3302 3180/3356/3295
f 687/765/750 3122/3307/3247 3019/1137/1122
f 3310/3477/3408 1868/3147/3099 3306/3448/3387
f 3307/3446/3385 1868/3147/3099 1866/3229/3170
f 1866/3229/3170 1868/3147/3099 1867/3146/3098
f 3306/3448/3387 1868/3147/3099 3307/3446/3385
f 1720/1909/1888 3334/1912/1891 1719/1911/1890
f 3111/3295/3235 3278/3439/3378 790/877/862
f 790/877/862 3278/3439/3378 3279/874/859
f 3304/3442/3381 3305/3473/3404 1865/3231/3172
f 2976/1975/1947 1776/1637/1622 1462/1635/1620
f 3277/3438/3377 933/1036/1021 3278/3439/3378
f 3278/3439/3378 933/1036/1021 932/1035/1020
f 3278/3439/3378 932/1035/1020 3279/874/859
f 3279/874/859 932/1035/1020 787/872/857
f 786/870/855 787/872/857 931/3494/854
f 931/3494/854 787/872/857 932/1035/1020
f 1338/1498/1483 3272/1479/1464 1339/1506/1491
f 1339/1506/1491 3272/1479/1464 3273/1489/1474
f 1340/1500/1485 1339/1506/1491 1332/1488/1473
f 1332/1488/1473 1339/1506/1491 3273/1489/1474
f 3336/3487/3418 798/1022/1007 795/883/868
f 795/883/868 798/1022/1007 796/884/869
f 801/889/874 3336/3487/3418 3330/880/865
f 794/882/867 3330/880/865 3336/3487/3418
f 794/882/867 3336/3487/3418 795/883/868
f 112/123/122 129/3428/3367 3337/3495/3423
f 922/1018/1003 3337/3495/3423 111/144/143
f 3274/124/123 3340/126/125 113/125/124
f 3339/3496/3424 3337/3495/3423 3338/3497/3425
f 3338/3497/3425 3337/3495/3423 922/1018/1003
f 3337/3495/3423 3339/3496/3424 112/123/122
f 3340/126/125 3274/124/123 112/123/122
f 3340/126/125 112/123/122 3339/3496/3424
f 111/144/143 3337/3495/3423 129/3428/3367
f 2565/3498/3426 3237/2815/2774 2564/2814/2773
f 1747/1949/1923 1753/1947/1922 1746/1942/1919
f 1753/1947/1922 499/1941/1918 1746/1942/1919
f 3394/3478/3409 1822/2033/2005 3326/2048/2020
f 3327/3486/3417 3394/3478/3409 3326/2048/2020
f 1059/1094/1079 987/1113/1098 1058/1428/1413
f 3022/3216/3157 3026/3499/3427 3021/3221/3162
f 989/1427/1412 3021/3221/3162 3026/3499/3427
f 3023/1093/1078 3341/1095/1080 3022/3216/3157
f 3022/3216/3157 3341/1095/1080 3026/3499/3427
f 989/1427/1412 3026/3499/3427 988/1430/1415
f 988/1430/1415 3026/3499/3427 3341/1095/1080
f 3028/3224/3165 3342/3500/3428 3030/3225/3166
f 994/1102/1087 3030/3225/3166 993/1100/1085
f 3028/3224/3165 3029/3223/3164 3342/3500/3428
f 3342/3500/3428 3029/3223/3164 991/1097/1082
f 991/1097/1082 3025/3220/3161 990/1098/1083
f 3024/3219/3160 3020/3215/3156 3029/3223/3164
f 1168/1279/1264 1139/1303/1288 1140/1280/1265
f 1910/2136/2103 1146/1299/1284 1163/1305/1290
f 1910/2136/2103 1163/1305/1290 1909/2148/2115
f 1926/2156/2123 1908/2147/2114 1909/2148/2115
f 1926/2156/2123 1909/2148/2115 1163/1305/1290
f 3136/833/818 3313/3317/3257 3314/831/816
f 3183/3358/3297 1221/3365/3304 1058/1428/1413
f 1058/1428/1413 3343/3501/3429 1281/1429/1414
f 1281/1429/1414 3343/3501/3429 1282/3502/3430
f 3344/3503/3431 3352/3504/3432 1220/1370/1355
f 3350/3505/3433 1220/1370/1355 1219/1369/1354
f 1280/1096/1081 3356/3506/3434 1279/1431/1416
f 3356/3506/3434 3354/3507/3435 1279/1431/1416
f 1208/1357/1342 3346/3508/3436 3347/3509/3437
f 1208/1357/1342 3347/3509/3437 1209/1359/1344
f 1209/1359/1344 3347/3509/3437 1210/1361/1346
f 1210/1361/1346 3347/3509/3437 1211/1433/1418
f 1211/1433/1418 3347/3509/3437 3358/3510/3438
f 3348/3511/3439 1211/1433/1418 3349/3512/3440
f 1213/3513/3441 1218/1372/1357 1216/1368/1353
f 1218/1372/1357 1213/3513/3441 1219/1369/1354
f 1219/1369/1354 1213/3513/3441 3350/3505/3433
f 3352/3504/3432 3344/3503/3431 3351/3514/3442
f 3353/3515/3443 3352/3504/3432 3351/3514/3442
f 3353/3515/3443 3351/3514/3442 3354/3507/3435
f 3354/3507/3435 3351/3514/3442 3355/3516/3444
f 3356/3506/3434 1282/3502/3430 3353/3515/3443
f 3356/3506/3434 3353/3515/3443 3354/3507/3435
f 3356/3506/3434 1280/1096/1081 1281/1429/1414
f 3344/3503/3431 1220/1370/1355 3350/3505/3433
f 3352/3504/3432 3353/3515/3443 3343/3501/3429
f 3357/3517/3445 3351/3514/3442 3349/3512/3440
f 3344/3503/3431 3349/3512/3440 3351/3514/3442
f 3357/3517/3445 3349/3512/3440 3345/3518/3446
f 3349/3512/3440 1211/1433/1418 3358/3510/3438
f 3346/3508/3436 3345/3518/3446 3358/3510/3438
f 3349/3512/3440 3358/3510/3438 3345/3518/3446
f 3358/3510/3438 3347/3509/3437 3346/3508/3436
f 1058/1428/1413 1221/3365/3304 3343/3501/3429
f 3343/3501/3429 1221/3365/3304 1220/1370/1355
f 3343/3501/3429 1220/1370/1355 3352/3504/3432
f 2564/2814/2773 2745/139/138 3275/138/137
f 3275/138/137 124/140/139 113/125/124
f 3311/3476/3407 3310/3477/3408 3312/3451/3390
f 808/868/853 784/866/851 898/999/984
f 1350/3426/3365 3276/3423/3362 3359/3425/3364
f 3359/3425/3364 3360/3519/3447 3361/3520/3448
f 3363/3521/3449 3362/3522/3450 3364/3377/3316
f 3363/3521/3449 3364/3377/3316 3263/3427/3366
f 3363/3521/3449 3263/3427/3366 1350/3426/3365
f 3263/3427/3366 3364/3377/3316 1351/1513/1498
f 3362/3522/3450 3365/3380/3319 1352/3378/3317
f 1353/1515/1500 3208/3381/3320 3366/3523/3451
f 3384/1520/1505 3383/3524/3452 3367/3525/3453
f 3367/3525/3453 3368/3526/3454 3385/3527/3455
f 3385/3527/3455 3368/3526/3454 3467/3528/3456
f 3370/3529/3457 3371/3530/3458 3372/3531/3459
f 3372/3531/3459 3371/3530/3458 3373/3532/3460
f 3374/3533/3461 3373/3532/3460 3534/3534/3462
f 3374/3533/3461 3534/3534/3462 698/772/757
f 698/772/757 3534/3534/3462 696/770/755
f 3664/3535/3463 3370/3529/3457 3372/3531/3459
f 3372/3531/3459 3375/3536/3464 3664/3535/3463
f 3379/3537/3465 3378/3538/3466 3731/3539/3467
f 3385/3527/3455 3379/3537/3465 1357/1521/1506
f 3375/3536/3464 3381/3540/3468 3376/3541/3469
f 3381/3540/3468 3380/3542/3470 3377/3543/3471
f 3377/3543/3471 3380/3542/3470 1359/2259/2226
f 3377/3543/3471 3376/3541/3469 3381/3540/3468
f 3381/3540/3468 3375/3536/3464 1372/1538/1523
f 3381/3540/3468 3813/3544/3472 3380/3542/3470
f 3380/3542/3470 3382/3545/3473 1360/1534/1519
f 3380/3542/3470 1360/1534/1519 1359/2259/2226
f 1371/1536/1521 1364/1527/1512 1370/1546/1531
f 3372/3531/3459 3373/3532/3460 3375/3536/3464
f 3375/3536/3464 3373/3532/3460 3374/3533/3461
f 698/772/757 699/1473/1458 3374/3533/3461
f 3374/3533/3461 1372/1538/1523 3375/3536/3464
f 699/1473/1458 700/773/758 1372/1538/1523
f 3381/3540/3468 1372/1538/1523 1373/1537/1522
f 1373/1537/1522 3813/3544/3472 3381/3540/3468
f 3383/3524/3452 3366/3523/3451 3484/3546/3474
f 1354/1516/1501 1353/1515/1500 3366/3523/3451
f 3384/1520/1505 3367/3525/3453 3385/3527/3455
f 3369/3547/3475 3378/3538/3466 3379/3537/3465
f 3369/3547/3475 3379/3537/3465 3385/3527/3455
f 3385/3527/3455 1357/1521/1506 3384/1520/1505
f 3384/1520/1505 1356/1519/1504 3383/3524/3452
f 1356/1519/1504 1354/1516/1501 3383/3524/3452
f 3366/3523/3451 3383/3524/3452 1354/1516/1501
f 1352/3378/3317 3364/3377/3316 3362/3522/3450
f 1350/3426/3365 3359/3425/3364 3363/3521/3449
f 3360/3519/3447 3387/3548/3476 3388/3549/3477
f 1332/1488/1473 3335/1493/1478 1340/1500/1485
f 3484/3546/3474 3389/3550/3478 3383/3524/3452
f 3383/3524/3452 3389/3550/3478 3367/3525/3453
f 3367/3525/3453 3390/3551/3479 3368/3526/3454
f 3363/3521/3449 3361/3520/3448 3362/3522/3450
f 3365/3380/3319 3362/3522/3450 3366/3523/3451
f 3365/3380/3319 3366/3523/3451 3208/3381/3320
f 3360/3519/3447 3359/3425/3364 3386/3424/3363
f 3386/3424/3363 3391/1502/1487 3360/3519/3447
f 3386/3424/3363 1343/1503/1488 3391/1502/1487
f 1342/1501/1486 1340/1500/1485 3387/3548/3476
f 1340/1500/1485 3388/3549/3477 3387/3548/3476
f 1342/1501/1486 3387/3548/3476 3360/3519/3447
f 1342/1501/1486 3360/3519/3447 3391/1502/1487
f 817/903/888 815/902/887 896/1001/986
f 2566/136/135 119/132/131 122/133/132
f 2569/2849/2808 3485/3552/3480 3392/3553/3481
f 122/133/132 2568/135/134 2567/2817/2776
f 2569/2849/2808 2568/135/134 3485/3552/3480
f 3393/3554/3482 2569/2849/2808 3392/3553/3481
f 123/137/136 3237/2815/2774 2565/3498/3426
f 2564/2814/2773 3275/138/137 2565/3498/3426
f 1505/1691/1673 3172/3350/3289 1708/1901/1880
f 3317/1936/1913 1822/2033/2005 3394/3478/3409
f 3394/3478/3409 3329/3483/3414 3395/3555/3483
f 3319/3485/3416 3395/3555/3483 3320/3482/3413
f 3327/3486/3417 3328/3480/3411 3329/3483/3414
f 3327/3486/3417 3329/3483/3414 3394/3478/3409
f 3329/3483/3414 3320/3482/3413 3395/3555/3483
f 1753/1947/1922 1749/1946/1902 1719/1911/1890
f 1719/1911/1890 1749/1946/1902 1750/1944/1901
f 1753/1947/1922 1719/1911/1890 1752/1913/1892
f 3318/3479/3410 3395/3555/3483 1738/1933/1910
f 1457/1631/1616 1775/1633/1618 1460/1632/1617
f 1458/3434/3373 1457/1631/1616 1460/1632/1617
f 1460/1632/1617 1459/1644/1629 1458/3434/3373
f 1774/1974/1946 3397/3556/3484 3398/3557/3485
f 1770/1971/1943 1819/1973/1945 1772/1976/1948
f 1772/1976/1948 1773/3180/3130 3398/3557/3485
f 3398/3557/3485 1773/3180/3130 1774/1974/1946
f 3397/3556/3484 1774/1974/1946 3396/3558/3486
f 1774/1974/1946 1775/1633/1618 3396/3558/3486
f 3396/3558/3486 1775/1633/1618 1457/1631/1616
f 1770/1971/1943 3398/3557/3485 1769/1968/1940
f 1768/1969/1941 3399/3559/3487 1767/1967/1939
f 1769/1968/1940 3398/3557/3485 3397/3556/3484
f 1455/1630/1615 3396/3558/3486 1457/1631/1616
f 1769/1968/1940 3397/3556/3484 3399/3559/3487
f 1769/1968/1940 3399/3559/3487 1768/1969/1941
f 3401/3560/3488 3400/3561/3489 1455/1630/1615
f 3401/3560/3488 1455/1630/1615 1454/3433/3372
f 3396/3558/3486 1455/1630/1615 3400/3561/3489
f 1767/1967/1939 3399/3559/3487 1766/1965/1937
f 3401/3560/3488 1766/1965/1937 3400/3561/3489
f 3400/3561/3489 1766/1965/1937 3399/3559/3487
f 1766/1965/1937 1453/2080/2051 1765/1966/1938
f 1766/1965/1937 3401/3560/3488 1453/2080/2051
f 1453/2080/2051 1452/3562/3490 1451/2081/2052
f 809/895/880 898/999/984 897/998/983
f 809/895/880 897/998/983 896/1001/986
f 3275/138/137 116/128/127 2565/3498/3426
f 123/137/136 2565/3498/3426 116/128/127
f 3262/3421/3360 3331/3491/3421 3264/3430/3369
f 3264/3430/3369 3331/3491/3421 3402/3563/3491
f 3265/3564/3492 3264/3430/3369 3402/3563/3491
f 3265/3564/3492 3402/3563/3491 1142/1308/1293
f 1142/1308/1293 3402/3563/3491 3403/3565/3493
f 3403/3565/3493 3404/3566/3494 1947/2183/2150
f 1947/2183/2150 3404/3566/3494 1946/2181/2148
f 1946/2181/2148 3404/3566/3494 3405/3567/3495
f 3405/3567/3495 3406/3568/3420 3487/3569/3496
f 3265/3564/3492 1142/1308/1293 1141/1281/1266
f 3312/3451/3390 3285/3452/3391 3407/3475/3406
f 3407/3475/3406 3285/3452/3391 3408/3570/3497
f 3067/3261/3202 3072/3266/3207 3063/3257/3198
f 3364/3377/3316 3204/3376/3315 1351/1513/1498
f 114/127/126 3340/126/125 3409/3571/3498
f 114/127/126 3409/3571/3498 115/129/128
f 117/130/129 115/129/128 862/3572/3499
f 3340/126/125 3339/3496/3424 3409/3571/3498
f 3409/3571/3498 3339/3496/3424 3460/1017/1002
f 3409/3571/3498 861/951/936 115/129/128
f 115/129/128 861/951/936 862/3572/3499
f 861/951/936 3409/3571/3498 3460/1017/1002
f 113/125/124 114/127/126 115/129/128
f 116/128/127 3275/138/137 115/129/128
f 3220/2841/2800 2572/2821/2780 3221/3392/3331
f 822/909/894 823/832/817 3410/829/814
f 3410/829/814 741/828/813 895/997/982
f 742/830/815 3410/829/814 823/832/817
f 825/916/901 822/909/894 821/918/903
f 895/997/982 821/918/903 3410/829/814
f 1756/1957/1929 1757/3492/3422 1758/1952/1926
f 1756/1957/1929 1758/1952/1926 1748/1943/1920
f 1748/1943/1920 1758/1952/1926 3411/1927/1904
f 1758/1952/1926 1734/1951/1925 1732/1929/1906
f 1732/1929/1906 1734/1951/1925 1735/1930/1907
f 3249/3417/3356 689/1139/1124 1017/766/751
f 1140/1280/1265 3264/3430/3369 3265/3564/3492
f 1140/1280/1265 3265/3564/3492 1141/1281/1266
f 1863/2085/2055 1507/1692/1674 1408/3573/1562
f 3061/3255/3196 3063/3257/3198 1097/1227/1212
f 1097/1227/1212 3063/3257/3198 3071/1230/1215
f 3061/3255/3196 1097/1227/1212 3062/3256/3197
f 3062/3256/3197 1097/1227/1212 1096/1229/1214
f 3063/3257/3198 3072/3266/3207 3071/1230/1215
f 3402/3563/3491 3331/3491/3421 3332/3488/3419
f 3404/3566/3494 3332/3488/3419 3405/3567/3495
f 3405/3567/3495 3332/3488/3419 3406/3489/3420
f 3288/3453/3266 3412/3490/2168 3154/3334/3274
f 3412/3490/2168 3406/3489/3420 3333/3429/3368
f 3332/3488/3419 3404/3566/3494 3402/3563/3491
f 3404/3566/3494 3403/3565/3493 3402/3563/3491
f 3413/3574/1560 1869/2089/2057 1407/3575/1559
f 1869/2089/2057 3413/3574/1560 3283/3443/3382
f 3292/3458/3395 3284/3444/3383 3283/3443/3382
f 3292/3458/3395 3283/3443/3382 3413/3574/1560
f 3291/3460/3396 3414/1573/1558 1963/1571/1556
f 3291/3460/3396 1963/1571/1556 1962/2204/2171
f 3290/3456/3393 3415/3576/3500 3289/3454/3392
f 3290/3456/3393 1962/2204/2171 1961/2203/2170
f 3290/3456/3393 1961/2203/2170 3415/3576/3500
f 3289/3454/3392 3415/3576/3500 3303/3471/3402
f 1964/2199/2166 3415/3576/3500 1959/2197/2164
f 1964/2199/2166 1965/2202/2169 3415/3576/3500
f 3303/3471/3402 3415/3576/3500 1965/2202/2169
f 3395/3555/3483 3318/3479/3410 3394/3478/3409
f 3416/3577/3501 1905/2134/2101 1920/2150/2117
f 3416/3577/3501 1920/2150/2117 1904/2151/2118
f 1904/2151/2118 1903/2132/2099 3416/3577/3501
f 3416/3577/3501 3447/3578/3502 3417/3579/3503
f 3417/3579/3503 3447/3578/3502 3448/3580/3504
f 3418/3581/3505 1176/3582/3506 1177/3583/3507
f 3421/3584/3508 3494/3585/3509 3422/3586/3510
f 3634/805/790 3423/3587/3511 3637/3588/3512
f 3424/3589/3513 3442/3590/3514 3425/3591/3515
f 3642/3592/3516 3442/3590/3514 3445/3593/3517
f 3642/3592/3516 3445/3593/3517 3426/3594/3518
f 3426/3594/3518 3445/3593/3517 3431/3595/3519
f 3431/3595/3519 3436/3596/3520 3427/3597/3521
f 3427/3597/3521 3430/3598/3522 3431/3595/3519
f 3429/2215/2182 1983/2217/2184 3428/3599/3523
f 1983/2217/2184 3432/3600/3524 3428/3599/3523
f 3428/3599/3523 3432/3600/3524 3430/3598/3522
f 3430/3598/3522 3432/3600/3524 3740/3601/3525
f 3434/2218/2185 3433/3602/3526 3435/3603/3527
f 3435/3603/3527 3433/3602/3526 3432/3600/3524
f 3435/3603/3527 1983/2217/2184 1984/2219/2186
f 1984/2219/2186 3434/2218/2185 3435/3603/3527
f 1983/2217/2184 3435/3603/3527 3432/3600/3524
f 1982/3604/3528 3429/2215/2182 3428/3599/3523
f 3436/3596/3520 3443/3605/3529 1979/2214/2181
f 1979/2214/2181 3437/3606/3530 3521/3607/3531
f 3437/3606/3530 3438/3608/3532 3439/3609/3533
f 3439/3609/3533 3438/3608/3532 3440/3610/3534
f 3441/3611/3535 3440/3610/3534 3739/3612/3536
f 3441/3611/3535 3442/3590/3514 3422/3586/3510
f 3422/3586/3510 3423/3587/3511 3634/805/790
f 3423/3587/3511 3442/3590/3514 3424/3589/3513
f 3428/3599/3523 3430/3598/3522 3427/3597/3521
f 3739/3612/3536 3445/3593/3517 3442/3590/3514
f 3445/3593/3517 3443/3605/3529 3431/3595/3519
f 3443/3605/3529 3445/3593/3517 3444/3613/3537
f 3431/3595/3519 3443/3605/3529 3436/3596/3520
f 1176/3582/3506 3419/3614/3538 3446/3615/3539
f 3421/3584/3508 3446/3615/3539 3420/3616/3540
f 3420/3616/3540 3446/3615/3539 3419/3614/3538
f 1177/3583/3507 1178/3617/3541 3418/3581/3505
f 3418/3581/3505 1178/3617/3541 1179/1321/1306
f 3524/3618/3542 3452/3619/3543 3450/3620/3544
f 1900/2128/2095 3453/3621/3545 3449/3622/3546
f 1900/2128/2095 3449/3622/3546 3448/3580/3504
f 3447/3578/3502 1902/2130/2097 3448/3580/3504
f 3453/3621/3545 3452/3619/3543 3524/3618/3542
f 3450/3620/3544 1897/2125/2092 3451/2124/2091
f 3450/3620/3544 3452/3619/3543 1897/2125/2092
f 3416/3577/3501 1903/2132/2099 3447/3578/3502
f 3447/3578/3502 1903/2132/2099 1902/2130/2097
f 1906/2135/2102 1905/2134/2101 1180/1320/1305
f 1180/1320/1305 1905/2134/2101 3416/3577/3501
f 1180/1320/1305 3416/3577/3501 3417/3579/3503
f 3418/3581/3505 1179/1321/1306 3417/3579/3503
f 3417/3579/3503 1179/1321/1306 1180/1320/1305
f 1188/1233/1218 1178/3617/3541 3454/1329/1314
f 3455/1330/1315 3454/1329/1314 1175/3623/3547
f 1189/3624/3548 1179/1321/1306 1178/3617/3541
f 1179/1321/1306 1189/3624/3548 1181/1322/1307
f 1181/1322/1307 1189/3624/3548 1184/1326/1311
f 1184/1326/1311 1189/3624/3548 1185/1333/1318
f 1189/3624/3548 1178/3617/3541 1185/1333/1318
f 1178/3617/3541 1188/1233/1218 1185/1333/1318
f 3069/3264/3205 1185/1333/1318 1098/1232/1217
f 1098/1232/1217 1187/1231/1216 3456/3265/3206
f 3071/1230/1215 3456/3265/3206 1187/1231/1216
f 3070/3262/3203 3456/3265/3206 3071/1230/1215
f 3068/1332/1317 1185/1333/1318 3069/3264/3205
f 3456/3265/3206 3069/3264/3205 1098/1232/1217
f 803/891/876 792/1002/987 804/878/863
f 2635/2887/2845 2636/2889/2847 2696/2945/2903
f 1142/1308/1293 3403/3565/3493 1143/1282/1267
f 1144/1284/1269 1165/1307/1292 1143/1282/1267
f 3398/3557/3485 1770/1971/1943 1772/1976/1948
f 1717/1919/1898 1720/1909/1888 1718/1908/1887
f 1707/1896/1671 1708/1901/1880 1728/1688/1572
f 1708/1901/1880 1707/1896/1671 1506/1897/1876
f 1273/1422/1407 1276/1424/1409 1279/1431/1416
f 1276/1424/1409 1278/1432/1417 1279/1431/1416
f 3221/3392/3331 2572/2821/2780 3393/3554/3482
f 2569/2849/2808 3393/3554/3482 2570/2820/2779
f 2572/2821/2780 2570/2820/2779 3393/3554/3482
f 1862/1922/1577 1729/1906/1885 1717/1919/1898
f 786/870/855 807/894/879 836/1392/1377
f 835/994/979 836/1392/1377 807/894/879
f 786/870/855 836/1392/1377 806/871/856
f 837/929/914 805/893/878 838/930/915
f 3457/892/877 837/929/914 872/963/948
f 805/893/878 837/929/914 3457/892/877
f 789/875/860 3457/892/877 871/960/945
f 789/875/860 871/960/945 870/962/947
f 870/962/947 3458/3625/3549 804/878/863
f 803/891/876 804/878/863 3458/3625/3549
f 803/891/876 3458/3625/3549 930/1033/1018
f 3458/3625/3549 870/962/947 869/961/946
f 1751/1923/1889 1421/1658/1643 1718/2083/1887
f 1942/3626/3550 1941/2188/2155 1950/1283/1268
f 1950/1283/1268 1145/1306/1291 1144/1284/1269
f 1942/3626/3550 1950/1283/1268 1948/2185/2152
f 1942/3626/3550 1948/2185/2152 3459/2186/2153
f 3403/3565/3493 1948/2185/2152 1143/1282/1267
f 3403/3565/3493 1947/2183/2150 1948/2185/2152
f 1143/1282/1267 1948/2185/2152 1950/1283/1268
f 812/898/883 895/997/982 811/896/881
f 811/896/881 895/997/982 741/828/813
f 811/896/881 741/828/813 740/928/913
f 3338/3497/3425 3460/1017/1002 3339/3496/3424
f 3460/1017/1002 3338/3497/3425 917/1010/995
f 1759/1954/1928 1740/1935/1912 1739/1934/1911
f 1739/1934/1911 1760/1932/1909 1759/1954/1928
f 3319/3485/3416 1738/1933/1910 3395/3555/3483
f 1340/1500/1485 3335/1493/1478 3388/3549/3477
f 3397/3556/3484 3396/3558/3486 3400/3561/3489
f 3400/3561/3489 3399/3559/3487 3397/3556/3484
f 3461/3432/3371 3267/3431/3370 3462/3627/3551
f 1453/2080/2051 3463/3628/3552 1452/3562/3490
f 1452/3562/3490 3465/3629/3553 3217/2082/2053
f 1452/3562/3490 3217/2082/2053 1451/2081/2052
f 3463/3628/3552 1453/2080/2051 3401/3560/3488
f 3463/3628/3552 3401/3560/3488 1454/3433/3372
f 3267/3431/3370 3269/3435/3374 3462/3627/3551
f 3463/3628/3552 3462/3627/3551 3464/3630/3554
f 3464/3630/3554 3462/3627/3551 3466/3631/3555
f 3466/3631/3555 3269/3435/3374 3270/3436/3375
f 3269/3435/3374 3466/3631/3555 3462/3627/3551
f 3461/3432/3371 3462/3627/3551 3463/3628/3552
f 3461/3432/3371 3463/3628/3552 1454/3433/3372
f 3363/3521/3449 3359/3425/3364 3361/3520/3448
f 3467/3528/3456 3390/3551/3479 3474/3632/3556
f 3367/3525/3453 3389/3550/3478 3474/3632/3556
f 3367/3525/3453 3474/3632/3556 3390/3551/3479
f 3368/3526/3454 3390/3551/3479 3467/3528/3456
f 3221/3392/3331 3393/3554/3482 3392/3553/3481
f 3224/3397/3336 3485/3552/3480 3468/3633/3557
f 3470/3634/3558 3469/3635/3559 121/134/133
f 3470/3634/3558 121/134/133 3570/3636/3560
f 3570/3636/3560 121/134/133 120/3437/3376
f 3224/3397/3336 3468/3633/3557 3225/3396/3335
f 3468/3633/3557 3574/3637/3561 3226/2892/2850
f 2640/2893/2851 3573/3638/3562 3471/3639/3563
f 3471/3639/3563 2642/3640/3564 2641/2894/2852
f 3471/3639/3563 2641/2894/2852 2640/2893/2851
f 3468/3633/3557 3226/2892/2850 3225/3396/3335
f 3224/3397/3336 3223/3394/3333 3392/3553/3481
f 3223/3394/3333 3221/3392/3331 3392/3553/3481
f 3338/3497/3425 922/1018/1003 917/1010/995
f 1941/2188/2155 1942/3626/3550 1922/2131/2098
f 1922/2131/2098 1942/3626/3550 1940/2196/2163
f 1940/2196/2163 1942/3626/3550 1943/2178/2145
f 1943/2178/2145 1951/2180/2147 1940/2196/2163
f 1942/3626/3550 3459/2186/2153 1943/2178/2145
f 1936/2173/2140 1937/2175/2142 1944/2187/2154
f 1936/2173/2140 1944/2187/2154 3472/3641/3565
f 3472/3641/3565 3473/3642/3566 1934/2172/2139
f 3473/3642/3566 3488/2170/2137 1932/2169/2136
f 3472/3641/3565 1934/2172/2139 1936/2173/2140
f 1934/2172/2139 3473/3642/3566 1932/2169/2136
f 3360/3519/3447 3474/3632/3556 3476/3643/3567
f 3474/3632/3556 3360/3519/3447 3475/3644/3568
f 3360/3519/3447 3388/3549/3477 3475/3644/3568
f 1213/3513/3441 1216/1368/1353 1212/1365/1350
f 1212/1365/1350 1216/1368/1353 1215/1366/1351
f 1213/3513/3441 3477/3645/3569 3350/3505/3433
f 3349/3512/3440 3344/3503/3431 3348/3511/3439
f 3348/3511/3439 3344/3503/3431 3477/3645/3569
f 3344/3503/3431 3350/3505/3433 3477/3645/3569
f 3021/3221/3162 989/1427/1412 990/1098/1083
f 3020/3215/3156 3025/3220/3161 3029/3223/3164
f 3029/3223/3164 3025/3220/3161 991/1097/1082
f 916/1013/998 915/120/119 920/1014/999
f 122/133/132 2596/2816/2775 2566/136/135
f 3454/1329/1314 1177/3583/3507 1175/3623/3547
f 1176/3582/3506 1175/3623/3547 1177/3583/3507
f 3207/3379/3318 3204/3376/3315 3364/3377/3316
f 123/137/136 116/128/127 117/130/129
f 3292/3459/3395 3413/1575/1560 3414/1573/1558
f 3291/3460/3396 3292/3459/3395 3414/1573/1558
f 3411/1927/1904 1758/1952/1926 1732/1929/1906
f 1732/1929/1906 1731/1598/1583 3411/1927/1904
f 3322/3481/3412 3321/1970/1942 1768/1969/1941
f 3207/3379/3318 1352/3378/3317 3268/3382/3321
f 3268/3382/3321 1352/3378/3317 3208/3381/3320
f 3476/3643/3567 3474/3632/3556 3389/3550/3478
f 3335/1493/1478 1327/1492/1477 3478/1490/1475
f 3388/3549/3477 3478/1490/1475 3475/3644/3568
f 3335/1493/1478 3478/1490/1475 3388/3549/3477
f 3475/3644/3568 3478/1490/1475 1328/1485/1470
f 1271/1420/1405 3357/3517/3445 1270/3646/3570
f 3345/3518/3446 1270/3646/3570 3357/3517/3445
f 1271/1420/1405 3355/3516/3444 3357/3517/3445
f 3355/3516/3444 1271/1420/1405 3354/3507/3435
f 3354/3507/3435 1271/1420/1405 1279/1431/1416
f 1273/1422/1407 1279/1431/1416 1271/1420/1405
f 3255/768/753 3027/767/752 1018/1135/1120
f 3355/3516/3444 3351/3514/3442 3357/3517/3445
f 930/1033/1018 3458/3625/3549 868/1003/988
f 690/3413/3352 1018/1135/1120 3479/1108/1093
f 3479/1108/1093 996/1105/1090 3562/1106/1091
f 690/3413/3352 3479/1108/1093 691/1107/1092
f 690/3413/3352 3255/768/753 1018/1135/1120
f 2683/3647/3571 2636/2889/2847 2637/2890/2848
f 2638/3395/3334 2639/2891/2849 3480/3648/3572
f 2637/2890/2848 2638/3395/3334 2683/3647/3571
f 2691/2931/2889 2683/3647/3571 2684/2932/2890
f 2685/2933/2891 3481/3649/3573 2686/3650/3574
f 3611/3651/3575 3482/3652/3576 3483/3653/3577
f 2685/2933/2891 2684/2932/2890 3481/3649/3573
f 2683/3647/3571 2638/3395/3334 2684/2932/2890
f 2686/3650/3574 3481/3649/3573 3482/3652/3576
f 3480/3648/3572 3481/3649/3573 2684/2932/2890
f 2684/2932/2890 2638/3395/3334 3480/3648/3572
f 2640/2893/2851 3614/2895/2853 2639/2891/2849
f 3322/3481/3412 1768/1969/1941 1767/1967/1939
f 3362/3522/3450 3361/3520/3448 3484/3546/3474
f 3027/767/752 3028/3224/3165 1018/1135/1120
f 3468/3633/3557 3486/3654/3578 3469/3635/3559
f 3485/3552/3480 3224/3397/3336 3392/3553/3481
f 3486/3654/3578 2568/135/134 121/134/133
f 3485/3552/3480 2568/135/134 3486/3654/3578
f 3485/3552/3480 3486/3654/3578 3468/3633/3557
f 3469/3635/3559 3486/3654/3578 121/134/133
f 3488/2170/2137 3406/3568/3420 1967/2166/2133
f 3473/3642/3566 3489/3655/3579 3488/2170/2137
f 3487/3569/3496 3488/2170/2137 3489/3655/3579
f 3406/3568/3420 3488/2170/2137 3487/3569/3496
f 3490/3656/3580 3487/3569/3496 3489/3655/3579
f 3487/3569/3496 3490/3656/3580 1946/2181/2148
f 3406/3568/3420 3412/2201/2168 1967/2166/2133
f 1968/2168/2135 3488/2170/2137 1967/2166/2133
f 1419/1689/1574 1415/1581/1566 3491/3657/3581
f 3491/3657/3581 1415/1581/1566 1416/1583/1568
f 3491/3657/3581 1416/1583/1568 3492/1585/1570
f 1410/3658/3582 3492/1585/1570 3493/3659/3583
f 1416/1583/1568 3563/1579/1564 3492/1585/1570
f 3492/1585/1570 3563/1579/1564 3493/3659/3583
f 1417/1687/1672 1419/1689/1574 3491/3657/3581
f 1417/1687/1672 3491/3657/3581 1418/1584/1569
f 1409/1586/1571 3492/1585/1570 1410/3658/3582
f 1409/1586/1571 1410/3658/3582 1411/2110/2077
f 3493/3659/3583 1411/2110/2077 1410/3658/3582
f 3492/1585/1570 1418/1584/1569 3491/3657/3581
f 3418/3581/3505 3419/3614/3538 1176/3582/3506
f 3441/3611/3535 3422/3586/3510 3494/3585/3509
f 3421/3584/3508 3420/3616/3540 3494/3585/3509
f 3448/3580/3504 3449/3622/3546 3418/3581/3505
f 3418/3581/3505 3449/3622/3546 3419/3614/3538
f 3797/3660/3584 3451/2124/2091 1894/2121/2088
f 1894/2121/2088 3451/2124/2091 1895/2123/2090
f 3440/3610/3534 3495/3661/3585 3439/3609/3533
f 3439/3609/3533 3523/3662/3586 3497/3663/3587
f 3501/3664/3588 3500/3665/3589 1892/2118/2085
f 1892/2118/2085 3500/3665/3589 3823/2120/2087
f 3502/3666/3590 3501/3664/3588 1891/2117/2084
f 3502/3666/3590 3503/3667/3591 3504/3668/3592
f 3504/3668/3592 3511/3669/3593 3505/3670/3594
f 3505/3670/3594 1977/3671/3595 3508/3672/3596
f 3508/3672/3596 3735/3673/3597 3506/3674/3598
f 3508/3672/3596 3506/3674/3598 3507/3675/3599
f 3507/3675/3599 3504/3668/3592 3508/3672/3596
f 3505/3670/3594 3508/3672/3596 3504/3668/3592
f 1977/3671/3595 3735/3673/3597 3508/3672/3596
f 3506/3674/3598 3498/3676/3600 3507/3675/3599
f 3500/3665/3589 3501/3664/3588 3499/3677/3601
f 3499/3677/3601 3501/3664/3588 3507/3675/3599
f 3501/3664/3588 1892/2118/2085 1891/2117/2084
f 3499/3677/3601 3507/3675/3599 3498/3676/3600
f 1976/3678/3602 3505/3670/3594 3511/3669/3593
f 3509/2207/2174 1973/2209/2176 3510/3679/3603
f 3510/3679/3603 1971/2205/2172 3509/2207/2174
f 1973/2209/2176 3509/2207/2174 1972/3680/3604
f 1971/2205/2172 3510/3679/3603 1970/3681/3605
f 1974/2210/2177 1975/3682/3606 3512/3683/3607
f 3512/3683/3607 1975/3682/3606 3511/3669/3593
f 3512/3683/3607 3513/2208/2175 1974/2210/2177
f 3513/2208/2175 3515/3684/3608 3516/3685/3609
f 3504/3668/3592 3503/3667/3591 3514/3686/3610
f 3516/3685/3609 3515/3684/3608 3517/3687/3611
f 3518/3688/3612 3519/1565/1550 1970/3681/3605
f 3503/3667/3591 3502/3666/3590 1890/2115/2082
f 3503/3667/3591 3520/3689/3613 3515/3684/3608
f 3514/3686/3610 3503/3667/3591 3515/3684/3608
f 3521/3607/3531 3522/2211/2178 1979/2214/2181
f 3683/2212/2179 3522/2211/2178 3734/3690/3614
f 3683/2212/2179 3734/3690/3614 1977/3671/3595
f 3439/3609/3533 3497/3663/3587 3437/3606/3530
f 3439/3609/3533 3495/3661/3585 3523/3662/3586
f 3440/3610/3534 3441/3611/3535 3495/3661/3585
f 3496/3691/3615 3495/3661/3585 3524/3618/3542
f 3496/3691/3615 3450/3620/3544 3797/3660/3584
f 3797/3660/3584 3450/3620/3544 3451/2124/2091
f 3441/3611/3535 3494/3585/3509 3495/3661/3585
f 3495/3661/3585 3494/3585/3509 3525/3692/3616
f 3495/3661/3585 3525/3692/3616 3524/3618/3542
f 3494/3585/3509 3420/3616/3540 3525/3692/3616
f 3525/3692/3616 3420/3616/3540 3453/3621/3545
f 3419/3614/3538 3449/3622/3546 3420/3616/3540
f 3525/3692/3616 3453/3621/3545 3524/3618/3542
f 3496/3691/3615 3524/3618/3542 3450/3620/3544
f 3464/3630/3554 3466/3631/3555 3526/3693/3617
f 3465/3629/3553 1452/3562/3490 3526/3693/3617
f 3464/3630/3554 3526/3693/3617 3463/3628/3552
f 3463/3628/3552 3526/3693/3617 1452/3562/3490
f 3530/3694/3618 3466/3631/3555 3215/1625/1610
f 3530/3694/3618 3215/1625/1610 3216/3388/3327
f 3215/1625/1610 3466/3631/3555 3271/3390/3329
f 3466/3631/3555 3270/3436/3375 3271/3390/3329
f 3217/2082/2053 3465/3629/3553 3530/3694/3618
f 3216/3388/3327 3217/2082/2053 3530/3694/3618
f 3366/3523/3451 3362/3522/3450 3484/3546/3474
f 3484/3546/3474 3361/3520/3448 3389/3550/3478
f 891/985/970 871/960/945 872/963/948
f 1870/2091/2058 1871/2092/2059 3527/1576/1561
f 3324/3695/3619 3323/3484/3415 3322/3481/3412
f 1767/1967/1939 1765/1966/1938 3324/3695/3619
f 1767/1967/1939 3324/3695/3619 3322/3481/3412
f 3208/3381/3320 3205/2316/2283 3268/3382/3321
f 869/961/946 889/986/971 888/983/968
f 888/983/968 892/982/967 886/980/965
f 867/976/961 868/1003/988 886/980/965
f 886/980/965 868/1003/988 888/983/968
f 889/986/971 869/961/946 871/960/945
f 869/961/946 888/983/968 3458/3625/3549
f 868/1003/988 3458/3625/3549 888/983/968
f 3528/3696/3620 1212/1365/1350 2693/2941/2899
f 1213/3513/3441 1212/1365/1350 3528/3696/3620
f 1213/3513/3441 3528/3696/3620 3477/3645/3569
f 833/897/882 739/927/912 738/826/811
f 1239/995/980 738/826/811 1240/824/809
f 1238/822/807 1239/995/980 1240/824/809
f 738/826/811 1239/995/980 833/897/882
f 2691/2931/2889 2685/2933/2891 2686/3650/3574
f 2691/2931/2889 2686/3650/3574 2692/2928/2886
f 2692/2928/2886 2686/3650/3574 2680/2927/2885
f 2680/2927/2885 3601/3697/3621 2678/3698/3622
f 3601/3697/3621 2680/2927/2885 2686/3650/3574
f 1872/2099/2066 3529/2095/2062 3585/2093/2060
f 3585/2093/2060 3529/2095/2062 3527/1576/1561
f 1737/1931/1908 3325/3699/3623 1762/1962/1934
f 1764/1964/1936 1762/1962/1934 3325/3699/3623
f 3324/3695/3619 3325/3699/3623 3323/3484/3415
f 3323/3484/3415 3325/3699/3623 1737/1931/1908
f 3530/3694/3618 3526/3693/3617 3466/3631/3555
f 3465/3629/3553 3526/3693/3617 3530/3694/3618
f 1097/1227/1212 1094/1226/1211 1093/1225/1210
f 1093/1225/1210 1092/1224/1209 3531/1223/1208
f 1087/1216/1201 3532/3700/3624 3591/1222/1207
f 3591/1222/1207 3532/3700/3624 3531/1223/1208
f 3533/1228/1213 1097/1227/1212 1093/1225/1210
f 3534/3534/3462 3535/3701/3625 694/3702/3626
f 3373/3532/3460 3535/3701/3625 3534/3534/3462
f 694/3702/3626 3535/3701/3625 3536/3703/3627
f 1330/1486/1471 3536/3703/3627 1329/1484/1469
f 1329/1484/1469 3535/3701/3625 1335/1495/1480
f 1335/1495/1480 3535/3701/3625 3373/3532/3460
f 3467/3528/3456 3475/3644/3568 1328/1485/1470
f 3369/3547/3475 3467/3528/3456 3370/3529/3457
f 3535/3701/3625 1329/1484/1469 3536/3703/3627
f 1335/1495/1480 3370/3529/3457 3537/3704/3628
f 3467/3528/3456 3537/3704/3628 3370/3529/3457
f 3370/3529/3457 1335/1495/1480 3371/3530/3458
f 3371/3530/3458 1335/1495/1480 3373/3532/3460
f 1335/1495/1480 3537/3704/3628 1328/1485/1470
f 1328/1485/1470 3537/3704/3628 3467/3528/3456
f 694/3702/3626 3536/3703/3627 621/687/672
f 621/687/672 3536/3703/3627 1330/1486/1471
f 621/687/672 1330/1486/1471 1331/685/670
f 2693/2941/2899 1212/1365/1350 1214/1364/1349
f 999/769/754 998/1110/1095 621/687/672
f 621/687/672 998/1110/1095 694/3702/3626
f 1423/1596/1581 1470/1650/1635 1422/1594/1579
f 1860/1626/1611 1733/1928/1905 1735/1930/1907
f 1734/1951/1925 1861/1961/1933 1735/1930/1907
f 1735/1930/1907 1861/1961/1933 1449/1628/1613
f 1735/1930/1907 1449/1628/1613 1860/1626/1611
f 1943/2178/2145 1938/2177/2144 1939/2179/2146
f 2693/2941/2899 1214/1364/1349 2677/2940/2898
f 2694/2942/2900 3528/3696/3620 2693/2941/2899
f 1214/1364/1349 2679/2943/2901 2678/3698/3622
f 2678/3698/3622 2677/2940/2898 1214/1364/1349
f 621/687/672 622/686/671 999/769/754
f 3325/3699/3623 3324/3695/3619 1765/1966/1938
f 1764/1964/1936 3325/3699/3623 1765/1966/1938
f 1186/1331/1316 3455/1330/1315 1174/1319/1304
f 1186/1331/1316 1174/1319/1304 1173/1318/1303
f 1087/1216/1201 1088/1218/1203 3532/3700/3624
f 1093/1225/1210 3531/1223/1208 3533/1228/1213
f 3533/1228/1213 3532/3700/3624 1095/1219/1204
f 1095/1219/1204 3532/3700/3624 1088/1218/1203
f 3531/1223/1208 3532/3700/3624 3533/1228/1213
f 3208/3381/3320 1353/1515/1500 3205/2316/2283
f 1090/1221/1206 1089/1220/1205 1091/825/810
f 1088/1218/1203 3618/1217/1202 1089/1220/1205
f 1089/1220/1205 3538/3705/3629 1091/825/810
f 3538/3705/3629 1089/1220/1205 3618/1217/1202
f 1091/825/810 3538/3705/3629 3616/823/808
f 3476/3643/3567 3389/3550/3478 3361/3520/3448
f 994/1102/1087 3541/1442/1427 1295/1444/1429
f 3539/1101/1086 992/1099/1084 3540/3706/3630
f 992/1099/1084 1277/1426/1411 3542/3707/3631
f 3557/3708/3632 3543/3709/3633 3549/1453/1438
f 3549/1453/1438 3543/3709/3633 3544/3710/3634
f 3544/3710/3634 3543/3709/3633 3547/3711/3635
f 3547/3711/3635 3592/3712/3636 3546/3713/3637
f 3546/3713/3637 3592/3712/3636 3545/3714/3638
f 3545/3714/3638 1269/1419/1404 3546/3713/3637
f 3547/3711/3635 3548/1450/1435 1301/3715/3639
f 1300/1437/1422 1301/3715/3639 1299/3716/3640
f 3549/1453/1438 3544/3710/3634 1302/3717/3641
f 1302/3717/3641 1303/1451/1436 3549/1453/1438
f 3550/3718/3642 3551/3719/3643 3546/3713/3637
f 3548/1450/1435 3547/3711/3635 3546/3713/3637
f 1299/3716/3640 1301/3715/3639 3548/1450/1435
f 3551/3719/3643 3548/1450/1435 3546/3713/3637
f 3554/1448/1433 3553/3720/3644 3768/3721/3645
f 3554/1448/1433 3768/3721/3645 1298/3722/3646
f 1298/3722/3646 3768/3721/3645 3555/3723/3647
f 3555/3723/3647 1195/1341/1326 3825/1339/1324
f 1194/1350/1335 3825/1339/1324 1195/1341/1326
f 3552/1418/1403 3553/3720/3644 3551/3719/3643
f 3551/3719/3643 3553/3720/3644 3554/1448/1433
f 3554/1448/1433 1298/3722/3646 1297/1449/1434
f 1269/1419/1404 3552/1418/1403 3550/3718/3642
f 3550/3718/3642 3552/1418/1403 3551/3719/3643
f 3550/3718/3642 3546/3713/3637 1269/1419/1404
f 992/1099/1084 3542/3707/3631 3540/3706/3630
f 3540/3706/3630 3542/3707/3631 3556/3724/3648
f 3539/1101/1086 3540/3706/3630 3541/1442/1427
f 3543/3709/3633 3557/3708/3632 3542/3707/3631
f 3556/3724/3648 3542/3707/3631 3557/3708/3632
f 3543/3709/3633 3542/3707/3631 3558/3725/3649
f 3558/3725/3649 3542/3707/3631 1277/1426/1411
f 991/1097/1082 992/1099/1084 3342/3500/3428
f 992/1099/1084 3539/1101/1086 3342/3500/3428
f 3342/3500/3428 3539/1101/1086 993/1100/1085
f 118/131/130 860/950/935 859/946/931
f 118/131/130 862/3572/3499 860/950/935
f 862/3572/3499 861/951/936 860/950/935
f 117/130/129 862/3572/3499 118/131/130
f 3414/1573/1558 1874/2094/2061 3529/2095/2062
f 1426/1685/1670 3218/1624/1609 1427/1601/1586
f 1427/1601/1586 3215/1625/1610 1448/1602/1587
f 1448/1602/1587 3215/1625/1610 3214/3386/3325
f 1431/1607/1592 1430/1605/1590 3559/1622/1607
f 1433/1608/1593 3559/1622/1607 1446/3726/3650
f 1446/3726/3650 3559/1622/1607 1447/1621/1606
f 3213/1623/1608 1430/1605/1590 1429/1604/1589
f 1434/1610/1595 1444/1647/1632 1442/1620/1605
f 3467/3528/3456 3474/3632/3556 3475/3644/3568
f 695/3727/3651 3560/3728/3652 3619/1447/1432
f 3619/1447/1432 3560/3728/3652 3561/1104/1089
f 994/1102/1087 1296/1445/1430 3561/1104/1089
f 3030/3225/3166 994/1102/1087 995/1103/1088
f 3561/1104/1089 995/1103/1088 994/1102/1087
f 997/1109/1094 3479/1108/1093 3560/3728/3652
f 3560/3728/3652 3562/1106/1091 3561/1104/1089
f 3560/3728/3652 3479/1108/1093 3562/1106/1091
f 2678/3698/3622 2679/2943/2901 2680/2927/2885
f 993/1100/1085 3030/3225/3166 3342/3500/3428
f 1416/1583/1568 1414/1582/1567 3563/1579/1564
f 3493/3659/3583 3563/1579/1564 1412/1578/1563
f 1411/2110/2077 3493/3659/3583 1412/1578/1563
f 1945/2182/2149 3490/3656/3580 1944/2187/2154
f 1944/2187/2154 3490/3656/3580 3472/3641/3565
f 1938/2177/2144 1944/2187/2154 1937/2175/2142
f 3472/3641/3565 3490/3656/3580 3473/3642/3566
f 1946/2181/2148 3490/3656/3580 1945/2182/2149
f 3490/3656/3580 3489/3655/3579 3473/3642/3566
f 1486/1597/1582 1425/1599/1584 1428/3729/3653
f 1428/3729/3653 1425/1599/1584 1427/1601/1586
f 2672/2957/2915 1225/1380/1365 2673/2938/2896
f 2694/2942/2900 3566/3730/3654 3528/3696/3620
f 3348/3511/3439 3567/1363/1348 1211/1433/1418
f 1223/1375/1360 3721/1374/1359 1222/1414/1399
f 3348/3511/3439 3566/3730/3654 3567/1363/1348
f 3566/3730/3654 3348/3511/3439 3477/3645/3569
f 3566/3730/3654 3477/3645/3569 3528/3696/3620
f 3568/1377/1362 1223/1375/1360 3565/3731/3655
f 3564/3732/3656 3565/3731/3655 1223/1375/1360
f 3566/3730/3654 3564/3732/3656 1222/1414/1399
f 1222/1414/1399 3564/3732/3656 1223/1375/1360
f 3565/3731/3655 1225/1380/1365 1224/1379/1364
f 3565/3731/3655 1224/1379/1364 3568/1377/1362
f 2673/2938/2896 3565/3731/3655 2674/2925/2883
f 2675/2926/2884 2674/2925/2883 3564/3732/3656
f 3564/3732/3656 3566/3730/3654 2694/2942/2900
f 3565/3731/3655 3564/3732/3656 2674/2925/2883
f 3565/3731/3655 2673/2938/2896 1225/1380/1365
f 2675/2926/2884 3564/3732/3656 2694/2942/2900
f 2694/2942/2900 2676/2939/2897 2675/2926/2884
f 998/1110/1095 691/1107/1092 997/1109/1094
f 998/1110/1095 997/1109/1094 694/3702/3626
f 2678/3698/3622 3603/3733/3657 2677/2940/2898
f 901/1026/1011 926/975/960 929/1027/1012
f 885/974/959 866/3734/3658 929/1027/1012
f 902/1024/1009 929/1027/1012 903/1023/1008
f 903/1023/1008 929/1027/1012 866/3734/3658
f 903/1023/1008 866/3734/3658 865/977/962
f 905/1016/1001 864/958/943 3569/959/944
f 903/1023/1008 865/977/962 904/1020/1005
f 904/1020/1005 865/977/962 864/958/943
f 904/1020/1005 864/958/943 905/1016/1001
f 3570/3636/3560 120/3437/3376 3572/948/933
f 119/132/131 118/131/130 3572/948/933
f 119/132/131 3572/948/933 120/3437/3376
f 3470/3634/3558 3573/3638/3562 3574/3637/3561
f 3469/3635/3559 3574/3637/3561 3468/3633/3557
f 3573/3638/3562 3470/3634/3558 3571/3735/3659
f 3574/3637/3561 3469/3635/3559 3470/3634/3558
f 3574/3637/3561 3573/3638/3562 3226/2892/2850
f 3226/2892/2850 3573/3638/3562 2640/2893/2851
f 2645/2960/2918 3576/3736/3660 858/945/930
f 2645/2960/2918 858/945/930 3577/3737/3661
f 2648/944/929 2647/2896/2854 3577/3737/3661
f 3577/3737/3661 858/945/930 2648/944/929
f 3573/3638/3562 3575/3738/3662 3471/3639/3563
f 3578/3739/3663 2643/3740/3664 2642/3640/3564
f 3578/3739/3663 2642/3640/3564 3471/3639/3563
f 3578/3739/3663 3471/3639/3563 3575/3738/3662
f 3578/3739/3663 3575/3738/3662 3579/3741/3665
f 2643/3740/3664 3579/3741/3665 2644/2962/2920
f 2644/2962/2920 3579/3741/3665 2645/2960/2918
f 2645/2960/2918 3577/3737/3661 2646/2961/2919
f 2646/2961/2919 3577/3737/3661 2647/2896/2854
f 2645/2960/2918 3575/3738/3662 3576/3736/3660
f 2645/2960/2918 3579/3741/3665 3575/3738/3662
f 118/131/130 859/946/931 3572/948/933
f 3572/948/933 3581/943/928 3570/3636/3560
f 3582/3742/3666 3575/3738/3662 3573/3638/3562
f 3571/3735/3659 3582/3742/3666 3573/3638/3562
f 3575/3738/3662 3582/3742/3666 3576/3736/3660
f 3580/947/932 3581/943/928 3572/948/933
f 1409/1586/1571 1875/2111/2078 1870/2091/2058
f 1870/2091/2058 3583/2106/2073 1871/2092/2059
f 1870/2091/2058 1875/2111/2078 3583/2106/2073
f 3584/3743/3667 3583/2106/2073 1876/2102/2069
f 3585/2093/2060 3586/2101/2068 1872/2099/2066
f 1486/1597/1582 1428/3729/3653 1487/1600/1585
f 1428/3729/3653 1427/1601/1586 1487/1600/1585
f 1874/2094/2061 3527/1576/1561 3529/2095/2062
f 3452/3619/3543 1898/2127/2094 1897/2125/2092
f 1898/2127/2094 3452/3619/3543 3453/3621/3545
f 1898/2127/2094 3453/3621/3545 1900/2128/2095
f 1902/2130/2097 1900/2128/2095 3448/3580/3504
f 3588/1385/1370 1231/1393/1378 1242/1386/1371
f 2658/2910/2868 2657/2909/2867 3589/2907/2865
f 2658/2910/2868 3589/2907/2865 3590/3744/3668
f 3590/3744/3668 839/932/917 1235/1391/1376
f 839/932/917 3590/3744/3668 840/933/918
f 842/936/921 2655/2905/2863 2654/2922/2880
f 842/936/921 844/938/923 843/937/922
f 844/938/923 842/936/921 2654/2922/2880
f 844/938/923 2654/2922/2880 845/939/924
f 845/939/924 2654/2922/2880 846/3745/3669
f 840/933/918 3590/3744/3668 841/934/919
f 841/934/919 3590/3744/3668 3589/2907/2865
f 1235/1391/1376 3587/1388/1373 3590/3744/3668
f 3590/3744/3668 3587/1388/1373 2658/2910/2868
f 3587/1388/1373 3588/1385/1370 2658/2910/2868
f 1229/1384/1369 2658/2910/2868 3588/1385/1370
f 1898/2127/2094 1923/2191/2158 1899/2126/2093
f 1898/2127/2094 1901/2129/2096 1923/2191/2158
f 1272/1421/1406 1271/1420/1405 3545/3714/3638
f 3547/3711/3635 3543/3709/3633 3592/3712/3636
f 3545/3714/3638 3592/3712/3636 1272/1421/1406
f 1271/1420/1405 1270/3646/3570 3545/3714/3638
f 3545/3714/3638 1270/3646/3570 1269/1419/1404
f 1272/1421/1406 1274/1423/1408 1273/1422/1407
f 1276/1424/1409 1274/1423/1408 1275/1425/1410
f 1277/1426/1411 1275/1425/1410 3558/3725/3649
f 1272/1421/1406 3592/3712/3636 1274/1423/1408
f 1274/1423/1408 3592/3712/3636 3558/3725/3649
f 3558/3725/3649 1275/1425/1410 1274/1423/1408
f 3529/2095/2062 3593/1567/1552 1873/1572/1557
f 3594/3384/3323 2069/2312/2279 3209/3391/3330
f 3594/3384/3323 2067/3383/3322 2069/2312/2279
f 2069/2312/2279 2067/3383/3322 2068/2313/2280
f 3596/3746/3670 3595/3747/3671 3597/3748/3672
f 3210/3389/3328 3596/3746/3670 3211/3387/3326
f 3211/3387/3326 3596/3746/3670 3597/3748/3672
f 3211/3387/3326 3597/3748/3672 3212/3385/3324
f 3210/3389/3328 3600/2314/2281 3596/3746/3670
f 3596/3746/3670 3600/2314/2281 3595/3747/3671
f 3598/3749/3673 3597/3748/3672 3595/3747/3671
f 1447/1621/1606 3597/3748/3672 3598/3749/3673
f 2069/2312/2279 3600/2314/2281 3210/3389/3328
f 2070/2315/2282 2071/1612/1597 3595/3747/3671
f 3598/3749/3673 3595/3747/3671 2071/1612/1597
f 2070/2315/2282 3595/3747/3671 3600/2314/2281
f 3210/3389/3328 3209/3391/3330 2069/2312/2279
f 3587/1388/1373 1235/1391/1376 1234/1390/1375
f 1270/3646/3570 3345/3518/3446 1269/1419/1404
f 694/3702/3626 997/1109/1094 695/3727/3651
f 695/3727/3651 3534/3534/3462 694/3702/3626
f 997/1109/1094 3560/3728/3652 695/3727/3651
f 2687/2935/2893 3603/3733/3657 3604/2936/2894
f 3604/2936/2894 3612/3750/3674 3605/2950/2908
f 3610/3751/3675 3606/3752/3676 3613/3753/3677
f 3607/3754/3678 2643/3740/3664 3816/3755/3679
f 3816/3755/3679 2643/3740/3664 2644/2962/2920
f 3816/3755/3679 2644/2962/2920 3608/3756/3680
f 3605/2950/2908 3606/3752/3676 3610/3751/3675
f 3605/2950/2908 3610/3751/3675 2701/2949/2907
f 3605/2950/2908 2688/2934/2892 3604/2936/2894
f 2688/2934/2892 2663/2956/2914 2662/2914/2872
f 2686/3650/3574 3482/3652/3576 3601/3697/3621
f 3602/3757/3681 3611/3651/3575 3606/3752/3676
f 3606/3752/3676 3605/2950/2908 3612/3750/3674
f 3606/3752/3676 3612/3750/3674 3602/3757/3681
f 3602/3757/3681 3612/3750/3674 3603/3733/3657
f 3603/3733/3657 3612/3750/3674 3604/2936/2894
f 3602/3757/3681 3601/3697/3621 3611/3651/3575
f 3613/3753/3677 2642/3640/3564 3607/3754/3678
f 3613/3753/3677 3611/3651/3575 3483/3653/3577
f 3613/3753/3677 3606/3752/3676 3611/3651/3575
f 3483/3653/3577 2642/3640/3564 3613/3753/3677
f 2642/3640/3564 2643/3740/3664 3607/3754/3678
f 3609/2899/2857 2644/2962/2920 2649/2897/2855
f 3609/2899/2857 3608/3756/3680 2644/2962/2920
f 3482/3652/3576 3611/3651/3575 3601/3697/3621
f 3602/3757/3681 2678/3698/3622 3601/3697/3621
f 2678/3698/3622 3602/3757/3681 3603/3733/3657
f 3603/3733/3657 2687/2935/2893 2677/2940/2898
f 3614/2895/2853 2641/2894/2852 2642/3640/3564
f 3614/2895/2853 2642/3640/3564 3481/3649/3573
f 2642/3640/3564 3483/3653/3577 3481/3649/3573
f 3481/3649/3573 3483/3653/3577 3482/3652/3576
f 883/971/956 884/972/957 885/974/959
f 3615/973/958 867/976/961 886/980/965
f 3615/973/958 883/971/956 885/974/959
f 3481/3649/3573 3480/3648/3572 3614/2895/2853
f 2639/2891/2849 3614/2895/2853 3480/3648/3572
f 1959/2197/2164 3415/3576/3500 1961/2203/2170
f 1959/2197/2164 1961/2203/2170 1960/2198/2165
f 1924/2155/2122 1899/2126/2093 1952/2189/2156
f 3796/3758/3682 1952/2189/2156 3795/3759/3683
f 3795/3759/3683 1952/2189/2156 1953/2190/2157
f 1939/2179/2146 1952/2189/2156 1923/2191/2158
f 1899/2126/2093 1923/2191/2158 1952/2189/2156
f 735/815/800 737/817/802 1081/1212/1197
f 3663/813/798 1083/1213/1198 1084/1214/1199
f 1085/1215/1200 1084/1214/1199 3618/1217/1202
f 3618/1217/1202 1087/1216/1201 1086/1334/1319
f 3617/821/806 1238/822/807 3616/823/808
f 3617/821/806 3538/3705/3629 1082/1211/1196
f 3538/3705/3629 3617/821/806 3616/823/808
f 3538/3705/3629 3618/1217/1202 1082/1211/1196
f 1083/1213/1198 1082/1211/1196 1084/1214/1199
f 1082/1211/1196 1083/1213/1198 1081/1212/1197
f 1083/1213/1198 735/815/800 1081/1212/1197
f 3588/1385/1370 3587/1388/1373 1231/1393/1378
f 1231/1393/1378 3587/1388/1373 1232/1387/1372
f 3345/3518/3446 3346/3508/3436 1268/1417/1402
f 1268/1417/1402 1269/1419/1404 3345/3518/3446
f 3346/3508/3436 1208/1357/1342 1268/1417/1402
f 1268/1417/1402 1208/1357/1342 1267/1416/1401
f 3567/1363/1348 3566/3730/3654 1222/1414/1399
f 695/3727/3651 3619/1447/1432 696/770/755
f 696/770/755 3619/1447/1432 697/771/756
f 994/1102/1087 3539/1101/1086 3541/1442/1427
f 3622/1664/1649 1472/1651/1636 1470/1650/1635
f 1472/1651/1636 3622/1664/1649 1489/3760/3684
f 1489/3760/3684 3622/1664/1649 3621/3761/3685
f 3623/3762/3686 3624/3763/3687 3625/3764/3688
f 1431/1607/1592 3625/3764/3688 3624/3763/3687
f 3624/3763/3687 1430/1605/1590 1431/1607/1592
f 1430/1605/1590 3624/3763/3687 1448/1602/1587
f 1448/1602/1587 3624/3763/3687 3626/1603/1588
f 1488/1663/1648 3623/3762/3686 3620/3765/3689
f 3626/1603/1588 1488/1663/1648 1487/1600/1585
f 1488/1663/1648 3620/3765/3689 1485/1649/1634
f 1488/1663/1648 3626/1603/1588 3623/3762/3686
f 1431/1607/1592 1432/1606/1591 3625/3764/3688
f 3621/3761/3685 3623/3762/3686 1491/1666/1651
f 1493/1668/1653 3623/3762/3686 3625/3764/3688
f 3623/3762/3686 3621/3761/3685 3620/3765/3689
f 1496/1672/1657 1497/3766/3690 3627/1675/1660
f 1496/1672/1657 3627/1675/1660 1503/1669/1654
f 1503/1669/1654 3627/1675/1660 1498/1674/1659
f 1497/3766/3690 1496/1672/1657 1435/1648/1633
f 1435/1648/1633 1496/1672/1657 1495/1671/1656
f 1435/1648/1633 1495/1671/1656 1434/1610/1595
f 1390/1560/1545 3629/3767/3691 3874/3768/3692
f 1391/2267/2234 3629/3767/3691 1390/1560/1545
f 1390/1560/1545 3628/3769/3693 2016/1558/1543
f 1435/1648/1633 1436/1611/1596 3628/3769/3693
f 1497/3766/3690 3630/3770/3694 3874/3768/3692
f 1435/1648/1633 3628/3769/3693 3630/3770/3694
f 1390/1560/1545 3874/3768/3692 3630/3770/3694
f 3630/3770/3694 3628/3769/3693 1390/1560/1545
f 3628/3769/3693 1436/1611/1596 2016/1558/1543
f 3625/3764/3688 1432/1606/1591 1495/1671/1656
f 1495/1671/1656 1432/1606/1591 1434/1610/1595
f 1092/1224/1209 1173/1318/1303 3591/1222/1207
f 3621/3761/3685 3622/1664/1649 3620/3765/3689
f 3620/3765/3689 3622/1664/1649 1485/1649/1634
f 1175/3623/3547 1176/3582/3506 3631/3771/3695
f 3631/3771/3695 1176/3582/3506 3446/3615/3539
f 3631/3771/3695 3446/3615/3539 3421/3584/3508
f 3632/3772/3696 3633/3773/3697 3654/808/793
f 3654/808/793 3633/3773/3697 728/806/791
f 3634/805/790 3633/3773/3697 3422/3586/3510
f 3422/3586/3510 3633/3773/3697 3632/3772/3696
f 3421/3584/3508 3422/3586/3510 3631/3771/3695
f 3631/3771/3695 3422/3586/3510 3632/3772/3696
f 3635/800/785 3636/3774/3698 724/801/786
f 3634/805/790 726/804/789 727/803/788
f 728/806/791 3633/3773/3697 3634/805/790
f 3424/3589/3513 3637/3588/3512 3423/3587/3511
f 3810/3775/3699 3643/3776/3700 3638/3777/3701
f 3806/3778/3702 3638/3777/3701 3639/3779/3703
f 3639/3779/3703 3644/3780/3704 3640/3781/3705
f 3425/3591/3515 3642/3592/3516 3643/3776/3700
f 3644/3780/3704 3645/3782/3706 3640/3781/3705
f 3810/3775/3699 3425/3591/3515 3643/3776/3700
f 3639/3779/3703 3638/3777/3701 3644/3780/3704
f 3644/3780/3704 3638/3777/3701 3643/3776/3700
f 3634/805/790 3637/3588/3512 726/804/789
f 3803/3783/3707 3637/3588/3512 3424/3589/3513
f 3803/3783/3707 3424/3589/3513 3808/3784/3708
f 3424/3589/3513 3425/3591/3515 3810/3775/3699
f 3635/800/785 726/804/789 3803/3783/3707
f 3635/800/785 3803/3783/3707 3646/3785/3709
f 3648/3786/3710 3798/3787/3711 3649/3788/3712
f 723/3789/3713 724/801/786 3636/3774/3698
f 3636/3774/3698 3647/3790/3714 723/3789/3713
f 723/3789/3713 3647/3790/3714 3650/3791/3715
f 3646/3785/3709 3636/3774/3698 3635/800/785
f 3636/3774/3698 3646/3785/3709 3647/3790/3714
f 3650/3791/3715 3647/3790/3714 3811/3792/3716
f 3650/3791/3715 3811/3792/3716 3648/3786/3710
f 3648/3786/3710 3651/3793/3717 3650/3791/3715
f 2067/3383/3322 2066/2317/2284 3652/3794/3718
f 3652/3794/3718 2066/2317/2284 1381/2318/2285
f 695/3727/3651 696/770/755 3534/3534/3462
f 1969/2163/2130 1930/2165/2132 1966/2200/2167
f 1965/2202/2169 1969/2163/2130 1966/2200/2167
f 3654/808/793 3653/3795/3719 3632/3772/3696
f 3653/3795/3719 3631/3771/3695 3632/3772/3696
f 3656/3796/3720 3653/3795/3719 3654/808/793
f 3656/3796/3720 3654/808/793 3655/807/792
f 3653/3795/3719 1175/3623/3547 3631/3771/3695
f 3656/3796/3720 1175/3623/3547 3653/3795/3719
f 3656/3796/3720 3655/807/792 1174/1319/1304
f 3657/3797/3721 3661/3798/3722 732/3799/3723
f 732/3799/3723 3661/3798/3722 731/3800/3724
f 730/3801/3725 1174/1319/1304 3655/807/792
f 1483/1660/1645 1484/1653/1638 3658/3802/3726
f 3658/3802/3726 1412/1578/1563 1413/1580/1565
f 1475/1655/1640 1412/1578/1563 3658/3802/3726
f 3658/3802/3726 1484/1653/1638 1475/1655/1640
f 1412/1578/1563 1885/2108/2075 1883/2107/2074
f 3455/1330/1315 1175/3623/3547 3656/3796/3720
f 1174/1319/1304 3455/1330/1315 3656/3796/3720
f 2068/2313/2280 2067/3383/3322 3652/3794/3718
f 3652/3794/3718 1381/2318/2285 3719/3803/3727
f 3719/3803/3727 1381/2318/2285 1382/1547/1532
f 3385/3527/3455 3467/3528/3456 3369/3547/3475
f 890/984/969 874/987/972 875/964/949
f 3659/3804/3728 2661/2912/2870 2662/2914/2872
f 3561/1104/1089 1296/1445/1430 3619/1447/1432
f 1413/1580/1565 1483/1660/1645 3658/3802/3726
f 3529/2095/2062 1872/2099/2066 3593/1567/1552
f 1879/2098/2065 3585/2093/2060 3584/3743/3667
f 1879/2098/2065 3584/3743/3667 1876/2102/2069
f 1871/2092/2059 3584/3743/3667 3585/2093/2060
f 3583/2106/2073 3584/3743/3667 1871/2092/2059
f 2068/2313/2280 3652/3794/3718 3719/3803/3727
f 1086/1334/1319 3660/1317/1302 1085/1215/1200
f 730/3801/3725 3661/3798/3722 1085/1215/1200
f 1085/1215/1200 3661/3798/3722 3657/3797/3721
f 1085/1215/1200 3657/3797/3721 3662/812/797
f 3662/812/797 3663/813/798 1085/1215/1200
f 735/815/800 3663/813/798 734/814/799
f 3662/812/797 732/3799/3723 733/810/795
f 1085/1215/1200 3660/1317/1302 730/3801/3725
f 3660/1317/1302 1174/1319/1304 730/3801/3725
f 1086/1334/1319 1087/1216/1201 3591/1222/1207
f 3369/3547/3475 3370/3529/3457 3664/3535/3463
f 3376/3541/3469 3378/3538/3466 3664/3535/3463
f 841/934/919 3589/2907/2865 2656/935/920
f 2706/2906/2864 2671/2959/2917 3659/3804/3728
f 3659/3804/3728 2671/2959/2917 2661/2912/2870
f 2663/2956/2914 3659/3804/3728 2662/2914/2872
f 2706/2906/2864 3659/3804/3728 2670/2923/2881
f 3666/3805/3729 3667/3806/3730 3675/3807/3731
f 3675/3807/3731 3671/3808/3732 3668/3809/3733
f 879/988/973 878/968/953 3670/967/952
f 876/965/950 843/937/922 877/966/951
f 845/939/924 3669/3810/3734 843/937/922
f 843/937/922 3671/3808/3732 3670/967/952
f 3671/3808/3732 3667/3806/3730 3670/967/952
f 3670/967/952 3667/3806/3730 879/988/973
f 843/937/922 3669/3810/3734 3671/3808/3732
f 3668/3809/3733 3671/3808/3732 3669/3810/3734
f 3675/3807/3731 3667/3806/3730 3671/3808/3732
f 3667/3806/3730 3666/3805/3729 880/989/974
f 880/989/974 3666/3805/3729 881/969/954
f 879/988/973 3667/3806/3730 880/989/974
f 881/969/954 3666/3805/3729 882/970/955
f 3676/3811/3735 882/970/955 3666/3805/3729
f 3673/3812/3736 3676/3811/3735 3674/3813/3737
f 3677/3814/3738 3674/3813/3737 3675/3807/3731
f 3666/3805/3729 3674/3813/3737 3676/3811/3735
f 3672/3815/3739 3676/3811/3735 3673/3812/3736
f 3674/3813/3737 3666/3805/3729 3675/3807/3731
f 3672/3815/3739 884/972/957 882/970/955
f 3676/3811/3735 3672/3815/3739 882/970/955
f 866/3734/3658 885/974/959 865/977/962
f 885/974/959 884/972/957 865/977/962
f 851/979/964 884/972/957 3672/3815/3739
f 3673/3812/3736 3677/3814/3738 3678/3816/3740
f 848/940/925 849/942/927 3678/3816/3740
f 3679/3817/3741 848/940/925 3678/3816/3740
f 851/979/964 3673/3812/3736 855/952/937
f 855/952/937 3673/3812/3736 3867/3818/3742
f 3867/3818/3742 3673/3812/3736 3678/3816/3740
f 3867/3818/3742 3678/3816/3740 849/942/927
f 851/979/964 3672/3815/3739 3673/3812/3736
f 3673/3812/3736 3674/3813/3737 3677/3814/3738
f 3680/3819/3743 846/3745/3669 847/941/926
f 847/941/926 848/940/925 3680/3819/3743
f 3680/3819/3743 848/940/925 3679/3817/3741
f 3679/3817/3741 3678/3816/3740 3677/3814/3738
f 3679/3817/3741 3677/3814/3738 3675/3807/3731
f 3679/3817/3741 3668/3809/3733 3680/3819/3743
f 3680/3819/3743 3669/3810/3734 845/939/924
f 3680/3819/3743 845/939/924 846/3745/3669
f 3669/3810/3734 3680/3819/3743 3668/3809/3733
f 3668/3809/3733 3679/3817/3741 3675/3807/3731
f 3582/3742/3666 3571/3735/3659 3581/943/928
f 3581/943/928 3571/3735/3659 3570/3636/3560
f 858/945/930 3582/3742/3666 3581/943/928
f 3681/1030/1015 908/949/934 3569/959/944
f 3569/959/944 908/949/934 918/1011/996
f 908/949/934 3681/1030/1015 906/1009/994
f 907/1029/1014 859/946/931 906/1009/994
f 859/946/931 907/1029/1014 3580/947/932
f 3682/3820/3744 1978/2213/2180 3683/2212/2179
f 3684/3821/3745 3505/3670/3594 3716/3822/3746
f 3693/3823/3747 3711/3824/3748 3690/3825/3749
f 3692/3826/3750 1396/2310/2277 2052/2309/2276
f 3711/3824/3748 3695/3827/3751 3689/3828/3752
f 2052/2309/2276 3694/3829/3753 3692/3826/3750
f 3692/3826/3750 3693/3823/3747 3690/3825/3749
f 3692/3826/3750 3694/3829/3753 3693/3823/3747
f 3694/3829/3753 3695/3827/3751 3693/3823/3747
f 3694/3829/3753 2052/2309/2276 2051/2302/2269
f 3694/3829/3753 2051/2302/2269 3696/3830/3754
f 3696/3830/3754 2051/2302/2269 2050/2308/2275
f 3696/3830/3754 3697/3831/3755 3698/3832/3756
f 3698/3832/3756 3697/3831/3755 3699/3833/3757
f 3698/3832/3756 3699/3833/3757 3700/3834/3758
f 3698/3832/3756 3700/3834/3758 3701/3835/3759
f 3698/3832/3756 3701/3835/3759 3715/3836/3760
f 3701/3835/3759 3705/3837/3761 3702/3838/3762
f 1982/3604/3528 3702/3838/3762 3429/2215/2182
f 3429/2215/2182 3702/3838/3762 3704/3839/3763
f 3704/3839/3763 3705/3837/3761 3700/3834/3758
f 3704/3839/3763 3700/3834/3758 3873/3840/3764
f 3873/3840/3764 3700/3834/3758 3699/3833/3757
f 3873/3840/3764 3699/3833/3757 3706/2276/2243
f 3429/2215/2182 3704/3839/3763 2034/2279/2246
f 3703/3841/3765 3702/3838/3762 1982/3604/3528
f 3698/3832/3756 3708/3842/3766 3696/3830/3754
f 3689/3828/3752 3695/3827/3751 3709/3843/3767
f 3688/3844/3768 3689/3828/3752 3687/3845/3769
f 3695/3827/3751 3694/3829/3753 3708/3842/3766
f 3696/3830/3754 3708/3842/3766 3694/3829/3753
f 3709/3843/3767 3695/3827/3751 3708/3842/3766
f 3709/3843/3767 3708/3842/3766 3718/3846/3770
f 3718/3846/3770 3708/3842/3766 3698/3832/3756
f 3700/3834/3758 3705/3837/3761 3701/3835/3759
f 3702/3838/3762 3705/3837/3761 3704/3839/3763
f 3683/2212/2179 1977/3671/3595 3684/3821/3745
f 3684/3821/3745 1977/3671/3595 3505/3670/3594
f 3716/3822/3746 3505/3670/3594 1976/3678/3602
f 1974/2210/2177 3710/3847/3771 3686/3848/3772
f 1973/2209/2176 1972/3680/3604 3710/3847/3771
f 1974/2210/2177 1973/2209/2176 3710/3847/3771
f 3710/3847/3771 3688/3844/3768 3687/3845/3769
f 3711/3824/3748 3712/2206/2173 3690/3825/3749
f 3690/3825/3749 3879/3849/3773 3713/3850/3774
f 3690/3825/3749 3713/3850/3774 3691/3851/3775
f 3691/3851/3775 3713/3850/3774 3714/2105/2072
f 3714/2105/2072 3875/3852/3776 1401/2103/2070
f 1401/2103/2070 3875/3852/3776 1402/1564/1549
f 3686/3848/3772 3710/3847/3771 3687/3845/3769
f 1975/3682/3606 1974/2210/2177 3686/3848/3772
f 3686/3848/3772 3685/3853/3777 1975/3682/3606
f 1975/3682/3606 3685/3853/3777 3511/3669/3593
f 1976/3678/3602 3511/3669/3593 3685/3853/3777
f 1980/3854/3778 1979/2214/2181 1978/2213/2180
f 1980/3854/3778 1978/2213/2180 3682/3820/3744
f 3682/3820/3744 3683/2212/2179 3715/3836/3760
f 3685/3853/3777 3717/3855/3779 3716/3822/3746
f 3716/3822/3746 3717/3855/3779 3715/3836/3760
f 3717/3855/3779 3718/3846/3770 3715/3836/3760
f 3715/3836/3760 3718/3846/3770 3698/3832/3756
f 3715/3836/3760 3683/2212/2179 3716/3822/3746
f 1976/3678/3602 3685/3853/3777 3716/3822/3746
f 3716/3822/3746 3683/2212/2179 3684/3821/3745
f 1980/3854/3778 3682/3820/3744 3703/3841/3765
f 1980/3854/3778 3703/3841/3765 1981/3856/3780
f 1981/3856/3780 3703/3841/3765 1982/3604/3528
f 3702/3838/3762 3703/3841/3765 3682/3820/3744
f 3682/3820/3744 3715/3836/3760 3701/3835/3759
f 3701/3835/3759 3702/3838/3762 3682/3820/3744
f 1979/2214/2181 1980/3854/3778 3436/3596/3520
f 3436/3596/3520 1980/3854/3778 1981/3856/3780
f 3428/3599/3523 3427/3597/3521 1981/3856/3780
f 1981/3856/3780 3427/3597/3521 3436/3596/3520
f 3428/3599/3523 1981/3856/3780 1982/3604/3528
f 2070/2315/2282 3719/3803/3727 3720/1549/1534
f 1440/1613/1598 3720/1549/1534 1383/1548/1533
f 2070/2315/2282 3720/1549/1534 2071/1612/1597
f 2071/1612/1597 3720/1549/1534 1440/1613/1598
f 3719/3803/3727 1382/1547/1532 3720/1549/1534
f 2068/2313/2280 3719/3803/3727 2070/2315/2282
f 1084/1214/1199 1082/1211/1196 3618/1217/1202
f 3378/3538/3466 3369/3547/3475 3664/3535/3463
f 3721/1374/1359 3665/1362/1347 3567/1363/1348
f 3541/1442/1427 3556/3724/3648 1293/3857/3781
f 3540/3706/3630 3556/3724/3648 3541/1442/1427
f 1381/2318/2285 1355/1517/1502 3722/3858/3782
f 3728/3859/3783 3723/3860/3784 3724/3861/3785
f 3725/3862/3786 3727/3863/3787 1357/1521/1506
f 3725/3862/3786 1357/1521/1506 2014/2258/2225
f 3722/3858/3782 1356/1519/1504 3726/1518/1503
f 3727/3863/3787 3726/1518/1503 1357/1521/1506
f 3723/3860/3784 3725/3862/3786 3724/3861/3785
f 3722/3858/3782 3727/3863/3787 3723/3860/3784
f 3725/3862/3786 3723/3860/3784 3727/3863/3787
f 3722/3858/3782 3726/1518/1503 3727/3863/3787
f 1355/1517/1502 1354/1516/1501 3722/3858/3782
f 3722/3858/3782 1354/1516/1501 1356/1519/1504
f 3728/3859/3783 3722/3858/3782 3723/3860/3784
f 2009/3864/3788 2010/2253/2220 3724/3861/3785
f 2008/3865/3789 2009/3864/3788 1361/1522/1507
f 1361/1522/1507 2009/3864/3788 2014/2258/2225
f 2008/3865/3789 1361/1522/1507 2013/1524/1509
f 2009/3864/3788 3724/3861/3785 2014/2258/2225
f 1381/2318/2285 3722/3858/3782 1382/1547/1532
f 1382/1547/1532 3722/3858/3782 3729/2256/2223
f 2010/2253/2220 2011/1614/1599 3729/2256/2223
f 1383/1548/1533 3729/2256/2223 2011/1614/1599
f 3722/3858/3782 3728/3859/3783 3729/2256/2223
f 1293/3857/3781 3556/3724/3648 3557/3708/3632
f 3549/1453/1438 3748/1454/1439 3557/3708/3632
f 1295/1444/1429 1294/1443/1428 1310/1446/1431
f 1295/1444/1429 1310/1446/1431 1296/1445/1430
f 1085/1215/1200 3618/1217/1202 1086/1334/1319
f 3376/3541/3469 3664/3535/3463 3375/3536/3464
f 3731/3539/3467 3376/3541/3469 3377/3543/3471
f 3731/3539/3467 3377/3543/3471 1358/2257/2224
f 3377/3543/3471 1359/2259/2226 1358/2257/2224
f 3378/3538/3466 3376/3541/3469 3731/3539/3467
f 1357/1521/1506 3731/3539/3467 1358/2257/2224
f 3731/3539/3467 1357/1521/1506 3379/3537/3465
f 3733/1358/1343 1257/1360/1345 3732/3866/3790
f 3733/1358/1343 3732/3866/3790 1200/1346/1331
f 1200/1346/1331 3732/3866/3790 3736/1409/1394
f 3733/1358/1343 1209/1359/1344 1257/1360/1345
f 1254/1405/1390 1255/1376/1361 3568/1377/1362
f 1225/1380/1365 1252/1402/1387 1253/1378/1363
f 1246/1413/1398 1226/2958/2916 1227/1381/1366
f 1226/2958/2916 1246/1413/1398 1252/1402/1387
f 1247/1406/1391 1252/1402/1387 1246/1413/1398
f 2672/2957/2915 1252/1402/1387 1225/1380/1365
f 1252/1402/1387 2672/2957/2915 1226/2958/2916
f 1293/3857/3781 1294/1443/1428 3541/1442/1427
f 3734/3690/3614 3522/2211/2178 3521/3607/3531
f 3498/3676/3600 3506/3674/3598 3734/3690/3614
f 3735/3673/3597 1977/3671/3595 3734/3690/3614
f 3735/3673/3597 3734/3690/3614 3506/3674/3598
f 3213/1623/1608 3212/3385/3324 1447/1621/1606
f 1447/1621/1606 3212/3385/3324 3597/3748/3672
f 1446/3726/3650 3598/3749/3673 3599/1615/1600
f 3437/3606/3530 1979/2214/2181 3443/3605/3529
f 3437/3606/3530 3443/3605/3529 3444/3613/3537
f 1256/1404/1389 3721/1374/1359 1261/1403/1388
f 3721/1374/1359 1256/1404/1389 3665/1362/1347
f 3426/3594/3518 3431/3595/3519 3742/3867/3791
f 3426/3594/3518 3742/3867/3791 3642/3592/3516
f 1261/1403/1388 720/797/782 1256/1404/1389
f 1256/1404/1389 720/797/782 3736/1409/1394
f 3736/1409/1394 1257/1360/1345 1256/1404/1389
f 3732/3866/3790 1257/1360/1345 3736/1409/1394
f 1302/3717/3641 3544/3710/3634 1301/3715/3639
f 3544/3710/3634 3547/3711/3635 1301/3715/3639
f 1311/1466/1451 1294/1443/1428 1292/3868/3792
f 1292/3868/3792 1294/1443/1428 1293/3857/3781
f 1293/3857/3781 3557/3708/3632 1292/3868/3792
f 1292/3868/3792 3557/3708/3632 3730/3869/3793
f 3738/2920/2878 3659/3804/3728 3737/2921/2879
f 2670/2923/2881 3659/3804/3728 3738/2920/2878
f 2663/2956/2914 3737/2921/2879 3659/3804/3728
f 3498/3676/3600 3734/3690/3614 3521/3607/3531
f 3739/3612/3536 3440/3610/3534 3438/3608/3532
f 3437/3606/3530 3444/3613/3537 3438/3608/3532
f 3438/3608/3532 3445/3593/3517 3739/3612/3536
f 3739/3612/3536 3442/3590/3514 3441/3611/3535
f 3423/3587/3511 3422/3586/3510 3442/3590/3514
f 3445/3593/3517 3438/3608/3532 3444/3613/3537
f 3740/3601/3525 3432/3600/3524 3741/3870/3794
f 3741/3870/3794 3743/3871/3795 713/1351/1336
f 3741/3870/3794 3645/3782/3706 3742/3867/3791
f 3740/3601/3525 3742/3867/3791 3431/3595/3519
f 3643/3776/3700 3742/3867/3791 3644/3780/3704
f 3643/3776/3700 3642/3592/3516 3742/3867/3791
f 3644/3780/3704 3742/3867/3791 3645/3782/3706
f 3641/790/775 3640/3781/3705 3645/3782/3706
f 3645/3782/3706 714/788/773 3641/790/775
f 714/788/773 3645/3782/3706 713/1351/1336
f 713/1351/1336 3645/3782/3706 3741/3870/3794
f 3740/3601/3525 3741/3870/3794 3742/3867/3791
f 3431/3595/3519 3430/3598/3522 3740/3601/3525
f 3741/3870/3794 3432/3600/3524 3433/3602/3526
f 3433/3602/3526 3743/3871/3795 3741/3870/3794
f 1203/1348/1333 713/1351/1336 3744/3872/3796
f 3745/3873/3797 3744/3872/3796 3746/3874/3798
f 3745/3873/3797 3746/3874/3798 1985/2221/2188
f 3434/2218/2185 3746/3874/3798 3743/3871/3795
f 1985/2221/2188 3746/3874/3798 3844/2220/2187
f 1203/1348/1333 3744/3872/3796 1204/1349/1334
f 3744/3872/3796 3745/3873/3797 1204/1349/1334
f 1204/1349/1334 3745/3873/3797 712/3875/3799
f 3745/3873/3797 1985/2221/2188 1986/2243/2210
f 1261/1403/1388 1255/1376/1361 1254/1405/1390
f 3730/3869/3793 3557/3708/3632 3748/1454/1439
f 1311/1466/1451 1292/3868/3792 3747/1467/1452
f 1313/1469/1454 3730/3869/3793 3748/1454/1439
f 1313/1469/1454 1312/1468/1453 3747/1467/1452
f 1311/1466/1451 3747/1467/1452 1307/1463/1448
f 1314/1459/1444 1313/1469/1454 3749/3876/3800
f 3749/3876/3800 1315/1441/1426 1314/1459/1444
f 1291/1452/1437 3749/3876/3800 3748/1454/1439
f 1306/1470/1455 1315/1441/1426 1289/1439/1424
f 3748/1454/1439 3749/3876/3800 1313/1469/1454
f 3730/3869/3793 3747/1467/1452 1292/3868/3792
f 1313/1469/1454 3747/1467/1452 3730/3869/3793
f 1931/2167/2134 3750/2164/2131 3771/3877/3801
f 3828/3878/3802 3751/3879/3803 3752/3880/3804
f 3752/3880/3804 3751/3879/3803 3753/3881/3805
f 3752/3880/3804 3753/3881/3805 3754/3882/3806
f 1893/2119/2086 3754/3882/3806 1892/2118/2085
f 1892/2118/2085 3754/3882/3806 1925/2116/2083
f 3750/2164/2131 3751/3879/3803 3771/3877/3801
f 3750/2164/2131 1931/2167/2134 1930/2165/2132
f 1929/2162/2129 3753/3881/3805 3751/3879/3803
f 3754/3882/3806 3753/3881/3805 1925/2116/2083
f 1925/2116/2083 3755/2113/2080 1890/2115/2082
f 1889/2114/2081 3755/2113/2080 1928/2161/2128
f 1928/2161/2128 3753/3881/3805 1929/2162/2129
f 1929/2162/2129 3751/3879/3803 3750/2164/2131
f 3621/3761/3685 1490/1665/1650 1501/1683/1668
f 3621/3761/3685 1501/1683/1668 1489/3760/3684
f 1489/3760/3684 1501/1683/1668 1472/1651/1636
f 1501/1683/1668 1490/1665/1650 1492/1667/1652
f 1494/1670/1655 1496/1672/1657 1503/1669/1654
f 3497/3663/3587 3498/3676/3600 3521/3607/3531
f 3437/3606/3530 3497/3663/3587 3521/3607/3531
f 1244/1400/1385 1243/1394/1379 736/816/801
f 3757/3883/3807 3756/3884/3808 3758/811/796
f 3759/3885/3809 3758/811/796 733/810/795
f 3762/3886/3810 3763/3887/3811 3764/3888/3812
f 1244/1400/1385 3756/3884/3808 1245/1401/1386
f 1246/1413/1398 1245/1401/1386 1248/1396/1381
f 1246/1413/1398 1248/1396/1381 1247/1406/1391
f 1248/1396/1381 1245/1401/1386 3765/3889/3813
f 3651/3793/3717 1251/1399/1384 3766/3890/3814
f 3766/3890/3814 1251/1399/1384 1249/1397/1382
f 3764/3888/3812 723/3789/3713 3651/3793/3717
f 3762/3886/3810 3766/3890/3814 3767/3891/3815
f 3767/3891/3815 3766/3890/3814 3765/3889/3813
f 3760/3892/3816 3767/3891/3815 3757/3883/3807
f 3767/3891/3815 3760/3892/3816 3761/3893/3817
f 3767/3891/3815 3761/3893/3817 3762/3886/3810
f 3767/3891/3815 3765/3889/3813 3757/3883/3807
f 3651/3793/3717 3766/3890/3814 3764/3888/3812
f 3764/3888/3812 3766/3890/3814 3762/3886/3810
f 1248/1396/1381 3765/3889/3813 1249/1397/1382
f 3766/3890/3814 1249/1397/1382 3765/3889/3813
f 1245/1401/1386 3756/3884/3808 3765/3889/3813
f 3552/1418/1403 1267/1416/1401 1266/1415/1400
f 3552/1418/1403 1266/1415/1400 3553/3720/3644
f 3553/3720/3644 1266/1415/1400 3769/3894/3818
f 3769/3894/3818 3770/3895/3819 3553/3720/3644
f 1302/3717/3641 1301/3715/3639 1300/1437/1422
f 1288/1438/1423 1299/3716/3640 1297/1449/1434
f 1299/3716/3640 1288/1438/1423 1300/1437/1422
f 1287/1456/1441 1288/1438/1423 1297/1449/1434
f 1302/3717/3641 1291/1452/1437 1303/1451/1436
f 1290/1440/1425 1302/3717/3641 1300/1437/1422
f 1290/1440/1425 1291/1452/1437 1302/3717/3641
f 843/937/922 3670/967/952 877/966/951
f 1957/2193/2160 1958/2194/2161 3773/3896/3820
f 1957/2193/2160 3773/3896/3820 3774/3897/3821
f 1931/2167/2134 1932/2169/2136 1968/2168/2135
f 1931/2167/2134 3838/3898/3822 1932/2169/2136
f 3496/3691/3615 3775/3899/3823 3523/3662/3586
f 3496/3691/3615 3523/3662/3586 3495/3661/3585
f 3775/3899/3823 3498/3676/3600 3497/3663/3587
f 3497/3663/3587 3523/3662/3586 3775/3899/3823
f 730/3801/3725 3655/807/792 729/809/794
f 3778/3900/3824 3776/3901/3825 3781/3902/3826
f 3780/3903/3827 3779/3904/3828 3763/3887/3811
f 3758/811/796 3759/3885/3809 3760/3892/3816
f 3760/3892/3816 3759/3885/3809 3763/3887/3811
f 3760/3892/3816 3763/3887/3811 3761/3893/3817
f 3780/3903/3827 3763/3887/3811 3759/3885/3809
f 3759/3885/3809 733/810/795 3780/3903/3827
f 3780/3903/3827 733/810/795 731/3800/3724
f 731/3800/3724 733/810/795 732/3799/3723
f 3762/3886/3810 3761/3893/3817 3763/3887/3811
f 723/3789/3713 3764/3888/3812 724/801/786
f 3763/3887/3811 3779/3904/3828 3764/3888/3812
f 3758/811/796 3760/3892/3816 3757/3883/3807
f 1244/1400/1385 736/816/801 3756/3884/3808
f 729/809/794 3654/808/793 728/806/791
f 729/809/794 728/806/791 3776/3901/3825
f 3776/3901/3825 728/806/791 3777/3905/3829
f 3764/3888/3812 3781/3902/3826 724/801/786
f 724/801/786 3781/3902/3826 725/802/787
f 3776/3901/3825 3777/3905/3829 725/802/787
f 3776/3901/3825 725/802/787 3781/3902/3826
f 3778/3900/3824 3781/3902/3826 3779/3904/3828
f 3779/3904/3828 3781/3902/3826 3764/3888/3812
f 728/806/791 727/803/788 3777/3905/3829
f 1242/1386/1371 737/817/802 1230/1383/1368
f 1291/1452/1437 1290/1440/1425 3749/3876/3800
f 1290/1440/1425 1315/1441/1426 3749/3876/3800
f 3548/1450/1435 3551/3719/3643 3554/1448/1433
f 1490/1665/1650 3621/3761/3685 1491/1666/1651
f 1493/1668/1653 3625/3764/3688 1494/1670/1655
f 1494/1670/1655 3625/3764/3688 1495/1671/1656
f 3623/3762/3686 1493/1668/1653 1492/1667/1652
f 3623/3762/3686 1492/1667/1652 1491/1666/1651
f 3782/3906/3830 1954/2192/2159 3774/3897/3821
f 3782/3906/3830 3774/3897/3821 3783/3907/3831
f 3787/3908/3832 3788/2154/2121 3802/2153/2120
f 3796/3758/3682 3789/3909/3833 1924/2155/2122
f 3796/3758/3682 1924/2155/2122 1952/2189/2156
f 3793/3910/3834 3829/3911/3835 3788/2154/2121
f 3788/2154/2121 3787/3908/3832 3793/3910/3834
f 3785/3912/3836 3794/3913/3837 3786/3914/3838
f 3786/3914/3838 3794/3913/3837 3787/3908/3832
f 3792/3915/3839 3793/3910/3834 3752/3880/3804
f 3784/3916/3840 3790/3917/3841 3785/3912/3836
f 3794/3913/3837 3752/3880/3804 3793/3910/3834
f 3752/3880/3804 3794/3913/3837 3791/3918/3842
f 3791/3918/3842 3794/3913/3837 3772/3919/3843
f 3772/3919/3843 3794/3913/3837 3785/3912/3836
f 1953/2190/2157 3782/3906/3830 3795/3759/3683
f 1953/2190/2157 1954/2192/2159 3782/3906/3830
f 3795/3759/3683 3782/3906/3830 3783/3907/3831
f 3783/3907/3831 3784/3916/3840 3786/3914/3838
f 3786/3914/3838 3784/3916/3840 3785/3912/3836
f 3795/3759/3683 3783/3907/3831 3786/3914/3838
f 3786/3914/3838 3789/3909/3833 3795/3759/3683
f 3498/3676/3600 3775/3899/3823 3797/3660/3584
f 3775/3899/3823 3496/3691/3615 3797/3660/3584
f 3498/3676/3600 3797/3660/3584 3499/3677/3601
f 3499/3677/3601 3797/3660/3584 3500/3665/3589
f 1433/1608/1593 1431/1607/1592 3559/1622/1607
f 3599/1615/1600 3598/3749/3673 1386/1552/1537
f 1386/1552/1537 3598/3749/3673 2071/1612/1597
f 3442/3590/3514 3642/3592/3516 3425/3591/3515
f 730/3801/3725 3778/3900/3824 3661/3798/3722
f 730/3801/3725 729/809/794 3778/3900/3824
f 3661/3798/3722 3778/3900/3824 731/3800/3724
f 3640/3781/3705 3641/790/775 715/791/776
f 715/791/776 716/793/778 3640/3781/3705
f 3649/3788/3712 718/796/781 721/799/784
f 719/1410/1395 720/797/782 718/796/781
f 3649/3788/3712 3798/3787/3711 718/796/781
f 718/796/781 3798/3787/3711 3799/795/780
f 722/1412/1397 3649/3788/3712 721/799/784
f 1200/1346/1331 1199/1345/1330 1263/1344/1329
f 716/793/778 3800/1347/1332 717/794/779
f 718/796/781 717/794/779 3800/1347/1332
f 718/796/781 3800/1347/1332 719/1410/1395
f 719/1410/1395 3800/1347/1332 1200/1346/1331
f 737/817/802 3801/818/803 1230/1383/1368
f 736/816/801 1243/1394/1379 3801/818/803
f 3769/3894/3818 1266/1415/1400 1206/1355/1340
f 1206/1355/1340 1205/1354/1339 3769/3894/3818
f 3769/3894/3818 1205/1354/1339 3770/3895/3819
f 3815/3920/3844 3610/3751/3675 3613/3753/3677
f 3576/3736/3660 3582/3742/3666 858/945/930
f 1895/2123/2090 3802/2153/2120 3788/2154/2121
f 1924/2155/2122 3789/3909/3833 3802/2153/2120
f 1924/2155/2122 3802/2153/2120 1896/2122/2089
f 3598/3749/3673 1446/3726/3650 1447/1621/1606
f 1445/3921/3845 1446/3726/3650 1439/1616/1601
f 1444/1647/1632 1445/3921/3845 1439/1616/1601
f 1446/3726/3650 3599/1615/1600 1439/1616/1601
f 3798/3787/3711 3811/3792/3716 3805/3922/3846
f 3799/795/780 3805/3922/3846 3806/3778/3702
f 3798/3787/3711 3805/3922/3846 3799/795/780
f 3799/795/780 3806/3778/3702 717/794/779
f 717/794/779 3806/3778/3702 3807/792/777
f 716/793/778 3807/792/777 3640/3781/3705
f 3640/3781/3705 3807/792/777 3639/3779/3703
f 3639/3779/3703 3807/792/777 3806/3778/3702
f 3806/3778/3702 3805/3922/3846 3809/3923/3847
f 3809/3923/3847 3805/3922/3846 3804/3924/3848
f 3808/3784/3708 3804/3924/3848 3803/3783/3707
f 3803/3783/3707 726/804/789 3637/3588/3512
f 3638/3777/3701 3806/3778/3702 3809/3923/3847
f 3638/3777/3701 3809/3923/3847 3810/3775/3699
f 3808/3784/3708 3424/3589/3513 3810/3775/3699
f 3808/3784/3708 3810/3775/3699 3809/3923/3847
f 3646/3785/3709 3803/3783/3707 3804/3924/3848
f 3646/3785/3709 3804/3924/3848 3811/3792/3716
f 3811/3792/3716 3804/3924/3848 3805/3922/3846
f 3647/3790/3714 3646/3785/3709 3811/3792/3716
f 3808/3784/3708 3809/3923/3847 3804/3924/3848
f 3756/3884/3808 736/816/801 734/814/799
f 3770/3895/3819 1205/1354/1339 3812/3925/3849
f 3812/3925/3849 1205/1354/1339 1195/1341/1326
f 3770/3895/3819 3812/3925/3849 3768/3721/3645
f 3768/3721/3645 3812/3925/3849 3555/3723/3647
f 3555/3723/3647 3812/3925/3849 1195/1341/1326
f 3382/3545/3473 3814/3926/3850 1378/1544/1529
f 3382/3545/3473 1378/1544/1529 1371/1536/1521
f 1366/1535/1520 1378/1544/1529 1379/1540/1525
f 2655/2905/2863 2669/2918/2876 2668/2917/2875
f 3738/2920/2878 2669/2918/2876 2670/2923/2881
f 2669/2918/2876 2655/2905/2863 2670/2923/2881
f 3815/3920/3844 3607/3754/3678 3816/3755/3679
f 3607/3754/3678 3815/3920/3844 3613/3753/3677
f 3817/2951/2909 2701/2949/2907 3815/3920/3844
f 3817/2951/2909 3815/3920/3844 3818/3927/3851
f 3817/2951/2909 3818/3927/3851 2702/2952/2910
f 3818/3927/3851 2703/2953/2911 2702/2952/2910
f 3815/3920/3844 3816/3755/3679 3818/3927/3851
f 3818/3927/3851 3816/3755/3679 3819/3928/3852
f 2704/2900/2858 2705/2954/2912 3609/2899/2857
f 3609/2899/2857 2705/2954/2912 3819/3928/3852
f 2703/2953/2911 3818/3927/3851 3819/3928/3852
f 3819/3928/3852 2705/2954/2912 2703/2953/2911
f 3816/3755/3679 3608/3756/3680 3819/3928/3852
f 3819/3928/3852 3608/3756/3680 3609/2899/2857
f 2643/3740/3664 3578/3739/3663 3579/3741/3665
f 906/1009/994 3681/1030/1015 907/1029/1014
f 2648/944/929 907/1029/1014 857/1031/1016
f 2648/944/929 3580/947/932 907/1029/1014
f 3826/3929/3853 1502/1684/1669 1492/1667/1652
f 3821/3930/3854 3820/3931/3855 1473/1661/1646
f 1473/1661/1646 3820/3931/3855 1484/1653/1638
f 1473/1661/1646 1501/1683/1668 3821/3930/3854
f 3821/3930/3854 1501/1683/1668 1502/1684/1669
f 3797/3660/3584 3823/2120/2087 3500/3665/3589
f 1445/3921/3845 1433/1608/1593 1446/3726/3650
f 3824/1609/1594 1445/3921/3845 1444/1647/1632
f 3729/2256/2223 3728/3859/3783 2010/2253/2220
f 1198/1343/1328 1202/1352/1337 1196/1340/1325
f 1196/1340/1325 1202/1352/1337 1194/1350/1335
f 3878/1337/1322 1202/1352/1337 1203/1348/1333
f 3878/1337/1322 1194/1350/1335 1202/1352/1337
f 714/788/773 1203/1348/1333 1202/1352/1337
f 1297/1449/1434 1298/3722/3646 3555/3723/3647
f 3825/1339/1324 1297/1449/1434 3555/3723/3647
f 1297/1449/1434 3825/1339/1324 1287/1456/1441
f 1285/1436/1421 1287/1456/1441 3825/1339/1324
f 1474/1654/1639 1476/2112/2079 1475/1655/1640
f 1474/1654/1639 1484/1653/1638 3820/3931/3855
f 3797/3660/3584 1894/2121/2088 3823/2120/2087
f 3746/3874/3798 3434/2218/2185 3844/2220/2187
f 727/803/788 3635/800/785 725/802/787
f 727/803/788 725/802/787 3777/3905/3829
f 731/3800/3724 3778/3900/3824 3780/3903/3827
f 3779/3904/3828 3780/3903/3827 3778/3900/3824
f 3776/3901/3825 3778/3900/3824 729/809/794
f 1373/1537/1522 700/773/758 3813/3544/3472
f 1378/1544/1529 3814/3926/3850 1380/1545/1530
f 3814/3926/3850 3813/3544/3472 1380/1545/1530
f 700/773/758 1380/1545/1530 3813/3544/3472
f 3826/3929/3853 1499/1678/1663 3822/3932/3856
f 3827/1676/1661 3826/3929/3853 1498/1674/1659
f 1498/1674/1659 3872/1673/1658 3827/1676/1661
f 3826/3929/3853 3827/1676/1661 1499/1678/1663
f 1474/1654/1639 3820/3931/3855 1500/1679/1664
f 3820/3931/3855 3821/3930/3854 3822/3932/3856
f 3820/3931/3855 3822/3932/3856 1499/1678/1663
f 3820/3931/3855 1499/1678/1663 1500/1679/1664
f 3791/3918/3842 3828/3878/3802 3752/3880/3804
f 3751/3879/3803 3828/3878/3802 3771/3877/3801
f 3829/3911/3835 3754/3882/3806 1893/2119/2086
f 3792/3915/3839 3754/3882/3806 3829/3911/3835
f 3792/3915/3839 3752/3880/3804 3754/3882/3806
f 3839/3933/3857 3771/3877/3801 3828/3878/3802
f 3839/3933/3857 3828/3878/3802 3791/3918/3842
f 3838/3898/3822 1958/2194/2161 1932/2169/2136
f 1954/2192/2159 1957/2193/2160 3774/3897/3821
f 1954/2192/2159 1956/2195/2162 1957/2193/2160
f 3507/3675/3599 3501/3664/3588 3502/3666/3590
f 3502/3666/3590 3504/3668/3592 3507/3675/3599
f 2017/2268/2235 2015/2260/2227 3832/3934/3858
f 3831/3935/3859 3832/3934/3858 1388/1556/1541
f 3831/3935/3859 1388/1556/1541 1437/1555/1540
f 1388/1556/1541 3832/3934/3858 2015/2260/2227
f 3831/3935/3859 1438/1618/1603 3830/1617/1602
f 1437/1555/1540 1438/1618/1603 3831/3935/3859
f 3830/1617/1602 1387/1554/1539 3850/3936/3860
f 3850/3936/3860 1387/1554/1539 1385/1551/1536
f 3433/3602/3526 3434/2218/2185 3743/3871/3795
f 3811/3792/3716 3798/3787/3711 3648/3786/3710
f 3648/3786/3710 3649/3788/3712 722/1412/1397
f 3814/3926/3850 3380/3542/3470 3813/3544/3472
f 3380/3542/3470 3814/3926/3850 3382/3545/3473
f 1360/1534/1519 3382/3545/3473 1362/1523/1508
f 3382/3545/3473 1371/1536/1521 1370/1546/1531
f 1370/1546/1531 1362/1523/1508 3382/3545/3473
f 3802/2153/2120 3789/3909/3833 3786/3914/3838
f 3802/2153/2120 3786/3914/3838 3787/3908/3832
f 3824/1609/1594 1432/1606/1591 1433/1608/1593
f 3824/1609/1594 1433/1608/1593 1445/3921/3845
f 1444/1647/1632 1443/1619/1604 1442/1620/1605
f 1444/1647/1632 1434/1610/1595 3824/1609/1594
f 3833/3937/3861 3836/2255/2222 3834/3938/3862
f 1384/1550/1535 2011/1614/1599 3833/3937/3861
f 3833/3937/3861 2011/1614/1599 3836/2255/2222
f 2007/2252/2219 3837/2254/2221 2008/3865/3789
f 3834/3938/3862 3837/2254/2221 3835/2251/2218
f 3837/2254/2221 2007/2252/2219 3835/2251/2218
f 3837/2254/2221 3834/3938/3862 3836/2255/2222
f 3651/3793/3717 3648/3786/3710 722/1412/1397
f 3651/3793/3717 722/1412/1397 1251/1399/1384
f 3758/811/796 3756/3884/3808 734/814/799
f 3765/3889/3813 3756/3884/3808 3757/3883/3807
f 1931/2167/2134 3771/3877/3801 3838/3898/3822
f 3773/3896/3820 1958/2194/2161 3839/3933/3857
f 3838/3898/3822 3771/3877/3801 3839/3933/3857
f 3773/3896/3820 3839/3933/3857 3772/3919/3843
f 3839/3933/3857 1958/2194/2161 3838/3898/3822
f 3783/3907/3831 3774/3897/3821 3784/3916/3840
f 3841/3939/3863 3840/3940/3864 3842/2277/2244
f 3842/2277/2244 3706/2276/2243 2033/3941/3865
f 3842/2277/2244 2033/3941/3865 2031/2273/2240
f 2031/2273/2240 2033/3941/3865 2047/2275/2242
f 3840/3940/3864 1984/2219/2186 2035/2216/2183
f 3840/3940/3864 3843/2278/2245 3842/2277/2244
f 3840/3940/3864 2035/2216/2183 2034/2279/2246
f 3840/3940/3864 2034/2279/2246 3843/2278/2245
f 3846/2240/2207 3847/2236/2203 2000/2239/2206
f 3845/3942/3866 3846/2240/2207 2001/2241/2208
f 2001/2241/2208 3848/2222/2189 3845/3942/3866
f 3845/3942/3866 3848/2222/2189 3844/2220/2187
f 3849/3943/3867 3850/3936/3860 1385/1551/1536
f 1385/1551/1536 1384/1550/1535 3833/3937/3861
f 3853/3944/3868 3854/3945/3869 3855/3946/3870
f 3855/3946/3870 3856/3947/3871 3857/3948/3872
f 3859/3949/3873 3860/3950/3874 3861/3951/3875
f 3850/3936/3860 3849/3943/3867 3853/3944/3868
f 3851/3952/3876 3850/3936/3860 3862/3953/3877
f 3855/3946/3870 3862/3953/3877 3853/3944/3868
f 3831/3935/3859 3864/3954/3878 3861/3951/3875
f 3849/3943/3867 3833/3937/3861 3853/3944/3868
f 3833/3937/3861 3834/3938/3862 3853/3944/3868
f 3834/3938/3862 3835/2251/2218 3853/3944/3868
f 3853/3944/3868 3835/2251/2218 3854/3945/3869
f 3856/3947/3871 3835/2251/2218 2006/2250/2217
f 1385/1551/1536 3833/3937/3861 3849/3943/3867
f 1876/2102/2069 1476/2112/2079 1877/1656/1641
f 1887/2159/2126 3518/3688/3612 3865/3955/3879
f 3865/3955/3879 3518/3688/3612 3517/3687/3611
f 3865/3955/3879 3517/3687/3611 3515/3684/3608
f 1889/2114/2081 1888/2160/2127 1887/2159/2126
f 1503/1669/1654 3826/3929/3853 1492/1667/1652
f 3502/3666/3590 1891/2117/2084 1890/2115/2082
f 3503/3667/3591 1890/2115/2082 3520/3689/3613
f 3630/3770/3694 1497/3766/3690 1435/1648/1633
f 1497/3766/3690 3874/3768/3692 3627/1675/1660
f 3788/2154/2121 1894/2121/2088 1895/2123/2090
f 3837/2254/2221 2010/2253/2220 2009/3864/3788
f 2008/3865/3789 3837/2254/2221 2009/3864/3788
f 1359/2259/2226 1361/1522/1507 2014/2258/2225
f 1889/2114/2081 3865/3955/3879 3520/3689/3613
f 3520/3689/3613 3865/3955/3879 3515/3684/3608
f 3520/3689/3613 1890/2115/2082 1889/2114/2081
f 1887/2159/2126 3865/3955/3879 1889/2114/2081
f 3821/3930/3854 1502/1684/1669 3822/3932/3856
f 3822/3932/3856 1502/1684/1669 3826/3929/3853
f 1503/1669/1654 1498/1674/1659 3826/3929/3853
f 849/942/927 3866/2903/2861 850/3956/3880
f 3867/3818/3742 3868/3957/3881 3869/953/938
f 850/3956/3880 3867/3818/3742 849/942/927
f 3869/953/938 855/952/937 3867/3818/3742
f 3869/953/938 3870/3958/3882 856/1032/1017
f 856/1032/1017 2647/2896/2854 857/1031/1016
f 3870/3958/3882 2646/2961/2919 856/1032/1017
f 856/1032/1017 2646/2961/2919 2647/2896/2854
f 3866/2903/2861 849/942/927 847/941/926
f 3866/2903/2861 847/941/926 2653/2904/2862
f 846/3745/3669 2653/2904/2862 847/941/926
f 3867/3818/3742 850/3956/3880 3868/3957/3881
f 2654/2922/2880 2653/2904/2862 846/3745/3669
f 852/978/963 851/979/964 853/955/940
f 853/955/940 851/979/964 854/954/939
f 854/954/939 851/979/964 855/952/937
f 853/955/940 854/954/939 928/956/941
f 3519/1565/1550 3518/3688/3612 1887/2159/2126
f 3519/1565/1550 1887/2159/2126 1886/2157/2124
f 3519/1565/1550 1886/2157/2124 1404/1568/1553
f 3627/1675/1660 3874/3768/3692 3871/3959/3883
f 3627/1675/1660 3871/3959/3883 1394/1561/1546
f 3871/3959/3883 3629/3767/3691 1393/1562/1547
f 3871/3959/3883 1393/1562/1547 1394/1561/1546
f 1395/2299/2266 3627/1675/1660 1394/1561/1546
f 3872/1673/1658 1396/2310/2277 1397/1681/1666
f 3827/1676/1661 1397/1681/1666 1478/1677/1662
f 3827/1676/1661 3872/1673/1658 1397/1681/1666
f 1500/1679/1664 1478/1677/1662 1477/1680/1665
f 1396/2310/2277 3872/1673/1658 1395/2299/2266
f 3704/3839/3763 3873/3840/3764 2034/2279/2246
f 2034/2279/2246 3873/3840/3764 3706/2276/2243
f 3706/2276/2243 3707/3960/3884 2033/3941/3865
f 2035/2216/2183 1984/2219/2186 1983/2217/2184
f 3844/2220/2187 1984/2219/2186 3845/3942/3866
f 3784/3916/3840 3773/3896/3820 3790/3917/3841
f 3790/3917/3841 3773/3896/3820 3772/3919/3843
f 3791/3918/3842 3772/3919/3843 3839/3933/3857
f 3773/3896/3820 3784/3916/3840 3774/3897/3821
f 1893/2119/2086 3788/2154/2121 3829/3911/3835
f 3829/3911/3835 3793/3910/3834 3792/3915/3839
f 3629/3767/3691 3871/3959/3883 3874/3768/3692
f 1393/1562/1547 3629/3767/3691 1391/2267/2234
f 1305/1471/1456 705/1533/1518 704/1532/1517
f 1305/1471/1456 704/1532/1517 703/1460/1445
f 3880/1543/1528 705/1533/1518 1305/1471/1456
f 3880/1543/1528 1305/1471/1456 706/1457/1442
f 3753/3881/3805 3755/2113/2080 1925/2116/2083
f 3753/3881/3805 1928/2161/2128 3755/2113/2080
f 3746/3874/3798 3744/3872/3796 3743/3871/3795
f 3743/3871/3795 3744/3872/3796 713/1351/1336
f 3850/3936/3860 3851/3952/3876 3852/3961/3885
f 3830/1617/1602 3850/3936/3860 3852/3961/3885
f 1477/1680/1665 1398/1682/1667 1878/1657/1642
f 3511/3669/3593 3514/3686/3610 3512/3683/3607
f 3512/3683/3607 3514/3686/3610 3513/2208/2175
f 3513/2208/2175 3514/3686/3610 3515/3684/3608
f 1973/2209/2176 3513/2208/2175 3516/3685/3609
f 1973/2209/2176 3516/3685/3609 3510/3679/3603
f 1970/3681/3605 3510/3679/3603 3518/3688/3612
f 3518/3688/3612 3510/3679/3603 3517/3687/3611
f 3510/3679/3603 3516/3685/3609 3517/3687/3611
f 3514/3686/3610 3511/3669/3593 3504/3668/3592
f 1984/2219/2186 3840/3940/3864 3845/3942/3866
f 3845/3942/3866 3840/3940/3864 3841/3939/3863
f 3841/3939/3863 2030/2281/2248 2029/3962/3886
f 2029/3962/3886 2030/2281/2248 2028/2280/2247
f 3841/3939/3863 2029/3962/3886 3876/3963/3887
f 3841/3939/3863 2031/2273/2240 2030/2281/2248
f 3842/2277/2244 2031/2273/2240 3841/3939/3863
f 2013/1524/1509 2007/2252/2219 2008/3865/3789
f 3878/1337/1322 1204/1349/1334 1193/1338/1323
f 1193/1338/1323 1204/1349/1334 3914/787/772
f 1193/1338/1323 3914/787/772 1192/1435/1420
f 1191/1336/1321 3877/783/768 1190/780/765
f 1400/2104/2071 1877/1656/1641 1878/1657/1642
f 3519/1565/1550 1402/1564/1549 1970/3681/3605
f 1403/1566/1551 3519/1565/1550 1404/1568/1553
f 3706/2276/2243 3699/3833/3757 3707/3960/3884
f 2049/2304/2271 3707/3960/3884 2050/2308/2275
f 3875/3852/3776 1970/3681/3605 1402/1564/1549
f 1971/2205/2172 3879/3849/3773 3712/2206/2173
f 1971/2205/2172 1970/3681/3605 3879/3849/3773
f 3879/3849/3773 1970/3681/3605 3875/3852/3776
f 3879/3849/3773 3875/3852/3776 3713/3850/3774
f 3690/3825/3749 3712/2206/2173 3879/3849/3773
f 3688/3844/3768 3710/3847/3771 1972/3680/3604
f 3688/3844/3768 1972/3680/3604 3689/3828/3752
f 3689/3828/3752 1972/3680/3604 3711/3824/3748
f 3712/2206/2173 3711/3824/3748 1972/3680/3604
f 3714/2105/2072 3713/3850/3774 3875/3852/3776
f 3772/3919/3843 3785/3912/3836 3790/3917/3841
f 3696/3830/3754 2050/2308/2275 3697/3831/3755
f 2050/2308/2275 3707/3960/3884 3699/3833/3757
f 2050/2308/2275 3699/3833/3757 3697/3831/3755
f 3855/3946/3870 3863/3964/3888 3862/3953/3877
f 1377/1530/1515 3880/1543/1528 3881/1528/1513
f 1368/1529/1514 3881/1528/1513 1369/3965/3889
f 3880/1543/1528 1376/1531/1516 705/1533/1518
f 1398/1682/1667 1399/3966/3890 1878/1657/1642
f 1878/1657/1642 1399/3966/3890 1400/2104/2071
f 3862/3953/3877 3850/3936/3860 3853/3944/3868
f 3866/2903/2861 2651/2955/2913 850/3956/3880
f 3717/3855/3779 3685/3853/3777 3709/3843/3767
f 3717/3855/3779 3709/3843/3767 3718/3846/3770
f 3685/3853/3777 3686/3848/3772 3709/3843/3767
f 3689/3828/3752 3709/3843/3767 3687/3845/3769
f 3687/3845/3769 3709/3843/3767 3686/3848/3772
f 3851/3952/3876 3862/3953/3877 3863/3964/3888
f 3852/3961/3885 3858/3967/3891 3859/3949/3873
f 3858/3967/3891 3855/3946/3870 3857/3948/3872
f 3855/3946/3870 3858/3967/3891 3863/3964/3888
f 2652/2902/2860 2651/2955/2913 3866/2903/2861
f 3869/953/938 3868/3957/3881 3870/3958/3882
f 3882/3968/3892 1397/1681/1666 1396/2310/2277
f 3852/3961/3885 3864/3954/3878 3830/1617/1602
f 3852/3961/3885 3859/3949/3873 3864/3954/3878
f 3864/3954/3878 3859/3949/3873 3861/3951/3875
f 3852/3961/3885 3863/3964/3888 3858/3967/3891
f 3852/3961/3885 3851/3952/3876 3863/3964/3888
f 3845/3942/3866 3876/3963/3887 3846/2240/2207
f 3883/3969/3893 2028/2280/2247 3885/3970/3894
f 3885/3970/3894 2028/2280/2247 2027/2282/2249
f 3885/3970/3894 2027/2282/2249 3884/3971/3895
f 3888/2231/2198 3887/3972/3896 3895/3973/3897
f 3909/3974/3898 3894/3975/3899 3889/3976/3900
f 3893/3977/3901 3892/3978/3902 2023/2294/2261
f 2023/2294/2261 3892/3978/3902 2024/2270/2237
f 3895/3973/3897 3894/3975/3899 3909/3974/3898
f 3896/3979/3903 3884/3971/3895 2025/2271/2238
f 3884/3971/3895 2027/2282/2249 2025/2271/2238
f 3885/3970/3894 3884/3971/3895 3886/3980/3904
f 3886/3980/3904 3884/3971/3895 3887/3972/3896
f 3896/3979/3903 2025/2271/2238 2024/2270/2237
f 2024/2270/2237 3894/3975/3899 3896/3979/3903
f 3891/3981/3905 3890/3982/3906 3894/3975/3899
f 3894/3975/3899 2024/2270/2237 3891/3981/3905
f 3891/3981/3905 2024/2270/2237 3892/3978/3902
f 3894/3975/3899 3890/3982/3906 3889/3976/3900
f 2028/2280/2247 3883/3969/3893 2029/3962/3886
f 3841/3939/3863 3876/3963/3887 3845/3942/3866
f 3846/2240/2207 3876/3963/3887 3847/2236/2203
f 1997/2234/2201 1998/2237/2204 3898/2235/2202
f 3898/2235/2202 1998/2237/2204 3897/3983/3907
f 3885/3970/3894 3897/3983/3907 3883/3969/3893
f 3897/3983/3907 3885/3970/3894 3886/3980/3904
f 3897/3983/3907 3886/3980/3904 3898/2235/2202
f 3886/3980/3904 3887/3972/3896 3898/2235/2202
f 3898/2235/2202 3887/3972/3896 1996/2233/2200
f 3909/3974/3898 3899/2230/2197 3895/3973/3897
f 1996/2233/2200 3887/3972/3896 3888/2231/2198
f 3899/2230/2197 3888/2231/2198 3895/3973/3897
f 1995/3984/3908 3899/2230/2197 3922/3985/3909
f 3900/3986/3910 3922/3985/3909 3908/3987/3911
f 3901/3988/3912 3902/3989/3913 3903/3990/3914
f 3854/3945/3869 3856/3947/3871 3855/3946/3870
f 3856/3947/3871 2006/2250/2217 2005/2249/2216
f 3921/3991/3915 2004/2248/2215 3904/2247/2214
f 1993/2228/2195 3905/2245/2212 2003/2244/2211
f 1993/2228/2195 1368/1529/1514 1369/3965/3889
f 2004/2248/2215 1365/2246/2213 3904/2247/2214
f 3856/3947/3871 3854/3945/3869 3835/2251/2218
f 3903/3990/3914 3857/3948/3872 2004/2248/2215
f 2004/2248/2215 3857/3948/3872 2005/2249/2216
f 3857/3948/3872 3856/3947/3871 2005/2249/2216
f 3857/3948/3872 3910/3992/3916 3858/3967/3891
f 3891/3981/3905 3906/3993/3917 3890/3982/3906
f 3890/3982/3906 3906/3993/3917 3907/3994/3918
f 3901/3988/3912 3907/3994/3918 3902/3989/3913
f 3907/3994/3918 3901/3988/3912 3890/3982/3906
f 3889/3976/3900 3908/3987/3911 3909/3974/3898
f 3890/3982/3906 3901/3988/3912 3889/3976/3900
f 3889/3976/3900 3901/3988/3912 3900/3986/3910
f 3889/3976/3900 3900/3986/3910 3908/3987/3911
f 3907/3994/3918 3859/3949/3873 3910/3992/3916
f 3902/3989/3913 3907/3994/3918 3910/3992/3916
f 3903/3990/3914 3910/3992/3916 3857/3948/3872
f 3903/3990/3914 3902/3989/3913 3910/3992/3916
f 3858/3967/3891 3910/3992/3916 3859/3949/3873
f 3861/3951/3875 3860/3950/3874 3911/3995/3919
f 3861/3951/3875 3832/3934/3858 3831/3935/3859
f 3911/3995/3919 3832/3934/3858 3861/3951/3875
f 1994/2229/2196 1995/3984/3908 3912/2227/2194
f 1995/3984/3908 3922/3985/3909 3912/2227/2194
f 3876/3963/3887 2029/3962/3886 3847/2236/2203
f 3897/3983/3907 1998/2237/2204 3847/2236/2203
f 3847/2236/2203 2029/3962/3886 3883/3969/3893
f 3847/2236/2203 3883/3969/3893 3897/3983/3907
f 2651/2955/2913 2704/2900/2858 2650/2898/2856
f 850/3956/3880 2651/2955/2913 2650/2898/2856
f 850/3956/3880 2650/2898/2856 3870/3958/3882
f 850/3956/3880 3870/3958/3882 3868/3957/3881
f 3870/3958/3882 2650/2898/2856 2649/2897/2855
f 2649/2897/2855 2646/2961/2919 3870/3958/3882
f 3913/3996/3920 1399/3966/3890 1398/1682/1667
f 3913/3996/3920 1398/1682/1667 1397/1681/1666
f 3913/3996/3920 1397/1681/1666 3882/3968/3892
f 1396/2310/2277 3692/3826/3750 3882/3968/3892
f 1399/3966/3890 3913/3996/3920 3691/3851/3775
f 1400/2104/2071 1399/3966/3890 3714/2105/2072
f 3714/2105/2072 1399/3966/3890 3691/3851/3775
f 3882/3968/3892 3692/3826/3750 3913/3996/3920
f 2033/3941/3865 3707/3960/3884 2049/2304/2271
f 2048/2306/2273 2033/3941/3865 2049/2304/2271
f 2033/3941/3865 2048/2306/2273 2047/2275/2242
f 712/3875/3799 3914/787/772 1204/1349/1334
f 1192/1435/1420 3914/787/772 3915/786/771
f 710/782/767 1988/3997/3921 1989/781/766
f 1190/780/765 3877/783/768 710/782/767
f 710/782/767 1989/781/766 1190/780/765
f 709/779/764 1989/781/766 3916/2223/2190
f 712/3875/3799 3745/3873/3797 1986/2243/2210
f 712/3875/3799 1986/2243/2210 711/785/770
f 711/785/770 3914/787/772 712/3875/3799
f 1986/2243/2210 3920/3998/3922 711/785/770
f 711/785/770 3920/3998/3922 1987/784/769
f 710/782/767 1987/784/769 1988/3997/3921
f 3881/1528/1513 706/1457/1442 3917/776/761
f 709/779/764 3916/2223/2190 708/778/763
f 707/777/762 3917/776/761 706/1457/1442
f 3881/1528/1513 3917/776/761 1992/2226/2193
f 3881/1528/1513 1992/2226/2193 1369/3965/3889
f 3917/776/761 708/778/763 1992/2226/2193
f 706/1457/1442 3881/1528/1513 3880/1543/1528
f 2062/2311/2278 1392/2266/2233 2054/2298/2265
f 2017/2268/2235 3832/3934/3858 3911/3995/3919
f 3860/3950/3874 3859/3949/3873 3907/3994/3918
f 3690/3825/3749 3691/3851/3775 3692/3826/3750
f 3692/3826/3750 3691/3851/3775 3913/3996/3920
f 2063/2264/2231 2020/2263/2230 2064/2295/2262
f 2002/2242/2209 3848/2222/2189 2001/2241/2208
f 2002/2242/2209 2001/2241/2208 2000/2239/2206
f 2002/2242/2209 3920/3998/3922 1986/2243/2210
f 1999/2238/2205 1998/2237/2204 1997/2234/2201
f 1988/3997/3921 1997/2234/2201 3919/3999/3923
f 3916/2223/2190 3919/3999/3923 3918/2232/2199
f 1990/2224/2191 3918/2232/2199 1994/2229/2196
f 1990/2224/2191 1994/2229/2196 1992/2226/2193
f 3918/2232/2199 1990/2224/2191 3916/2223/2190
f 3916/2223/2190 1989/781/766 3919/3999/3923
f 1997/2234/2201 1988/3997/3921 1999/2238/2205
f 1999/2238/2205 3920/3998/3922 2000/2239/2206
f 1989/781/766 1988/3997/3921 3919/3999/3923
f 1997/2234/2201 1996/2233/2200 3919/3999/3923
f 3918/2232/2199 3888/2231/2198 1994/2229/2196
f 3919/3999/3923 1996/2233/2200 3918/2232/2199
f 3903/3990/3914 2004/2248/2215 3921/3991/3915
f 1191/1336/1321 3915/786/771 3877/783/768
f 2047/2275/2242 2048/2306/2273 2053/2287/2254
f 2047/2275/2242 2053/2287/2254 2046/2284/2251
f 2064/2295/2262 2018/2262/2229 2022/2296/2263
f 2018/2262/2229 2064/2295/2262 2020/2263/2230
f 2018/2262/2229 2017/2268/2235 2022/2296/2263
f 2022/2296/2263 2017/2268/2235 3911/3995/3919
f 3891/3981/3905 3892/3978/3902 3906/3993/3917
f 2022/2296/2263 3911/3995/3919 3893/3977/3901
f 3893/3977/3901 3911/3995/3919 3892/3978/3902
f 2023/2294/2261 2022/2296/2263 3893/3977/3901
f 3906/3993/3917 3892/3978/3902 3860/3950/3874
f 3860/3950/3874 3892/3978/3902 3911/3995/3919
f 3921/3991/3915 3912/2227/2194 3922/3985/3909
f 3922/3985/3909 3901/3988/3912 3903/3990/3914
f 3901/3988/3912 3922/3985/3909 3900/3986/3910
f 3922/3985/3909 3903/3990/3914 3921/3991/3915
f 3921/3991/3915 3904/2247/2214 3912/2227/2194
f 1993/2228/2195 1369/3965/3889 1992/2226/2193
f 3899/2230/2197 1995/3984/3908 1994/2229/2196
f 3695/3827/3751 3711/3824/3748 3693/3823/3747
f 3912/2227/2194 3904/2247/2214 3905/2245/2212
f 3895/3973/3897 3884/3971/3895 3896/3979/3903
f 3895/3973/3897 3896/3979/3903 3894/3975/3899
f 3895/3973/3897 3887/3972/3896 3884/3971/3895
f 2002/2242/2209 2000/2239/2206 3920/3998/3922
f 3905/2245/2212 1993/2228/2195 3912/2227/2194
f 708/778/763 3916/2223/2190 1991/2225/2192
f 1991/2225/2192 1992/2226/2193 708/778/763
f 1999/2238/2205 1987/784/769 3920/3998/3922
f 1999/2238/2205 1988/3997/3921 1987/784/769
f 3908/3987/3911 3899/2230/2197 3909/3974/3898
f 3899/2230/2197 3908/3987/3911 3922/3985/3909
f 2398/2662/2623 335/2664/2625 2396/2660/2621
f 335/2664/2625 2401/2677/2636 2396/2660/2621
f 2397/2678/2637 2396/2660/2621 2401/2677/2636
f 486/559/544 484/555/540 341/391/376
f 2495/2759/2718 2524/2780/2739 1699/1891/1873
f 2928/1254/1239 2932/3142/3094 1121/1255/1240
f 2936/3227/3168 1121/1255/1240 2932/3142/3094
f 3090/569/554 3334/1912/1891 501/570/555
f 509/576/561 3334/1912/1891 1720/1909/1888
f 3923/1268/1253 3407/3475/3406 3408/3570/3497
f 3300/3464/3398 3408/3570/3497 3285/3452/3391
f 3287/1267/1252 3297/4000/3403 3288/3453/3266
f 3288/3453/3266 3154/3334/3274 1125/1257/1242
f 3287/1267/1252 3923/1268/1253 3297/4000/3403
f 3300/3464/3398 3297/4000/3403 3408/3570/3497
f 3297/3472/3403 3301/3469/3400 3298/3327/3267
f 3297/4000/3403 3923/1268/1253 3408/3570/3497
f 3297/4001/3403 3298/3327/3267 3288/3326/3266
f 1915/2145/2112 1918/1324/1309 1916/1325/1310
f 1184/1326/1311 1916/1325/1310 1181/1322/1307
f 1181/1322/1307 1916/1325/1310 1182/1323/1308
f 1946/2181/2148 3405/3567/3495 3487/3569/3496
f 1884/2109/2076 1876/2102/2069 1883/2107/2074
f 3586/2101/2068 3585/2093/2060 1879/2098/2065
f 1405/1569/1554 1406/1570/1555 1873/1572/1557
f 3593/1567/1552 1405/1569/1554 1873/1572/1557
f 1882/2100/2067 3586/2101/2068 1879/2098/2065
f 143/159/158 108/173/172 109/119/118
f 157/175/174 155/176/175 2903/177/176
f 30/38/38 9/5/5 8/4/4
f 245/79/78 246/288/277 248/292/281
f 12/9/9 241/75/74 265/283/272
f 280/200/196 279/319/306 297/201/197
f 273/279/268 231/278/267 278/318/305
f 17/15/15 262/308/297 233/276/265
f 434/486/471 432/485/470 453/509/494
f 501/570/555 508/577/562 502/3282/3223
f 602/632/617 600/629/614 601/646/631
f 2447/2723/2682 610/623/608 611/679/664
f 820/917/902 816/901/886 818/908/893
f 803/891/876 930/1033/1018 802/890/875
f 966/1070/1055 950/1048/1033 970/1068/1053
f 981/1162/1147 982/1175/1160 1036/1163/1148
f 1131/1256/1241 3287/1267/1252 1125/1257/1242
f 1287/1456/1441 1286/1455/1440 1289/1439/1424
f 1312/1468/1453 1319/1461/1446 1307/1463/1448
f 1323/693/678 3231/692/677 630/699/684
f 1596/1779/1761 1595/1778/1760 1668/1847/1829
f 1802/2018/1990 1795/1999/1971 1801/1998/1970
f 1396/2310/2277 1395/2299/2266 2057/2300/2267
f 2167/2393/2360 2139/2413/2380 2166/2414/2381
f 2167/2393/2360 2166/2414/2381 2138/2412/2379
f 2277/2450/2417 2279/2536/2501 2203/2451/2418
f 466/526/511 467/528/513 2295/523/508
f 2333/2565/2530 535/602/587 2329/2590/2553
f 467/528/513 2321/527/512 468/529/514
f 582/647/632 583/649/634 2453/676/661
f 2691/2931/2889 2636/2889/2847 2683/3647/3571
f 2697/2948/2906 3188/2946/2904 2699/2929/2887
f 2498/448/433 392/420/405 2500/2762/2721
f 335/2664/2625 333/383/368 334/3026/2982
f 2790/1885/1867 1703/1890/1872 1512/1700/1682
f 2784/2558/2523 2802/2555/2520 2613/2866/2825
f 1632/1748/1730 1672/3041/2996 2799/3037/2992
f 2519/740/725 647/3083/3038 648/741/726
f 159/189/187 160/188/186 76/186/184
f 649/747/732 2883/716/701 2884/715/700
f 2730/2998/2954 2916/3132/3084 2729/2992/2948
f 524/2022/1994 525/2021/1993 1814/2030/2002
f 2828/3075/3030 2824/3064/3019 1119/3066/3021
f 1510/1696/1678 2937/1695/1677 2934/3148/3100
f 2936/3227/3168 2935/3230/3171 3034/3228/3169
f 2764/3014/2970 2765/3022/2978 2768/3023/2979
f 565/674/659 3041/3238/3179 3044/3239/3180
f 2949/2971/2927 2227/2506/2473 2262/2508/2475
f 2732/2994/2950 2736/2997/2953 2723/2982/2938
f 3037/3234/3175 3038/3243/3184 3036/1870/1852
f 1686/1873/1855 3096/1858/1840 1675/1855/1837
f 2832/1251/1236 1117/1250/1235 2830/1249/1234
f 3120/764/749 3121/1134/1119 687/765/750
f 3187/3363/3302 2697/2948/2906 2698/2947/2905
f 3143/3322/3262 1152/1290/1275 3144/3324/3264
f 628/763/748 687/765/750 3256/3401/3340
f 3107/3302/3242 3118/881/866 796/884/869
f 2590/2846/2805 2588/2842/2801 3220/2841/2800
f 3286/3449/3388 3295/3447/3386 3290/4002/3393
f 3314/831/816 3062/3256/3197 742/830/815
f 1737/1931/1908 1738/1933/1910 3323/3484/3415
f 1122/3419/3358 3310/3477/3408 3311/3476/3407
f 1776/1637/1622 2976/1975/1947 1773/3180/3130
f 798/1022/1007 3336/3487/3418 800/887/872
f 1282/3502/3430 3356/3506/3434 1281/1429/1414
f 3343/3501/3429 3353/3515/3443 1282/3502/3430
f 3374/3533/3461 699/1473/1458 1372/1538/1523
f 3312/3451/3390 3407/3475/3406 3311/3476/3407
f 822/909/894 3410/829/814 821/918/903
f 3417/3579/3503 3448/3580/3504 3418/3581/3505
f 806/871/856 838/930/915 805/893/878
f 3454/1329/1314 1178/3617/3541 1177/3583/3507
f 693/1477/1462 3252/3415/3354 692/1111/1096
f 3360/3519/3447 3476/3643/3567 3361/3520/3448
f 3412/2201/2168 3288/3326/3266 1966/2200/2167
f 3449/3622/3546 3453/3621/3545 3420/3616/3540
f 3470/3634/3558 3570/3636/3560 3571/3735/3659
f 3592/3712/3636 3543/3709/3633 3558/3725/3649
f 1267/1416/1401 1208/1357/1342 1206/1355/1340
f 3626/1603/1588 3624/3763/3687 3623/3762/3686
f 3651/3793/3717 723/3789/3713 3650/3791/3715
f 3657/3797/3721 732/3799/3723 3662/812/797
f 3728/3859/3783 3724/3861/3785 2010/2253/2220
f 3725/3862/3786 2014/2258/2225 3724/3861/3785
f 3736/1409/1394 720/797/782 719/1410/1395
f 3770/3895/3819 3768/3721/3645 3553/3720/3644
f 1297/1449/1434 1299/3716/3640 3548/1450/1435
f 3793/3910/3834 3787/3908/3832 3794/3913/3837
f 3795/3759/3683 3789/3909/3833 3796/3758/3682
f 718/796/781 720/797/782 721/799/784
f 3610/3751/3675 3815/3920/3844 2701/2949/2907
f 3831/3935/3859 3830/1617/1602 3864/3954/3878
f 3627/1675/1660 1395/2299/2266 3872/1673/1658
f 3509/2207/2174 3712/2206/2173 1972/3680/3604
f 3906/3993/3917 3860/3950/3874 3907/3994/3918
